Workbook

Sheet IndiceC
A1: INDICE DE CUADROS
A3: =+EstMuestra!A1 -> CUADRO 1: CARACTERIZACION DE LA POBLACION Y LA MUESTRA
A4: =+Error!A1 -> CUADRO 2: NIVELES DE ERROR DE LAS ESTIMACIONES
A5: =+RatxHoraxLD!A1 -> CUADRO 3: RESUMEN DE RATING POR HORA | AM | LUNES A DOMINGO
A6: =+RatxHoraxLD!A34 -> CUADRO 4: RESUMEN DE RATING POR HORA | FM | LUNES A DOMINGO
A7: =+RatxHoraxLV!A1 -> CUADRO 5: RESUMEN DE RATING POR HORA | AM | LUNES A VIERNES
A8: =+RatxHoraxLV!A34 -> CUADRO 6: RESUMEN DE RATING POR HORA | FM | LUNES A VIERNES
A9: =+RatxHoraxSD!A1 -> CUADRO 7: RESUMEN DE RATING POR HORA | AM | SABADO A DOMINGO
A10: =+RatxHoraxSD!A34 -> CUADRO 8: RESUMEN DE RATING POR HORA | FM | SABADO A DOMINGO
A11: =+RatxLDxABC1!A1 -> CUADRO 9: RESUMEN DE RATING POR HORA - SEGMENTO ABC1 | AM | LUNES A DOMINGO
A12: =+RatxLDxABC1!A34 -> CUADRO 10: RESUMEN DE RATING POR HORA - SEGMENTO ABC1 | FM | LUNES A DOMINGO
A13: =+RatxLDxC2C3D1!A1 -> CUADRO 11: RESUMEN DE RATING POR HORA - SEGMENTO C2C3D1 | AM | LUNES A DOMINGO
A14: =+RatxLDxC2C3D1!A34 -> CUADRO 12: RESUMEN DE RATING POR HORA - SEGMENTO C2C3D1 | FM | LUNES A DOMINGO
A15: =+RatxLDxD2E!A1 -> CUADRO 13: RESUMEN DE RATING POR HORA - SEGMENTO D2E | AM | LUNES A DOMINGO
A16: =+RatxLDxD2E!A34 -> CUADRO 14: RESUMEN DE RATING POR HORA - SEGMENTO D2E | FM | LUNES A DOMINGO
A17: =+RatxNSE!A1 -> CUADROS 15 - 17: RESUMEN DE RATING POR NIVEL SOCIOECONÓMICO | AM
A18: =+RatxNSE!A34 -> CUADROS 18 - 20: RESUMEN DE RATING POR NIVEL SOCIOECONÓMICO | FM
A19: =+RatxEdad!A1 -> CUADROS 21 - 23: RESUMEN DE RATING POR EDAD | AM
A20: =+RatxEdad!A34 -> CUADROS 24 - 26: RESUMEN DE RATING POR EDAD | FM
A21: =+RatxSexo!A1 -> CUADROS 27 - 28: RESUMEN DE RATING POR SEXO | AM - FM
A22: =+RatxLugar!A1 -> CUADRO 29: RESUMEN DE RATING POR LUGAR DE ESCUCHA
A23: =+Cobertura!A1 -> CUADRO 30: COBERTURA SEMANAL POR NIVEL SOCIOECONÓMICO, EDAD Y SEXO | AM | LUNES A DOMINGO
A24: =+Cobertura!A34 -> CUADRO 31: COBERTURA SEMANAL POR NIVEL SOCIOECONÓMICO, EDAD Y SEXO | FM | LUNES A DOMINGO
A25: =+ShaxHoraxLD!A1 -> CUADRO 32: RESUMEN DE SHARE POR HORA | AM | LUNES A DOMINGO
A26: =+ShaxHoraxLD!A34 -> CUADRO 33: RESUMEN DE SHARE POR HORA | FM | LUNES A DOMINGO
A27: =+SharexHoraxLV!A1 -> CUADRO 34: RESUMEN DE SHARE POR HORA | AM | LUNES A VIERNES
A28: =+SharexHoraxLV!A33 -> CUADRO 35: RESUMEN DE SHARE POR HORA | FM | LUNES A VIERNES
A29: =+SharexHoraxSD!A1 -> CUADRO 36: RESUMEN DE SHARE POR HORA | AM | SABADO A DOMINGO
A30: =+SharexHoraxSD!A33 -> CUADRO 37: RESUMEN DE SHARE POR HORA | FM | SABADO A DOMINGO
A31: =+AudienciaxLD!A1 -> CUADRO 38: RESUMEN DE AUDIENCIA POR HORA | AM | LUNES A DOMINGO
A32: =+AudienciaxLD!A34 -> CUADRO 39: RESUMEN DE AUDIENCIA POR HORA | FM | LUNES A DOMINGO
A33: =+AudienciaxLV!A1 -> CUADRO 40: RESUMEN DE AUDIENCIA POR HORA | AM | LUNES A VIERNES
A34: =+AudienciaxLV!A34 -> CUADRO 41: RESUMEN DE AUDIENCIA POR HORA | FM | LUNES A VIERNES
A35: =+AudienciaxSD!A1 -> CUADRO 42: RESUMEN DE AUDIENCIA POR HORA | AM | SABADO A DOMINGO
A36: =+AudienciaxSD!A34 -> CUADRO 43: RESUMEN DE AUDIENCIA POR HORA | FM | SABADO A DOMINGO
A37: =+Perfil!A1 -> CUADRO 44: PERFIL DE AUDIENCIA POR NIVEL SOCIOECONOMICO, EDAD Y SEXO | AM - FM | LUNES A DOMINGO
A38: =+Perfil!A35 -> CUADRO 45: PERFIL DE AUDIENCIA POR NIVEL SOCIOECONOMICO, EDAD Y SEXO | AM - FM | LUNES A VIERNES
A39: =+Perfil!A69 -> CUADRO 46: PERFIL DE AUDIENCIA POR NIVEL SOCIOECONOMICO, EDAD Y SEXO | AM - FM | SABADO A DOMINGO
A40: =+RatxAMxRxD!A1 -> CUADRO 47: RESUMEN DE RATING POR HORA SEGUN RADIO Y DIA | AM
A41: =+RatxAMxRxD!A78 -> CUADRO 48: RESUMEN DE RATING POR HORA SEGUN RADIO Y DIA | AM (CONTINUACION)
A42: =+RatxAMxRxD!A155 -> CUADRO 49: RESUMEN DE RATING POR HORA SEGUN RADIO Y DIA | AM (CONTINUACION)
A43: =+RatxAMxRxD!A224 -> CUADRO 50: RESUMEN DE RATING POR HORA SEGUN RADIO Y DIA | AM (CONTINUACION)
A44: =+RatxFMxRxD!A1 -> CUADRO 51: RESUMEN DE RATING POR HORA SEGUN RADIO Y DIA | FM
A45: =+RatxFMxRxD!A78 -> CUADRO 52: RESUMEN DE RATING POR HORA SEGUN RADIO Y DIA | FM (CONTINUACION)
A46: =+RatxFMxRxD!A155 -> CUADRO 53: RESUMEN DE RATING POR HORA SEGUN RADIO Y DIA | FM (CONTINUACION)

Sheet InidiceG
A1: INDICE DE GRAFICOS
A3: =+GraxRAM!A1 -> PANEL 1: RESUMEN DE RATING Y COBERTURA | AM
A4: =+GraxRAMxNSE!A1 -> PANEL 2: RESUMEN DE RATING POR NSE | AM | LUNES A DOMINGO | 00:00 - 24:00
A5: =+GraxRFM!A1 -> PANEL 3: RESUMEN DE RATING Y COBERTURA | FM
A6: =+GraxRFMxNSE!A1 -> PANEL 4: RESUMEN DE RATING POR NSE | FM | LUNES A DOMINGO | 00:00 - 24:00
A7: =+EncxLug!A1 -> PANEL 5: RESUMEN DE ENCENDIDO POR LUGAR DE ESCUCHA
A8: =+CrvEncAMxLD!$A$1 -> CURVAS DE ENCENDIDO | AM | LUNES A DOMINGO
A9: =+CrvEncAMxLV!$A$1 -> CURVAS DE ENCENDIDO | AM | LUNES A VIERNES
A10: =+CrvEncAMxSD!A1 -> CURVAS DE ENCENDIDO | AM | SABADO A DOMINGO
A11: =+CrvEncFMxLD!A1 -> CURVAS DE ENCENDIDO | FM | LUNES A DOMINGO
A12: =+CrvEncFMxLV!A1 -> CURVAS DE ENCENDIDO | FM | LUNES A VIERNES
A13: =+CrvEncFMxSD!A1 -> CURVAS DE ENCENDIDO | FM | SABADO A DOMINGO

Sheet EstMuestra
A1: CUADRO 1: CARACTERIZACION DE LA POBLACION Y LA MUESTRA
A3: DIMENSION | B3: POBLACION | D3: MUESTRA
B4: TOTAL | C4: % | D4: TOTAL | E4: % | F4: PANEL | G4: % | H4: ROTATIVA | I4: %
A5: ZONA | B5: 1311422 | C5: 100.04377 | D5: 2503 | E5: 100 | F5: 1239 | G5: 100 | H5: 1264 | I5: 100
A6: Montevideo | B6: 1099709 | C6: 83.9 | D6: 2170 | E6: 86.695965 | F6: 1054 | G6: 85.068604 | H6: 1116 | I6: 88.291139
A7: Estrato 1 | B7: 189149.95 | C7: 17.2 | D7: 447 | E7: 17.85857 | F7: 182 | G7: 14.689266 | H7: 265 | I7: 20.96519
A8: Estrato 2 | B8: 199047.33 | C8: 18.1 | D8: 468 | E8: 18.697563 | F8: 253 | G8: 20.419693 | H8: 215 | I8: 17.009494
A9: Estrato 3 | B9: 236437.43 | C9: 21.5 | D9: 604 | E9: 24.131043 | F9: 290 | G9: 23.405973 | H9: 314 | I9: 24.841772
A10: Estrato 4 | B10: 197947.62 | C10: 18 | D10: 438 | E10: 17.499001 | F10: 218 | G10: 17.594835 | H10: 220 | I10: 17.405063
A11: Estrato 5 | B11: 100073.52 | C11: 9.1 | D11: 213 | E11: 8.5097883 | F11: 111 | G11: 8.9588378 | H11: 102 | I11: 8.0696203
A12: A. Metropolitana | B12: 211713 | C12: 16.143774 | D12: 333 | E12: 13.304035 | F12: 185 | G12: 14.931396 | H12: 148 | I12: 11.708861
A13: C. Costa | B13: 92561 | C13: 7.0580637 | D13: 156 | E13: 6.232521 | F13: 61 | G13: 4.9233253 | H13: 95 | I13: 7.5158228
A14: Las Piedras | B14: 56773 | C14: 4.3291176 | D14: 82 | E14: 3.2760687 | F14: 65 | G14: 5.2461663 | H14: 17 | I14: 1.3449367
A15: C. Plata | B15: 24292 | C15: 1.8523404 | D15: 38 | E15: 1.5181782 | F15: 20 | G15: 1.614205 | H15: 18 | I15: 1.4240506
A16: Pando | B16: 21240 | C16: 1.619616 | D16: 31 | E16: 1.2385138 | F16: 17 | G16: 1.3720743 | H16: 14 | I16: 1.1075949
... A35: B- | B35: 70126.98 | C35: 5.3474 | D35: 198 | E35: 7.9105074 | F35: 96 | G35: 7.748184 | H35: 102 | I35: 8.0696203

Sheet Error
A1: CUADRO 2: NIVELES DE ERROR DE LAS ESTIMACIONES
A2: 95 % DE CONFIANZA
A4: DISEÑO* | B4: MUESTRA | G4: RATING DIARIO
B5: TOTAL | C5: DIARIA | D5: ROTATIVA | E5: PANEL | F5: COEF. CORREL.
G6: 0.005 | H6: 0.01 | I6: 0.02 | J6: 0.03 | K6: 0.05 | L6: 0.1 | M6: 0.15 | N6: 0.2
A7: ANTERIOR TRANSV. | B7: 2503 | C7: 357.57143 | D7: 357.57143 | E7: 0 | F7: 0.89 | G7: 0.0073109062 | H7: 0.010313172 | I7: 0.014511179 | J7: 0.017681584 | K7: 0.022590273 | L7: 0.031095384 | M7: 0.03701091 | N7: 0.041460512
A8: ACTUAL DE PANEL | B8: 2503 | C8: 1419.5714 | D8: 180.57143 | E8: 1239 | F8: 0.887 | G8: 0.0035031477 | H8: 0.0049417355 | I8: 0.0069532835 | J8: 0.008472438 | K8: 0.010824522 | L8: 0.014899893 | M8: 0.01773442 | N8: 0.019866524
A9: Notas: * Se muestran los niveles de error para una metodología de medición con muestra 100% Transversal (único registro por persona - metodología anterior) vs. metodología actual con uso de datos de Panel. Se observa una reducción del orden de 52% en los márgenes de error. Muestra Total = Total de entrevistas realizadas. Muestra diaria = suma de los casos de panel + la muestra rotativa dividida en 7 dias. Muestra rotativa = muestra que no es de panel (hay una observacion de consumo por dia para cada persona). Panel = casos con observaciones en 7 dias. Coef. Correl. = correlación estimada entre mediciones diarias sucesivas de rating.

Sheet RatxHoraxLD
A1: CUADRO 3: RESUMEN DE RATING POR HORA | AM | LUNES A DOMINGO
A3: RADIOS | B3: HORAS | Z3: PROMEDIO
B4: 00:00 - 00:59 | C4: 01:00 - 01:59 | D4: 02:00 - 02:59 | E4: 03:00 - 03:59 | F4: 04:00 - 04:59 | G4: 05:00 - 05:59 | H4: 06:00 - 06:59 | I4: 07:00 - 07:59 | J4: 08:00 - 08:59 | K4: 09:00 - 09:59 | L4: 10:00 - 10:59 | M4: 11:00 - 11:59 | N4: 12:00 - 12:59 | O4: 13:00 - 13:59 | P4: 14:00 - 14:59 | Q4: 15:00 - 15:59 | R4: 16:00 - 16:59 | S4: 17:00 - 17:59 | T4: 18:00 - 18:59 | U4: 19:00 - 19:59 | V4: 20:00 - 20:59 | W4: 21:00 - 21:59 | X4: 22:00 - 22:59 | Y4: 23:00 - 23:59 | Z4: 06:00 - 11:59 | AA4: 12:00 - 17:59 | AB4: 18:00 - 23:59 | AC4: 06:00 - 23:59 | AD4: 00:00 - 24:00
A5: CX4 RURAL | B5: 0.12472569 | C5: 0.086650501 | D5: 0.046828834 | E5: 0 | F5: 0 | G5: 0 | H5: 0.12765409 | I5: 0.18664689 | J5: 0.1432375 | K5: 0.098026702 | L5: 0.13321501 | M5: 0.14180404 | N5: 0.10228181 | O5: 0.15064839 | P5: 0.22751236 | Q5: 0.1867082 | R5: 0.21551824 | S5: 0.11656657 | T5: 0.050239548 | U5: 0.06559387 | V5: 0.044540155 | W5: 0.070437516 | X5: 0.086747374 | Y5: 0.14501629 | Z5: 0.1384307 | AA5: 0.16653926 | AB5: 0.077095792 | AC5: 0.12735525 | AD5: 0.10627498
A6: CX6 CLÁSICA | B6: 0 | C6: 0 | D6: 0 | E6: 0 | F6: 0 | G6: 0 | H6: 0 | I6: 0.035902928 | J6: 0.08600982 | K6: 0.079572927 | L6: 0.043368543 | M6: 0.026478899 | N6: 0.013902508 | O6: 0.083434516 | P6: 0.083434516 | Q6: 0.033327623 | R6: 0.022165191 | S6: 0.013902508 | T6: 0.013902508 | U6: 0.023060218 | V6: 0.020152531 | W6: 0 | X6: 0 | Y6: 0.0091577101 | Z6: 0.045222186 | AA6: 0.041694477 | AB6: 0.011045495 | AC6: 0.032654053 | AD6: 0.024490539
A7: CX8 SARANDI | B7: 0.048256692 | C7: 0.030970488 | D7: 0.02311268 | E7: 0.02311268 | F7: 0.095253809 | G7: 0.32444102 | H7: 1.0337221 | I7: 1.6886568 | J7: 1.9643658 | K7: 1.9865919 | L7: 1.748135 | M7: 1.5393479 | N7: 0.85247056 | O7: 0.49885863 | P7: 0.38448054 | Q7: 0.36683261 | R7: 0.49600254 | S7: 0.41024796 | T7: 0.24170204 | U7: 0.14558252 | V7: 0.11005996 | W7: 0.15468837 | X7: 0.12484172 | Y7: 0.057368497 | Z7: 1.6601366 | AA7: 0.50148214 | AB7: 0.13904052 | AC7: 0.76688641 | AD7: 0.59787928
A8: CX10 CONTINENTE | B8: 0 | C8: 0 | D8: 0 | E8: 0 | F8: 0.011458539 | G8: 0.011458539 | H8: 0.016786156 | I8: 0.048081595 | J8: 0.12633021 | K8: 0.086439515 | L8: 0.079657739 | M8: 0.070309563 | N8: 0.075608256 | O8: 0.050133903 | P8: 0.13368708 | Q8: 0.034758359 | R8: 0.086861771 | S8: 0.018152464 | T8: 0.025168103 | U8: 0.056481795 | V8: 0.13145521 | W8: 0.14042779 | X8: 0.15460339 | Y8: 0.12077612 | Z8: 0.071267463 | AA8: 0.066533638 | AB8: 0.10481873 | AC8: 0.080873279 | AD8: 0.061609837
A9: CX12 ORIENTAL | B9: 0.01131912 | C9: 0 | D9: 0 | E9: 0 | F9: 0.0072594108 | G9: 0.014581683 | H9: 0.076871776 | I9: 0.36201312 | J9: 0.44336016 | K9: 0.48493614 | L9: 0.45733576 | M9: 0.33901143 | N9: 0.20269894 | O9: 0.22592021 | P9: 0.23206708 | Q9: 0.17568018 | R9: 0.18527793 | S9: 0.17788502 | T9: 0.10054311 | U9: 0.17006479 | V9: 0.099496437 | W9: 0.14297711 | X9: 0.10269869 | Y9: 0.14315051 | Z9: 0.36058806 | AA9: 0.19992156 | AB9: 0.12648844 | AC9: 0.22899935 | AD9: 0.17313119
A10: CX14 EL ESPECTADOR | B10: 0.16243926 | C10: 0.035598405 | D10: 0.026972339 | E10: 0 | F10: 0 | G10: 0.076818349 | H10: 0.31549487 | I10: 0.44949076 | J10: 0.56536429 | K10: 0.64964588 | L10: 0.54585279 | M10: 0.50545457 | N10: 0.32762662 | O10: 0.38411616 | P10: 0.15723317 | Q10: 0.20179449 | R10: 0.14728767 | S10: 0.076463662 | T10: 0.066955064 | U10: 0.1458038 | V10: 0.087695203 | W10: 0.11002063 | X10: 0.21185611 | Y10: 0.29490396 | Z10: 0.50521719 | AA10: 0.21575363 | AB10: 0.15287246 | AC10: 0.29128109 | AD10: 0.231037
A11: CX16 CARVE | B11: 0.046200172 | C11: 0.033465568 | D11: 0.026151935 | E11: 0.026151935 | F11: 0.030578372 | G11: 0.052084311 | H11: 0.11750594 | I11: 0.14338834 | J11: 0.19756833 | K11: 0.18367601 | L11: 0.19274455 | M11: 0.13301813 | N11: 0.15371621 | O11: 0.16077925 | P11: 0.2377798 | Q11: 0.19663598 | R11: 0.23790411 | S11: 0.15527595 | T11: 0.16846572 | U11: 0.17371545 | V11: 0.15557136 | W11: 0.16818521 | X11: 0.1021953 | Y11: 0.068649753 | Z11: 0.16131688 | AA11: 0.19034855 | AB11: 0.1394638 | AC11: 0.16370974 | AD11: 0.13172532
A12: CX18 SPORT 890 | B12: 0.041404392 | C12: 0.041404392 | D12: 0.01946465 | E12: 0.053701223 | F12: 0.042472602 | G12: 0.171549 | H12: 0.36024642 | I12: 0.63348858 | J12: 0.81129456 | K12: 0.88416076 | L12: 0.67850144 | M12: 0.76469357 | N12: 0.62914535 | O12: 0.46711871 | P12: 0.51816005 | Q12: 0.56194768 | R12: 0.54982566 | S12: 0.55574078 | T12: 0.33656214 | U12: 0.2922529 | V12: 0.19936219 | W12: 0.11914191 | X12: 0.071642394 | Y12: 0.060068075 | Z12: 0.68873089 | AA12: 0.54698971 | AB12: 0.17983827 | AC12: 0.47185296 | AD12: 0.36930623
A13: CX20 MONTECARLO | B13: 0.26203668 | C13: 0.31789313 | D13: 0.14672455 | E13: 0.13787973 | F13: 0.14354183 | G13: 0.58401666 | H13: 1.533459 | I13: 2.7716798 | J13: 3.0346838 | K13: 3.4794457 | L13: 3.2025539 | M13: 3.3925785 | N13: 2.6124603 | O13: 1.6052952 | P13: 1.4752571 | Q13: 1.1850659 | R13: 0.99751449 | S13: 0.92630467 | T13: 0.84812663 | U13: 0.62554384 | V13: 0.47811958 | W13: 0.42517945 | X13: 0.24143284 | Y13: 0.12684374 | Z13: 2.9024001 | AA13: 1.4669829 | AB13: 0.45754101 | AC13: 1.6089747 | AD13: 1.2730682
A14: CX22 UNIVERSAL | B14: 0.040534247 | C14: 0.040534247 | D14: 0.032837253 | E14: 0.048399102 | F14: 0.041326004 | G14: 0.031931487 | H14: 0.032385781 | I14: 0.076509971 | J14: 0.09344998 | K14: 0.12513049 | L14: 0.18109864 | M14: 0.25457171 | N14: 0.26458473 | O14: 0.15459968 | P14: 0.086946721 | Q14: 0.1145035 | R14: 0.18567269 | S14: 0.17963636 | T14: 0.10908528 | U14: 0.10090115 | V14: 0.11595097 | W14: 0.12780953 | X14: 0.09373098 | Y14: 0.032176767 | Z14: 0.1271911 | AA14: 0.16432394 | AB14: 0.096609113 | AC14: 0.12937472 | AD14: 0.10684614
A15: CX24 RADIO 1010 AM | B15: 0.023803057 | C15: 0 | D15: 0 | E15: 0 | F15: 0 | G15: 0 | H15: 0.03446191 | I15: 0.057076612 | J15: 0.12385344 | K15: 0.14005833 | L15: 0.10866715 | M15: 0.15723553 | N15: 0.19495314 | O15: 0.1172048 | P15: 0.12208741 | Q15: 0.12015155 | R15: 0.16723062 | S15: 0.091079814 | T15: 0.07315694 | U15: 0.060043987 | V15: 0.029979437 | W15: 0.0087764854 | X15: 0.0087764854 | Y15: 0.0079409608 | Z15: 0.10355883 | AA15: 0.13545122 | AB15: 0.031445716 | AC15: 0.090151923 | AD15: 0.068605736
A16: CX26 RADIO URUGUAY | B16: 0.035217217 | C16: 0.043468832 | D16: 0.051480791 | E16: 0.052235795 | F16: 0.052861299 | G16: 0.040980057 | H16: 0.065911024 | I16: 0.1270732 | J16: 0.22063165 | K16: 0.24414866 | L16: 0.25704089 | M16: 0.2653549 | N16: 0.17628434 | O16: 0.11777226 | P16: 0.20640343 | Q16: 0.19970443 | R16: 0.12730319 | S16: 0.079792513 | T16: 0.058741547 | U16: 0.044698768 | V16: 0.08246091 | W16: 0.073693947 | X16: 0.028353304 | Y16: 0.024804591 | Z16: 0.19669339 | AA16: 0.15121003 | AB16: 0.052125511 | AC16: 0.13334298 | AD16: 0.1115174
... A32: RATING GENERAL | B32: 2.1648392 | C32: 1.7583889 | D32: 1.4352191 | E32: 1.3136207 | F32: 1.6787642 | G32: 3.7508866 | H32: 9.7088923 | I32: 19.513297 | J32: 27.030863 | K32: 31.272413 | L32: 30.724227 | M32: 31.02506 | N32: 26.884158 | O32: 24.418685 | P32: 24.815587 | Q32: 23.813355 | R32: 23.57176 | S32: 21.473674 | T32: 18.255745 | U32: 13.672951 | V32: 10.141779 | W32: 8.7076795 | X32: 6.3453534 | Y32: 4.5222545 | Z32: 24.879125 | AA32: 24.16287 | AB32: 10.274294 | AC32: 19.772096 | AD32: 15.33331
A34: CUADRO 4: RESUMEN DE RATING POR HORA | FM | LUNES A DOMINGO
A36: RADIOS | B36: HORAS | Z36: PROMEDIO
B37: 00:00 - 00:59 | C37: 01:00 - 01:59 | D37: 02:00 - 02:59 | E37: 03:00 - 03:59 | F37: 04:00 - 04:59 | G37: 05:00 - 05:59 | H37: 06:00 - 06:59 | I37: 07:00 - 07:59 | J37: 08:00 - 08:59 | K37: 09:00 - 09:59 | L37: 10:00 - 10:59 | M37: 11:00 - 11:59 | N37: 12:00 - 12:59 | O37: 13:00 - 13:59 | P37: 14:00 - 14:59 | Q37: 15:00 - 15:59 | R37: 16:00 - 16:59 | S37: 17:00 - 17:59 | T37: 18:00 - 18:59 | U37: 19:00 - 19:59 | V37: 20:00 - 20:59 | W37: 21:00 - 21:59 | X37: 22:00 - 22:59 | Y37: 23:00 - 23:59 | Z37: 06:00 - 11:59 | AA37: 12:00 - 17:59 | AB37: 18:00 - 23:59 | AC37: 06:00 - 23:59 | AD37: 00:00 - 24:00
A38: 88.3 LACOSTA | B38: 0.074204583 | C38: 0.066999615 | D38: 0.066999615 | E38: 0.066999615 | F38: 0.050260595 | G38: 0.089236214 | H38: 0.08191725 | I38: 0.22901426 | J38: 0.26060203 | K38: 0.2288449 | L38: 0.16712865 | M38: 0.0719604 | N38: 0.1895216 | O38: 0.26727049 | P38: 0.20911436 | Q38: 0.26539144 | R38: 0.27281573 | S38: 0.38601312 | T38: 0.16604298 | U38: 0.25675311 | V38: 0.23021107 | W38: 0.18686694 | X38: 0.19300049 | Y38: 0.051129524 | Z38: 0.17324458 | AA38: 0.26502112 | AB38: 0.18066735 | AC38: 0.20631102 | AD38: 0.17201244
A39: 90.3 OLDIES | B39: 0.065853874 | C39: 0.065853874 | D39: 0.079981712 | E39: 0.075642326 | F39: 0.013796112 | G39: 0.022731393 | H39: 0.11243648 | I39: 0.30817558 | J39: 0.57999535 | K39: 0.65997876 | L39: 0.86528046 | M39: 0.85692199 | N39: 0.94244069 | O39: 0.91681108 | P39: 0.8487505 | Q39: 0.74295373 | R39: 0.64986757 | S39: 0.62112192 | T39: 0.56912264 | U39: 0.25765829 | V39: 0.18348724 | W39: 0.1899849 | X39: 0.24048715 | Y39: 0.25176011 | Z39: 0.5637981 | AA39: 0.78699091 | AB39: 0.28208339 | AC39: 0.5442908 | AD39: 0.42171224
A40: 91.1 RADIOFUTURA | B40: 0.025146328 | C40: 0.025146328 | D40: 0.012737801 | E40: 0.020757225 | F40: 0.026300191 | G40: 0.042999881 | H40: 0.11386937 | I40: 0.16729577 | J40: 0.3638266 | K40: 0.65593444 | L40: 0.71718753 | M40: 0.84836428 | N40: 0.6434891 | O40: 0.68087765 | P40: 0.63754469 | Q40: 0.59410271 | R40: 0.62916037 | S40: 0.58613561 | T40: 0.72105424 | U40: 0.6593241 | V40: 0.5332358 | W40: 0.36025226 | X40: 0.26165339 | Y40: 0.15184482 | Z40: 0.47774633 | AA40: 0.62855169 | AB40: 0.4478941 | AC40: 0.51806404 | AD40: 0.39492669
A41: 91.9 DISNEY | B41: 0.047828421 | C41: 0.034132258 | D41: 0.017697357 | E41: 0.0093006887 | F41: 0.04218801 | G41: 0.17973479 | H41: 0.50352498 | I41: 1.0816434 | J41: 1.4496355 | K41: 2.0010974 | L41: 2.0972631 | M41: 2.3348083 | N41: 2.1120885 | O41: 2.2146538 | P41: 1.9938191 | Q41: 2.0326623 | R41: 1.8616134 | S41: 1.7202412 | T41: 1.3331414 | U41: 1.0778688 | V41: 0.69319627 | W41: 0.44492987 | X41: 0.2888788 | Y41: 0.18672193 | Z41: 1.5779955 | AA41: 1.9891797 | AB41: 0.67078951 | AC41: 1.4126549 | AD41: 1.0732779
A42: 92.5 CONCIERTO URBANA | B42: 0.0046493221 | C42: 0.0046493221 | D42: 0.0086063547 | E42: 0 | F42: 0 | G42: 0 | H42: 0.021773288 | I42: 0.1325673 | J42: 0.26800062 | K42: 0.29313492 | L42: 0.18475198 | M42: 0.18434301 | N42: 0.16064302 | O42: 0.16808315 | P42: 0.20545979 | Q42: 0.17277345 | R42: 0.20384654 | S42: 0.18947129 | T42: 0.2124995 | U42: 0.13831146 | V42: 0.13566248 | W42: 0.058309439 | X42: 0 | Y42: 0.0078339839 | Z42: 0.18076185 | AA42: 0.18337954 | AB42: 0.09210281 | AC42: 0.1520814 | AD42: 0.11480709
A43: 93.1 INOLVIDABLE | B43: 0.058665239 | C43: 0.015937947 | D43: 0.024907083 | E43: 0.024580376 | F43: 0.034150722 | G43: 0.040497754 | H43: 0.25206625 | I43: 0.48759957 | J43: 0.95964052 | K43: 1.0576488 | L43: 1.3115946 | M43: 1.3740944 | N43: 1.4351441 | O43: 1.4534839 | P43: 1.5519632 | Q43: 1.2034901 | R43: 1.3355045 | S43: 0.99873183 | T43: 1.0314441 | U43: 1.091299 | V43: 0.90952662 | W43: 0.75897819 | X43: 0.32456464 | Y43: 0.10542118 | Z43: 0.90710736 | AA43: 1.3297196 | AB43: 0.70353896 | AC43: 0.98012198 | AD43: 0.74337228
A44: 93.9 OCEANO | B44: 0.0071307132 | C44: 0.0071307132 | D44: 0.0084156277 | E44: 0 | F44: 0 | G44: 0.0236 | H44: 0.10817067 | I44: 0.4981145 | J44: 0.736503 | K44: 0.75812894 | L44: 0.81567672 | M44: 0.85652417 | N44: 1.1282581 | O44: 1.0895079 | P44: 1.0487942 | Q44: 0.86675879 | R44: 0.79905191 | S44: 0.67623686 | T44: 0.34119627 | U44: 0.24374051 | V44: 0.11927665 | W44: 0.13001836 | X44: 0.04694033 | Y44: 0.036200688 | Z44: 0.628853 | AA44: 0.93476797 | AB44: 0.15289547 | AC44: 0.57217215 | AD44: 0.43105732
A45: 94.7 E. DEL SUR | B45: 0.010103633 | C45: 0.010103633 | D45: 0.027679123 | E45: 0 | F45: 0 | G45: 0.032382985 | H45: 0.054104125 | I45: 0.095676772 | J45: 0.073742905 | K45: 0.19130343 | L45: 0.1597396 | M45: 0.15301578 | N45: 0.05765856 | O45: 0.072363987 | P45: 0.079935124 | Q45: 0.10634819 | R45: 0.12410884 | S45: 0.16893253 | T45: 0.096524392 | U45: 0.06767955 | V45: 0.050593149 | W45: 0.068363661 | X45: 0.038976924 | Y45: 0.061956529 | Z45: 0.12126377 | AA45: 0.10155787 | AB45: 0.064015701 | AC45: 0.095612447 | AD45: 0.075053893
A46: 95.5 DEL PLATA | B46: 0.13124574 | C46: 0.11259508 | D46: 0.10622121 | E46: 0.088382584 | F46: 0.0099608388 | G46: 0 | H46: 0.042018254 | I46: 0.12934706 | J46: 0.39490058 | K46: 0.64017148 | L46: 0.60009883 | M46: 0.72157057 | N46: 0.71152512 | O46: 0.70089673 | P46: 0.6898889 | Q46: 0.6963799 | R46: 0.80467087 | S46: 0.82463543 | T46: 0.61506358 | U46: 0.3792669 | V46: 0.31175603 | W46: 0.22873736 | X46: 0.21156531 | Y46: 0.22400127 | Z46: 0.42135113 | AA46: 0.73799949 | AB46: 0.32839841 | AC46: 0.49591634 | AD46: 0.39062082
A47: 96.3 ALFA | B47: 0 | C47: 0 | D47: 0 | E47: 0 | F47: 0 | G47: 0 | H47: 0 | I47: 0 | J47: 0.092861458 | K47: 0.094143695 | L47: 0.18943776 | M47: 0.11561188 | N47: 0.18301939 | O47: 0.25122256 | P47: 0.18887991 | Q47: 0.1505055 | R47: 0.12709164 | S47: 0.11459105 | T47: 0.070537298 | U47: 0.11855679 | V47: 0.11869364 | W47: 0.12582854 | X47: 0.093874691 | Y47: 0.037820905 | Z47: 0.082009132 | AA47: 0.16921834 | AB47: 0.094218644 | AC47: 0.11514871 | AD47: 0.08636153
A48: 97.1 BABEL | B48: 0 | C48: 0 | D48: 0.011669801 | E48: 0.0086424293 | F48: 0.055124307 | G48: 0.075584038 | H48: 0.13737728 | I48: 0.15816992 | J48: 0.16948303 | K48: 0.3221846 | L48: 0.27939581 | M48: 0.30697937 | N48: 0.21922956 | O48: 0.20611866 | P48: 0.1829775 | Q48: 0.20437488 | R48: 0.2587299 | S48: 0.31324142 | T48: 0.33982328 | U48: 0.41588046 | V48: 0.27498536 | W48: 0.23049909 | X48: 0.15623129 | Y48: 0.061950443 | Z48: 0.22893167 | AA48: 0.23077865 | AB48: 0.24656165 | AC48: 0.23542399 | AD48: 0.18286052
A49: 97.9 M24 | B49: 0.0099393186 | C49: 0 | D49: 0 | E49: 0 | F49: 0.01354623 | G49: 0.134292 | H49: 0.16013786 | I49: 0.22380524 | J49: 0.30543859 | K49: 0.31646501 | L49: 0.27510237 | M49: 0.25443195 | N49: 0.17332 | O49: 0.13851342 | P49: 0.11686457 | Q49: 0.17539003 | R49: 0.16896115 | S49: 0.10154303 | T49: 0.10105106 | U49: 0.10072019 | V49: 0.044817711 | W49: 0.088864062 | X49: 0.051414261 | Y49: 0.051414261 | Z49: 0.25589684 | AA49: 0.14576537 | AB49: 0.073046925 | AC49: 0.15823638 | AD49: 0.12525135
... A65: RATING GENERAL | B65: 2.1648392 | C65: 1.7583889 | D65: 1.4352191 | E65: 1.3136207 | F65: 1.6787642 | G65: 3.7508866 | H65: 9.7088923 | I65: 19.513297 | J65: 27.030863 | K65: 31.272413 | L65: 30.724227 | M65: 31.02506 | N65: 26.884158 | O65: 24.418685 | P65: 24.815587 | Q65: 23.813355 | R65: 23.57176 | S65: 21.473674 | T65: 18.255745 | U65: 13.672951 | V65: 10.141779 | W65: 8.7076795 | X65: 6.3453534 | Y65: 4.5222545 | Z65: 24.879125 | AA65: 24.16287 | AB65: 10.274294 | AC65: 19.772096 | AD65: 15.33331

Sheet RatxHoraxLV
A1: CUADRO 5: RESUMEN DE RATING POR HORA | AM | LUNES A VIERNES
A3: RADIOS | B3: HORAS | Z3: PROMEDIO
B4: 00:00 - 00:59 | C4: 01:00 - 01:59 | D4: 02:00 - 02:59 | E4: 03:00 - 03:59 | F4: 04:00 - 04:59 | G4: 05:00 - 05:59 | H4: 06:00 - 06:59 | I4: 07:00 - 07:59 | J4: 08:00 - 08:59 | K4: 09:00 - 09:59 | L4: 10:00 - 10:59 | M4: 11:00 - 11:59 | N4: 12:00 - 12:59 | O4: 13:00 - 13:59 | P4: 14:00 - 14:59 | Q4: 15:00 - 15:59 | R4: 16:00 - 16:59 | S4: 17:00 - 17:59 | T4: 18:00 - 18:59 | U4: 19:00 - 19:59 | V4: 20:00 - 20:59 | W4: 21:00 - 21:59 | X4: 22:00 - 22:59 | Y4: 23:00 - 23:59 | Z4: 06:00 - 11:59 | AA4: 12:00 - 17:59 | AB4: 18:00 - 23:59 | AC4: 06:00 - 23:59 | AD4: 00:00 - 24:00
A5: CX4 RURAL | B5: 0.13487773 | C5: 0.081572454 | D5: 0.049935373 | E5: 0 | F5: 0 | G5: 0 | H5: 0.13717582 | I5: 0.18530991 | J5: 0.13562023 | K5: 0.098169175 | L5: 0.13366832 | M5: 0.14569296 | N5: 0.12547765 | O5: 0.18218993 | P5: 0.2574823 | Q5: 0.23280986 | R5: 0.25169145 | S5: 0.12662447 | T5: 0.062348266 | U5: 0.065895989 | V5: 0.036420788 | W5: 0.075662058 | X5: 0.1111596 | Y5: 0.16444734 | Z5: 0.13927274 | AA5: 0.19604594 | AB5: 0.085989007 | AC5: 0.1404359 | AD5: 0.11642632
A6: CX6 CLÁSICA | B6: 0 | C6: 0 | D6: 0 | E6: 0 | F6: 0 | G6: 0 | H6: 0 | I6: 0.050264099 | J6: 0.096431054 | K6: 0.075851647 | L6: 0.029684692 | M6: 0.017606947 | N6: 0 | O6: 0.073362116 | P6: 0.073362116 | Q6: 0.027195161 | R6: 0 | S6: 0 | T6: 0 | U6: 0 | V6: 0.0087500327 | W6: 0 | X6: 0 | Y6: 0 | Z6: 0.044973073 | AA6: 0.028986566 | AB6: 0.0014583388 | AC6: 0.025139326 | AD6: 0.018854494
A7: CX8 SARANDI | B7: 0.040649208 | C7: 0.017734671 | D7: 0.017734671 | E7: 0.017734671 | F7: 0.082197691 | G7: 0.35582781 | H7: 1.1248027 | I7: 1.8705685 | J7: 2.1517821 | K7: 2.1478479 | L7: 1.9139002 | M7: 1.674831 | N7: 0.96079712 | O7: 0.53219598 | P7: 0.44157594 | Q7: 0.42803692 | R7: 0.56347808 | S7: 0.45925573 | T7: 0.2685774 | U7: 0.15612011 | V7: 0.10709707 | W7: 0.11231822 | X7: 0.08958329 | Y7: 0.026856082 | Z7: 1.8139554 | AA7: 0.56422329 | AB7: 0.12675869 | AC7: 0.83497913 | AD7: 0.64839596
A8: CX10 CONTINENTE | B8: 0 | C8: 0 | D8: 0 | E8: 0 | F8: 0 | G8: 0 | H8: 0.012417155 | I8: 0.056230769 | J8: 0.14838865 | K8: 0.087320416 | L8: 0.10043737 | M8: 0.088611493 | N8: 0.10585156 | O8: 0.070187464 | P8: 0.15407253 | Q8: 0.035378216 | R8: 0.089788347 | S8: 0.012129963 | T8: 0.012129963 | U8: 0.049486982 | V8: 0.12258693 | W8: 0.13479582 | X8: 0.15464166 | Y8: 0.1174581 | Z8: 0.082234309 | AA8: 0.077901346 | AB8: 0.098516576 | AC8: 0.08621741 | AD8: 0.064663058
A9: CX12 ORIENTAL | B9: 0 | C9: 0 | D9: 0 | E9: 0 | F9: 0.010163175 | G9: 0.010163175 | H9: 0.10762049 | I9: 0.43063651 | J9: 0.50718184 | K9: 0.57053186 | L9: 0.49207602 | M9: 0.37935364 | N9: 0.22585545 | O9: 0.21282968 | P9: 0.19760663 | Q9: 0.15213216 | R9: 0.15213216 | S9: 0.16720314 | T9: 0.06353214 | U9: 0.15876761 | V9: 0.11349349 | W9: 0.16759406 | X9: 0.13763739 | Y9: 0.15577417 | Z9: 0.41456673 | AA9: 0.18462654 | AB9: 0.13279981 | AC9: 0.24399769 | AD9: 0.1838452
A10: CX14 EL ESPECTADOR | B10: 0.15696632 | C10: 0.024900548 | D10: 0.02494048 | E10: 0 | F10: 0 | G10: 0.081513773 | H10: 0.39448687 | I10: 0.52792627 | J10: 0.67874783 | K10: 0.78496633 | L10: 0.62546164 | M10: 0.57216397 | N10: 0.40460153 | O10: 0.44776778 | P10: 0.18643506 | Q10: 0.22047374 | R10: 0.15742935 | S10: 0.073704567 | T10: 0.053109247 | U10: 0.13297403 | V10: 0.064285733 | W10: 0.080300332 | X10: 0.19095592 | Y10: 0.29932079 | Z10: 0.59729215 | AA10: 0.248402 | AB10: 0.13682434 | AC10: 0.32750617 | AD10: 0.25764301
A11: CX16 CARVE | B11: 0.051557999 | C11: 0.022696178 | D11: 0 | E11: 0 | F11: 0.017230386 | G11: 0.059795793 | H11: 0.14485893 | I11: 0.1409633 | J11: 0.14997106 | K11: 0.12820286 | L11: 0.17417753 | M11: 0.11824525 | N11: 0.20208045 | O11: 0.22509095 | P11: 0.27661433 | Q11: 0.21796316 | R11: 0.25354365 | S11: 0.17244385 | T11: 0.17842628 | U11: 0.18577592 | V11: 0.16037418 | W11: 0.17803358 | X11: 0.12535653 | Y11: 0.078392765 | Z11: 0.14273649 | AA11: 0.22462273 | AB11: 0.15105988 | AC11: 0.17280637 | AD11: 0.13590812
A12: CX18 SPORT 890 | B12: 0.057966149 | C12: 0.057966149 | D12: 0.02725051 | E12: 0.053441764 | F12: 0.049287014 | G12: 0.17497111 | H12: 0.42265838 | I12: 0.73006374 | J12: 0.96508946 | K12: 1.0481803 | L12: 0.81981972 | M12: 0.85958667 | N12: 0.66918914 | O12: 0.53361242 | P12: 0.57835774 | Q12: 0.62718292 | R12: 0.59415034 | S12: 0.55944873 | T12: 0.28249814 | U12: 0.21575175 | V12: 0.177124 | W12: 0.08521337 | X12: 0.089233662 | Y12: 0.084095305 | Z12: 0.80756638 | AA12: 0.59365688 | AB12: 0.15565271 | AC12: 0.51895865 | AD12: 0.40675577
A13: CX20 MONTECARLO | B13: 0.28219242 | C13: 0.34086722 | D13: 0.16415479 | E13: 0.12218134 | F13: 0.17700268 | G13: 0.66237203 | H13: 1.5902935 | I13: 2.9534478 | J13: 3.2364152 | K13: 3.64602 | L13: 3.4274193 | M13: 3.6356067 | N13: 2.8179769 | O13: 1.6826125 | P13: 1.5146723 | Q13: 1.1213118 | R13: 0.87663025 | S13: 0.80511045 | T13: 0.88081953 | U13: 0.68513873 | V13: 0.57224692 | W13: 0.47556822 | X13: 0.28088342 | Y13: 0.14260956 | Z13: 3.0815338 | AA13: 1.469719 | AB13: 0.50621106 | AC13: 1.6858213 | AD13: 1.3372314
A14: CX22 UNIVERSAL | B14: 0.056747946 | C14: 0.056747946 | D14: 0.045972154 | E14: 0.067758742 | F14: 0.057856405 | G14: 0.044704082 | H14: 0.045340094 | I14: 0.070695057 | J14: 0.094646366 | K14: 0.11857164 | L14: 0.20860918 | M14: 0.28397321 | N14: 0.27894216 | O14: 0.14996664 | P14: 0.087404749 | Q14: 0.10353364 | R14: 0.15406758 | S14: 0.1683082 | T14: 0.060905578 | U14: 0.093897991 | V14: 0.13994475 | W14: 0.13069784 | X14: 0.094627243 | Y14: 0.020241864 | Z14: 0.13697259 | AA14: 0.15703716 | AB14: 0.090052545 | AC14: 0.12802077 | AD14: 0.10975671
A15: CX24 RADIO 1010 AM | B15: 0.033324279 | C15: 0 | D15: 0 | E15: 0 | F15: 0 | G15: 0 | H15: 0.035959594 | I15: 0.079907257 | J15: 0.15087053 | K15: 0.17355739 | L15: 0.12960972 | M15: 0.17568454 | N15: 0.25041012 | O15: 0.16408672 | P15: 0.14900146 | Q15: 0.15737366 | R15: 0.2126496 | S15: 0.10603846 | T15: 0.10241972 | U15: 0.071774502 | V15: 0.029684132 | W15: 0 | X15: 0 | Y15: 0.011117345 | Z15: 0.12426484 | AA15: 0.17326 | AB15: 0.035832616 | AC15: 0.11111915 | AD15: 0.084727876
A16: CX26 RADIO URUGUAY | B16: 0.024219249 | C16: 0.035771509 | D16: 0.046988252 | E16: 0.035771509 | F16: 0.048934293 | G16: 0.040450038 | H16: 0.063603036 | I16: 0.10929034 | J16: 0.20278125 | K16: 0.22896091 | L16: 0.27691592 | M16: 0.28876945 | N16: 0.20494035 | O16: 0.10893004 | P16: 0.18600679 | Q16: 0.19328303 | R16: 0.13394757 | S16: 0.083278836 | T16: 0.058531568 | U16: 0.023025458 | V16: 0.091738677 | W16: 0.091738677 | X16: 0.028261776 | Y16: 0.023293578 | Z16: 0.19505348 | AA16: 0.1517311 | AB16: 0.052764956 | AC16: 0.13318318 | AD16: 0.10955967
... A32: RATING GENERAL | B32: 2.0940512 | C32: 1.7042605 | D32: 1.3474499 | E32: 1.2566093 | F32: 1.6911294 | G32: 4.0222796 | H32: 10.571871 | I32: 21.121997 | J32: 29.490126 | K32: 33.772658 | L32: 32.734626 | M32: 33.367768 | N32: 29.026581 | O32: 26.528951 | P32: 27.301199 | Q32: 26.433651 | R32: 25.861463 | S32: 23.577808 | T32: 20.015946 | U32: 14.632453 | V32: 10.810167 | W32: 9.0232714 | X32: 6.5743296 | Y32: 4.6052294 | Z32: 26.843174 | AA32: 26.454942 | AB32: 10.943566 | AC32: 21.413894 | AD32: 16.565245
A34: CUADRO 6: RESUMEN DE RATING POR HORA | FM | LUNES A VIERNES
A36: RADIOS | B36: HORAS | Z36: PROMEDIO
B37: 00:00 - 00:59 | C37: 01:00 - 01:59 | D37: 02:00 - 02:59 | E37: 03:00 - 03:59 | F37: 04:00 - 04:59 | G37: 05:00 - 05:59 | H37: 06:00 - 06:59 | I37: 07:00 - 07:59 | J37: 08:00 - 08:59 | K37: 09:00 - 09:59 | L37: 10:00 - 10:59 | M37: 11:00 - 11:59 | N37: 12:00 - 12:59 | O37: 13:00 - 13:59 | P37: 14:00 - 14:59 | Q37: 15:00 - 15:59 | R37: 16:00 - 16:59 | S37: 17:00 - 17:59 | T37: 18:00 - 18:59 | U37: 19:00 - 19:59 | V37: 20:00 - 20:59 | W37: 21:00 - 21:59 | X37: 22:00 - 22:59 | Y37: 23:00 - 23:59 | Z37: 06:00 - 11:59 | AA37: 12:00 - 17:59 | AB37: 18:00 - 23:59 | AC37: 06:00 - 23:59 | AD37: 00:00 - 24:00
A38: 88.3 LACOSTA | B38: 0.069641039 | C38: 0.069641039 | D38: 0.069641039 | E38: 0.069641039 | F38: 0.046206412 | G38: 0.10077228 | H38: 0.065065474 | I38: 0.22929337 | J38: 0.20969194 | K38: 0.20981791 | L38: 0.17357776 | M38: 0.076818096 | N38: 0.24564324 | O38: 0.35360584 | P38: 0.22965394 | Q38: 0.28000743 | R38: 0.29140303 | S38: 0.44482515 | T38: 0.1900426 | U38: 0.30594823 | V38: 0.29085073 | W38: 0.2190804 | X38: 0.27020069 | Y38: 0.071581333 | Z38: 0.16071076 | AA38: 0.30752311 | AB38: 0.22461733 | AC38: 0.2309504 | AD38: 0.19094375
A39: 90.3 OLDIES | B39: 0.050710751 | C39: 0.050710751 | D39: 0.081945315 | E39: 0.070025308 | F39: 0.019314557 | G39: 0.03182395 | H39: 0.14163469 | I39: 0.40330965 | J39: 0.67146637 | K39: 0.74293043 | L39: 0.95870018 | M39: 0.91194172 | N39: 0.97494057 | O39: 0.97625977 | P39: 0.89852404 | Q39: 0.82998172 | R39: 0.73245147 | S39: 0.70346893 | T39: 0.64218357 | U39: 0.28843787 | V39: 0.21376782 | W39: 0.20087016 | X39: 0.23352911 | Y39: 0.24070092 | Z39: 0.63833051 | AA39: 0.85260442 | AB39: 0.30324824 | AC39: 0.59806105 | AD39: 0.46123457
A40: 91.1 RADIOFUTURA | B40: 0.017832921 | C40: 0.017832921 | D40: 0.017832921 | E40: 0.017832921 | F40: 0.025593073 | G40: 0.027538638 | H40: 0.15941711 | I40: 0.20951078 | J40: 0.40022624 | K40: 0.73197805 | L40: 0.76085071 | M40: 0.95041933 | N40: 0.7402811 | O40: 0.78388231 | P40: 0.69709746 | Q40: 0.62415349 | R40: 0.65415018 | S40: 0.63299545 | T40: 0.81581182 | U40: 0.75915164 | V40: 0.60610595 | W40: 0.38776828 | X40: 0.27548566 | Y40: 0.18370807 | Z40: 0.53540037 | AA40: 0.68876 | AB40: 0.5046719 | AC40: 0.57627742 | AD40: 0.43739404
A41: 91.9 DISNEY | B41: 0.034386624 | C41: 0.047785161 | D41: 0.0247763 | E41: 0.013020964 | F41: 0.033156054 | G41: 0.17198029 | H41: 0.59150991 | I41: 1.2449637 | J41: 1.5367974 | K41: 2.0967027 | L41: 2.1662547 | M41: 2.523795 | N41: 2.2762145 | O41: 2.407479 | P41: 2.3057395 | Q41: 2.372532 | R41: 2.2287852 | S41: 2.0548681 | T41: 1.616145 | U41: 1.2337413 | V41: 0.76471013 | W41: 0.48013616 | X41: 0.30268906 | Y41: 0.20589064 | Z41: 1.6933372 | AA41: 2.2742697 | AB41: 0.76721871 | AC41: 1.5782752 | AD41: 1.1972525
A42: 92.5 CONCIERTO URBANA | B42: 0.0065090509 | C42: 0.0065090509 | D42: 0 | E42: 0 | F42: 0 | G42: 0 | H42: 0 | I42: 0.10206438 | J42: 0.25483538 | K42: 0.32513669 | L42: 0.22412075 | M42: 0.20902818 | N42: 0.1799665 | O42: 0.17575091 | P42: 0.25311168 | Q42: 0.18633548 | R42: 0.18741291 | S42: 0.17933646 | T42: 0.24039981 | U42: 0.14932338 | V42: 0.11123613 | W42: 0.020774608 | X42: 0 | Y42: 0.010967577 | Z42: 0.18586423 | AA42: 0.19365233 | AB42: 0.088783583 | AC42: 0.15610005 | AD42: 0.11761746
A43: 93.1 INOLVIDABLE | B43: 0.053973476 | C43: 0.022313126 | D43: 0.034869917 | E43: 0.034412527 | F43: 0.038902981 | G43: 0.047788826 | H43: 0.23803003 | I43: 0.49827501 | J43: 1.0562682 | K43: 1.1168204 | L43: 1.4018793 | M43: 1.5082853 | N43: 1.5896909 | O43: 1.5402114 | P43: 1.7573757 | Q43: 1.3115085 | R43: 1.4467056 | S43: 1.0434514 | T43: 1.0604668 | U43: 1.0437388 | V43: 0.88201068 | W43: 0.78665216 | X43: 0.30103503 | Y43: 0.090311426 | Z43: 0.96992637 | AA43: 1.4481573 | AB43: 0.69403581 | AC43: 1.0373731 | AD43: 0.7877074
A44: 93.9 OCEANO | B44: 0.0099829984 | C44: 0.0099829984 | D44: 0 | E44: 0 | F44: 0 | G44: 0.033039999 | H44: 0.1265232 | I44: 0.56033164 | J44: 0.94014574 | K44: 0.89576994 | L44: 0.86192718 | M44: 0.93517072 | N44: 1.3075939 | O44: 1.2856345 | P44: 1.263581 | Q44: 0.98754435 | R44: 0.91064729 | S44: 0.77346151 | T44: 0.35694342 | U44: 0.29619463 | V44: 0.12065849 | W44: 0.13119891 | X44: 0.045372279 | Y44: 0.03033678 | Z44: 0.71997807 | AA44: 1.0880771 | AB44: 0.16345075 | AC44: 0.65716864 | AD44: 0.49508507
A45: 94.7 E. DEL SUR | B45: 0 | C45: 0 | D45: 0.012556791 | E45: 0 | F45: 0 | G45: 0.028684961 | H45: 0.059094556 | I45: 0.11729626 | J45: 0.077433554 | K45: 0.18544457 | L45: 0.13880912 | M45: 0.15961458 | N45: 0.035059333 | O45: 0.055646931 | P45: 0.082756714 | Q45: 0.085558818 | R45: 0.11520035 | S45: 0.19000242 | T45: 0.09176139 | U45: 0.047535557 | V45: 0.040390821 | W45: 0.057386568 | X45: 0.027333684 | Y45: 0.05950513 | Z45: 0.12294877 | AA45: 0.094037428 | AB45: 0.053985525 | AC45: 0.090323909 | AD45: 0.069461338
A46: 95.5 DEL PLATA | B46: 0.12024565 | C46: 0.094134714 | D46: 0.078069957 | E46: 0.078069957 | F46: 0.013945174 | G46: 0 | H46: 0.033472338 | I46: 0.11832718 | J46: 0.45908097 | K46: 0.72053196 | L46: 0.6063378 | M46: 0.75630484 | N46: 0.69688749 | O46: 0.702528 | P46: 0.7542994 | Q46: 0.82510244 | R46: 0.90938928 | S46: 0.95301381 | T46: 0.70121642 | U46: 0.42773599 | V46: 0.34340196 | W46: 0.26531389 | X46: 0.21887856 | Y46: 0.19633204 | Z46: 0.44900918 | AA46: 0.80687007 | AB46: 0.35881314 | AC46: 0.5382308 | AD46: 0.41969249
A47: 96.3 ALFA | B47: 0 | C47: 0 | D47: 0 | E47: 0 | F47: 0 | G47: 0 | H47: 0 | I47: 0 | J47: 0.094013548 | K47: 0.11579978 | L47: 0.18690815 | M47: 0.126444 | N47: 0.17033758 | O47: 0.23018221 | P47: 0.19673678 | Q47: 0.15498896 | R47: 0.12220957 | S47: 0.12469984 | T47: 0.063024587 | U47: 0.12424545 | V47: 0.12443703 | W47: 0.13442589 | X47: 0.089625707 | Y47: 0.041375077 | Z47: 0.087194248 | AA47: 0.16652582 | AB47: 0.096188956 | AC47: 0.11663634 | AD47: 0.087477257
A48: 97.1 BABEL | B48: 0 | C48: 0 | D48: 0.016337722 | E48: 0.012099401 | F48: 0.04937675 | G48: 0.04937675 | H48: 0.13588729 | I48: 0.16702616 | J48: 0.19240155 | K48: 0.33431884 | L48: 0.20139994 | M48: 0.28317449 | N48: 0.22068526 | O48: 0.21662076 | P48: 0.17923504 | Q48: 0.16689317 | R48: 0.23130117 | S48: 0.30086368 | T48: 0.31941486 | U48: 0.38661587 | V48: 0.23600021 | W48: 0.19341135 | X48: 0.13054266 | Y48: 0.057941888 | Z48: 0.21903471 | AA48: 0.21926651 | AB48: 0.22065447 | AC48: 0.2196519 | AD48: 0.17003853
A49: 97.9 M24 | B49: 0.013915046 | C49: 0 | D49: 0 | E49: 0 | F49: 0.0090740772 | G49: 0.16711723 | H49: 0.16396339 | I49: 0.20255763 | J49: 0.27658183 | K49: 0.28129876 | L49: 0.26276698 | M49: 0.23005184 | N49: 0.16616242 | O49: 0.11177039 | P49: 0.095400096 | Q49: 0.17733575 | R49: 0.17549119 | S49: 0.10642854 | T49: 0.088367845 | U49: 0.087904628 | V49: 0.045372858 | W49: 0.11366244 | X49: 0.071979965 | Y49: 0.071979965 | Z49: 0.23620341 | AA49: 0.13876473 | AB49: 0.079877951 | AC49: 0.15161536 | AD49: 0.12163262
... A65: RATING GENERAL | B65: 2.0940512 | C65: 1.7042605 | D65: 1.3474499 | E65: 1.2566093 | F65: 1.6911294 | G65: 4.0222796 | H65: 10.571871 | I65: 21.121997 | J65: 29.490126 | K65: 33.772658 | L65: 32.734626 | M65: 33.367768 | N65: 29.026581 | O65: 26.528951 | P65: 27.301199 | Q65: 26.433651 | R65: 25.861463 | S65: 23.577808 | T65: 20.015946 | U65: 14.632453 | V65: 10.810167 | W65: 9.0232714 | X65: 6.5743296 | Y65: 4.6052294 | Z65: 26.843174 | AA65: 26.454942 | AB65: 10.943566 | AC65: 21.413894 | AD65: 16.565245

Sheet RatxHoraxSD
A1: CUADRO 7: RESUMEN DE RATING POR HORA | AM | SABADO A DOMINGO
A3: RADIOS | B3: HORAS | Z3: PROMEDIO
B4: 00:00 - 00:59 | C4: 01:00 - 01:59 | D4: 02:00 - 02:59 | E4: 03:00 - 03:59 | F4: 04:00 - 04:59 | G4: 05:00 - 05:59 | H4: 06:00 - 06:59 | I4: 07:00 - 07:59 | J4: 08:00 - 08:59 | K4: 09:00 - 09:59 | L4: 10:00 - 10:59 | M4: 11:00 - 11:59 | N4: 12:00 - 12:59 | O4: 13:00 - 13:59 | P4: 14:00 - 14:59 | Q4: 15:00 - 15:59 | R4: 16:00 - 16:59 | S4: 17:00 - 17:59 | T4: 18:00 - 18:59 | U4: 19:00 - 19:59 | V4: 20:00 - 20:59 | W4: 21:00 - 21:59 | X4: 22:00 - 22:59 | Y4: 23:00 - 23:59 | Z4: 06:00 - 11:59 | AA4: 12:00 - 17:59 | AB4: 18:00 - 23:59 | AC4: 06:00 - 23:59 | AD4: 00:00 - 24:00
A5: CX4 RURAL | B5: 0.099345616 | C5: 0.099345616 | D5: 0.039062487 | E5: 0 | F5: 0 | G5: 0 | H5: 0.10384976 | I5: 0.18998933 | J5: 0.16228068 | K5: 0.097670518 | L5: 0.13208173 | M5: 0.13208173 | N5: 0.044292222 | O5: 0.071794549 | P5: 0.15258754 | Q5: 0.07145406 | R5: 0.12508521 | S5: 0.091421813 | T5: 0.019967752 | U5: 0.064838574 | V5: 0.064838574 | W5: 0.057376162 | X5: 0.025716815 | Y5: 0.096438649 | Z5: 0.13632562 | AA5: 0.092772565 | AB5: 0.054862754 | AC5: 0.094653648 | AD5: 0.080896641
A6: CX6 CLÁSICA | B6: 0 | C6: 0 | D6: 0 | E6: 0 | F6: 0 | G6: 0 | H6: 0 | I6: 0 | J6: 0.059956736 | K6: 0.088876127 | L6: 0.077578169 | M6: 0.048658778 | N6: 0.048658778 | O6: 0.10861551 | P6: 0.10861551 | Q6: 0.048658778 | R6: 0.077578169 | S6: 0.048658778 | T6: 0.048658778 | U6: 0.080710763 | V6: 0.048658778 | W6: 0 | X6: 0 | Y6: 0.032051985 | Z6: 0.045844968 | AA6: 0.073464255 | AB6: 0.035013384 | AC6: 0.051440869 | AD6: 0.038580652
A7: CX8 SARANDI | B7: 0.067275403 | C7: 0.064060031 | D7: 0.036557704 | E7: 0.036557704 | F7: 0.1278941 | G7: 0.24597405 | H7: 0.80602054 | I7: 1.2338777 | J7: 1.495825 | K7: 1.5834518 | L7: 1.3337219 | M7: 1.2006401 | N7: 0.58165415 | O7: 0.41551527 | P7: 0.24174203 | Q7: 0.21382184 | R7: 0.3273137 | S7: 0.28772855 | T7: 0.17451363 | U7: 0.11923854 | V7: 0.11746718 | W7: 0.26061375 | X7: 0.2129878 | Y7: 0.13364953 | Z7: 1.2755895 | AA7: 0.34462926 | AB7: 0.16974507 | AC7: 0.59665461 | AD7: 0.47158758
A8: CX10 CONTINENTE | B8: 0 | C8: 0 | D8: 0 | E8: 0 | F8: 0.040104888 | G8: 0.040104888 | H8: 0.027708659 | I8: 0.027708659 | J8: 0.071184118 | K8: 0.084237265 | L8: 0.027708659 | M8: 0.024554738 | N8: 0 | O8: 0 | P8: 0.082723457 | Q8: 0.033208715 | R8: 0.079545333 | S8: 0.033208715 | T8: 0.057763453 | U8: 0.073968828 | V8: 0.15362589 | W8: 0.15450772 | X8: 0.15450772 | Y8: 0.12907115 | Z8: 0.04385035 | AA8: 0.03811437 | AB8: 0.12057413 | AC8: 0.067512949 | AD8: 0.053976786
A9: CX12 ORIENTAL | B9: 0.039616921 | C9: 0 | D9: 0 | E9: 0 | F9: 0 | G9: 0.025627954 | H9: 0 | I9: 0.19045464 | J9: 0.28380595 | K9: 0.27094685 | L9: 0.3704851 | M9: 0.23815589 | N9: 0.14480768 | O9: 0.25864655 | P9: 0.3182182 | Q9: 0.23455021 | R9: 0.26814236 | S9: 0.20458972 | T9: 0.19307053 | U9: 0.19830773 | V9: 0.064503813 | W9: 0.081434733 | X9: 0.015351927 | Y9: 0.11159134 | Z9: 0.2256414 | AA9: 0.23815912 | AB9: 0.11071001 | AC9: 0.19150351 | AD9: 0.14634617
A10: CX14 EL ESPECTADOR | B10: 0.17612163 | C10: 0.062343049 | D10: 0.032051985 | E10: 0 | F10: 0 | G10: 0.065079788 | H10: 0.11801485 | I10: 0.253402 | J10: 0.28190543 | K10: 0.31134475 | L10: 0.34683065 | M10: 0.33868107 | N10: 0.13518935 | O10: 0.22498713 | P10: 0.084228438 | Q10: 0.15509636 | R10: 0.12193347 | S10: 0.0833614 | T10: 0.1015696 | U10: 0.17787823 | V10: 0.14621888 | W10: 0.18432137 | X10: 0.26410659 | Y10: 0.28386188 | Z10: 0.27502979 | AA10: 0.13413269 | AB10: 0.19299276 | AC10: 0.20071841 | AD10: 0.164522
A11: CX16 CARVE | B11: 0.032805607 | C11: 0.060389042 | D11: 0.091531772 | E11: 0.091531772 | F11: 0.063948337 | G11: 0.032805607 | H11: 0.049123445 | I11: 0.14945095 | J11: 0.31656151 | K11: 0.32235888 | L11: 0.23916211 | M11: 0.16995033 | N11: 0.032805607 | O11: 0 | P11: 0.14069348 | Q11: 0.14331803 | R11: 0.19880526 | S11: 0.11235622 | T11: 0.1435643 | U11: 0.1435643 | V11: 0.1435643 | W11: 0.1435643 | X11: 0.044292222 | Y11: 0.044292222 | Z11: 0.20776787 | AA11: 0.1046631 | AB11: 0.11047361 | AC11: 0.14096819 | AD11: 0.12126832
A12: CX18 SPORT 890 | B12: 0 | C12: 0 | D12: 0 | E12: 0.05434987 | F12: 0.025436572 | G12: 0.16299372 | H12: 0.20421654 | I12: 0.39205067 | J12: 0.42680731 | K12: 0.47411194 | L12: 0.32520575 | M12: 0.52746082 | N12: 0.52903589 | O12: 0.30088443 | P12: 0.36766585 | Q12: 0.39885957 | R12: 0.43901395 | S12: 0.54647091 | T12: 0.47172213 | U12: 0.48350577 | V12: 0.25495769 | W12: 0.20396327 | X12: 0.027664225 | Y12: 0 | Z12: 0.39164217 | AA12: 0.43032177 | AB12: 0.24030218 | AC12: 0.35408871 | AD12: 0.27568237
A13: CX20 MONTECARLO | B13: 0.21164733 | C13: 0.2604579 | D13: 0.10314895 | E13: 0.17712568 | F13: 0.059889706 | G13: 0.38812824 | H13: 1.3913727 | I13: 2.3172599 | J13: 2.5303552 | K13: 3.0630099 | L13: 2.6403905 | M13: 2.7850079 | N13: 2.0986689 | O13: 1.4120019 | P13: 1.3767189 | Q13: 1.3444512 | R13: 1.2997251 | S13: 1.2292902 | T13: 0.7663944 | U13: 0.4765566 | V13: 0.24280122 | W13: 0.29920752 | X13: 0.14280639 | Y13: 0.087429197 | Z13: 2.454566 | AA13: 1.4601427 | AB13: 0.33586589 | AC13: 1.4168582 | AD13: 1.1126602
A14: CX22 UNIVERSAL | B14: 0 | C14: 0 | D14: 0 | E14: 0 | F14: 0 | G14: 0 | H14: 0 | I14: 0.091047254 | J14: 0.090459016 | K14: 0.14152763 | L14: 0.1123223 | M14: 0.18106796 | N14: 0.22869113 | O14: 0.16618227 | P14: 0.085801653 | Q14: 0.14192816 | R14: 0.26468545 | S14: 0.20795675 | T14: 0.22953454 | U14: 0.11840905 | V14: 0.055966531 | W14: 0.12058875 | X14: 0.091490322 | Y14: 0.062014025 | Z14: 0.10273736 | AA14: 0.1825409 | AB14: 0.11300053 | AC14: 0.1327596 | AD14: 0.099569699
A15: CX24 RADIO 1010 AM | B15: 0 | C15: 0 | D15: 0 | E15: 0 | F15: 0 | G15: 0 | H15: 0.030717699 | I15: 0 | J15: 0.0563107 | K15: 0.0563107 | L15: 0.0563107 | M15: 0.11111299 | N15: 0.0563107 | O15: 0 | P15: 0.054802293 | Q15: 0.027096299 | R15: 0.053683189 | S15: 0.053683189 | T15: 0 | U15: 0.030717699 | V15: 0.030717699 | W15: 0.030717699 | X15: 0.030717699 | Y15: 0 | Z15: 0.051793799 | AA15: 0.040929278 | AB15: 0.020478466 | AC15: 0.037733848 | AD15: 0.028300386
A16: CX26 RADIO URUGUAY | B16: 0.062712138 | C16: 0.062712138 | D16: 0.062712138 | E16: 0.093396512 | F16: 0.062678813 | G16: 0.042305105 | H16: 0.071680993 | I16: 0.17153037 | J16: 0.26525765 | K16: 0.28211804 | L16: 0.20735332 | M16: 0.20681853 | N16: 0.10464432 | O16: 0.13987782 | P16: 0.25739504 | Q16: 0.21575795 | R16: 0.11069225 | S16: 0.071076706 | T16: 0.059266495 | U16: 0.098882044 | V16: 0.059266495 | W16: 0.028582122 | X16: 0.028582122 | Y16: 0.028582122 | Z16: 0.20079315 | AA16: 0.14990735 | AB16: 0.0505269 | AC16: 0.13374247 | AD16: 0.11641172
... A32: RATING GENERAL | B32: 2.3418094 | C32: 1.8937098 | D32: 1.6546421 | E32: 1.4561491 | F32: 1.6478512 | G32: 3.0724042 | H32: 7.5514462 | I32: 15.491547 | J32: 20.882704 | K32: 25.021801 | L32: 25.69823 | M32: 25.168289 | N32: 21.528099 | O32: 19.143019 | P32: 18.601559 | Q32: 17.262614 | R32: 17.847502 | S32: 16.213338 | T32: 13.855241 | U32: 11.274196 | V32: 8.4708108 | W32: 7.9186999 | X32: 5.7729131 | Y32: 4.3148172 | Z32: 19.969003 | AA32: 18.432688 | AB32: 8.6011129 | AC32: 15.667601 | AD32: 12.253475
A34: CUADRO 8: RESUMEN DE RATING POR HORA | FM | SABADO A DOMINGO
A36: RADIOS | B36: HORAS | Z36: PROMEDIO
B37: 00:00 - 00:59 | C37: 01:00 - 01:59 | D37: 02:00 - 02:59 | E37: 03:00 - 03:59 | F37: 04:00 - 04:59 | G37: 05:00 - 05:59 | H37: 06:00 - 06:59 | I37: 07:00 - 07:59 | J37: 08:00 - 08:59 | K37: 09:00 - 09:59 | L37: 10:00 - 10:59 | M37: 11:00 - 11:59 | N37: 12:00 - 12:59 | O37: 13:00 - 13:59 | P37: 14:00 - 14:59 | Q37: 15:00 - 15:59 | R37: 16:00 - 16:59 | S37: 17:00 - 17:59 | T37: 18:00 - 18:59 | U37: 19:00 - 19:59 | V37: 20:00 - 20:59 | W37: 21:00 - 21:59 | X37: 22:00 - 22:59 | Y37: 23:00 - 23:59 | Z37: 06:00 - 11:59 | AA37: 12:00 - 17:59 | AB37: 18:00 - 23:59 | AC37: 06:00 - 23:59 | AD37: 00:00 - 24:00
A38: 88.3 LACOSTA | B38: 0.085613441 | C38: 0.060396052 | D38: 0.060396052 | E38: 0.060396052 | F38: 0.060396052 | G38: 0.060396052 | H38: 0.12404669 | I38: 0.22831646 | J38: 0.38787726 | K38: 0.27641237 | L38: 0.15100587 | M38: 0.059816162 | N38: 0.049217506 | O38: 0.051432126 | P38: 0.15776542 | Q38: 0.22885146 | R38: 0.22634748 | S38: 0.23898306 | T38: 0.10604393 | U38: 0.1337653 | V38: 0.078611924 | W38: 0.10633329 | X38: 0 | Y38: 0 | Z38: 0.20457914 | AA38: 0.15876617 | AB38: 0.070792409 | AC38: 0.14471257 | AD38: 0.12468417
A39: 90.3 OLDIES | B39: 0.10371168 | C39: 0.10371168 | D39: 0.075072706 | E39: 0.089684873 | F39: 0 | G39: 0 | H39: 0.039440958 | I39: 0.070340404 | J39: 0.3513178 | K39: 0.45259959 | L39: 0.63173115 | M39: 0.71937266 | N39: 0.86119097 | O39: 0.76818936 | P39: 0.72431667 | Q39: 0.52538377 | R39: 0.44340781 | S39: 0.41525439 | T39: 0.38647032 | U39: 0.18070933 | V39: 0.10778579 | W39: 0.16277177 | X39: 0.25788225 | Y39: 0.27940807 | Z39: 0.37746709 | AA39: 0.62295716 | AB39: 0.22917125 | AC39: 0.40986517 | AD39: 0.32290642
A40: 91.1 RADIOFUTURA | B40: 0.043429844 | C40: 0.043429844 | D40: 0 | E40: 0.028067986 | F40: 0.028067986 | G40: 0.081652989 | H40: 0 | I40: 0.061758262 | J40: 0.2728275 | K40: 0.46582542 | L40: 0.60802956 | M40: 0.59322665 | N40: 0.4015091 | O40: 0.42336598 | P40: 0.48866277 | Q40: 0.51897575 | R40: 0.56668587 | S40: 0.468986 | T40: 0.48416026 | U40: 0.40975526 | V40: 0.35106044 | W40: 0.29146221 | X40: 0.22707271 | Y40: 0.072186693 | Z40: 0.33361123 | AA40: 0.47803091 | AB40: 0.3059496 | AC40: 0.37253058 | AD40: 0.28875829
A41: 91.9 DISNEY | B41: 0.081432913 | C41: 0 | D41: 0 | E41: 0 | F41: 0.064767899 | G41: 0.19912103 | H41: 0.28356266 | I41: 0.67334283 | J41: 1.2317308 | K41: 1.7620842 | L41: 1.9247844 | M41: 1.8623415 | N41: 1.7017736 | O41: 1.7325906 | P41: 1.2140182 | Q41: 1.1829878 | R41: 0.94368388 | S41: 0.88367401 | T41: 0.62563241 | U41: 0.6881876 | V41: 0.51441163 | W41: 0.35691414 | X41: 0.25435316 | Y41: 0.13880015 | Z41: 1.289641 | AA41: 1.2764547 | AB41: 0.42971652 | AC41: 0.99860408 | AD41: 0.76334147
A42: 92.5 CONCIERTO URBANA | B42: 0 | C42: 0 | D42: 0.030122241 | E42: 0 | F42: 0 | G42: 0 | H42: 0.076206509 | I42: 0.2088246 | J42: 0.30091374 | K42: 0.21313051 | L42: 0.086330047 | M42: 0.1226301 | N42: 0.11233432 | O42: 0.14891374 | P42: 0.086330047 | Q42: 0.13886837 | R42: 0.24493062 | S42: 0.21480838 | T42: 0.14274874 | U42: 0.11078165 | V42: 0.19672835 | W42: 0.15214651 | X42: 0 | Y42: 0 | Z42: 0.16800592 | AA42: 0.15769758 | AB42: 0.10040088 | AC42: 0.14203479 | AD42: 0.10778119
A43: 93.1 INOLVIDABLE | B43: 0.070394647 | C43: 0 | D43: 0 | E43: 0 | F43: 0.022270072 | G43: 0.022270072 | H43: 0.28715679 | I43: 0.46091099 | J43: 0.71807142 | K43: 0.90971982 | L43: 1.085883 | M43: 1.0386171 | N43: 1.048777 | O43: 1.2366652 | P43: 1.0384317 | Q43: 0.93344409 | R43: 1.0575018 | S43: 0.88693287 | T43: 0.95888738 | U43: 1.2101998 | V43: 0.97831644 | W43: 0.68979326 | X43: 0.38338865 | Y43: 0.14319555 | Z43: 0.75005985 | AA43: 1.0336254 | AB43: 0.72729684 | AC43: 0.83699405 | AD43: 0.63253449
A44: 93.9 OCEANO | B44: 0 | C44: 0 | D44: 0.029454697 | E44: 0 | F44: 0 | G44: 0 | H44: 0.062289334 | I44: 0.34257164 | J44: 0.22739614 | K44: 0.41402643 | L44: 0.70005059 | M44: 0.65990781 | N44: 0.67991856 | O44: 0.59919144 | P44: 0.51182707 | Q44: 0.56479488 | R44: 0.52006347 | S44: 0.43317525 | T44: 0.3018284 | U44: 0.11260522 | V44: 0.11582206 | W44: 0.12706697 | X44: 0.050860457 | Y44: 0.050860457 | Z44: 0.40104032 | AA44: 0.55149511 | AB44: 0.12650726 | AC44: 0.3596809 | AD44: 0.27098795
A45: 94.7 E. DEL SUR | B45: 0.035362714 | C45: 0.035362714 | D45: 0.065484955 | E45: 0 | F45: 0 | G45: 0.041628046 | H45: 0.041628046 | I45: 0.041628046 | J45: 0.064516284 | K45: 0.20595058 | L45: 0.2120658 | M45: 0.13651876 | N45: 0.11415663 | O45: 0.11415663 | P45: 0.072881147 | Q45: 0.15832164 | R45: 0.14638004 | S45: 0.1162578 | T45: 0.1084319 | U45: 0.11803953 | V45: 0.076098967 | W45: 0.095806394 | X45: 0.068085024 | Y45: 0.068085024 | Z45: 0.11705125 | AA45: 0.12035898 | AB45: 0.08909114 | AC45: 0.10883379 | AD45: 0.089035279
A46: 95.5 DEL PLATA | B46: 0.15874598 | C46: 0.15874598 | D46: 0.17659934 | E46: 0.11416415 | F46: 0 | G46: 0 | H46: 0.063383045 | I46: 0.15689674 | J46: 0.23444961 | K46: 0.4392703 | L46: 0.58450142 | M46: 0.6347349 | N46: 0.74811919 | O46: 0.69681854 | P46: 0.52886265 | Q46: 0.37457353 | R46: 0.54287485 | S46: 0.5036895 | T46: 0.39968149 | U46: 0.25809416 | V46: 0.2326412 | W46: 0.13729604 | X46: 0.19328217 | Y46: 0.29317436 | Z46: 0.352206 | AA46: 0.56582304 | AB46: 0.25236157 | AC46: 0.39013021 | AD46: 0.31794163
A47: 96.3 ALFA | B47: 0 | C47: 0 | D47: 0 | E47: 0 | F47: 0 | G47: 0 | H47: 0 | I47: 0 | J47: 0.089981234 | K47: 0.040003471 | L47: 0.19576178 | M47: 0.088531585 | N47: 0.21472392 | O47: 0.30382344 | P47: 0.16923776 | Q47: 0.13929684 | R47: 0.13929684 | S47: 0.089319076 | T47: 0.089319076 | U47: 0.10433516 | V47: 0.10433516 | W47: 0.10433516 | X47: 0.10449715 | Y47: 0.028935473 | Z47: 0.069046344 | AA47: 0.17594964 | AB47: 0.089292865 | AC47: 0.11142962 | AD47: 0.083572213
A48: 97.1 BABEL | B48: 0 | C48: 0 | D48: 0 | E48: 0 | F48: 0.069493197 | G48: 0.14110226 | H48: 0.14110226 | I48: 0.13602933 | J48: 0.11218673 | K48: 0.29184901 | L48: 0.47438549 | M48: 0.36649156 | N48: 0.21559032 | O48: 0.17986342 | P48: 0.19233366 | Q48: 0.29807918 | R48: 0.32730174 | S48: 0.34418577 | T48: 0.39084433 | U48: 0.48904194 | V48: 0.37244823 | W48: 0.32321842 | X48: 0.22045287 | Y48: 0.071971831 | Z48: 0.25367406 | AA48: 0.25955901 | AB48: 0.3113296 | AC48: 0.27485423 | AD48: 0.21491548
A49: 97.9 M24 | B49: 0 | C49: 0 | D49: 0 | E49: 0 | F49: 0.024726612 | G49: 0.052228939 | H49: 0.15057405 | I49: 0.27692425 | J49: 0.37758049 | K49: 0.40438064 | L49: 0.30594085 | M49: 0.31538222 | N49: 0.19121394 | O49: 0.20537102 | P49: 0.17052575 | Q49: 0.17052575 | R49: 0.15263606 | S49: 0.089329265 | T49: 0.13275911 | U49: 0.13275911 | V49: 0.043429844 | W49: 0.026868106 | X49: 0 | Y49: 0 | Z49: 0.30513042 | AA49: 0.16326696 | AB49: 0.055969361 | AC49: 0.17478892 | AD49: 0.13429817
... A65: RATING GENERAL | B65: 2.3418094 | C65: 1.8937098 | D65: 1.6546421 | E65: 1.4561491 | F65: 1.6478512 | G65: 3.0724042 | H65: 7.5514462 | I65: 15.491547 | J65: 20.882704 | K65: 25.021801 | L65: 25.69823 | M65: 25.168289 | N65: 21.528099 | O65: 19.143019 | P65: 18.601559 | Q65: 17.262614 | R65: 17.847502 | S65: 16.213338 | T65: 13.855241 | U65: 11.274196 | V65: 8.4708108 | W65: 7.9186999 | X65: 5.7729131 | Y65: 4.3148172 | Z65: 19.969003 | AA65: 18.432688 | AB65: 8.6011129 | AC65: 15.667601 | AD65: 12.253475

Sheet RatxLDxABC1
A1: CUADRO 9: RESUMEN DE RATING POR HORA - SEGMENTO ABC1 | AM | LUNES A DOMINGO
A3: RADIOS | B3: HORAS | Z3: PROMEDIO
B4: 00:00 - 00:59 | C4: 01:00 - 01:59 | D4: 02:00 - 02:59 | E4: 03:00 - 03:59 | F4: 04:00 - 04:59 | G4: 05:00 - 05:59 | H4: 06:00 - 06:59 | I4: 07:00 - 07:59 | J4: 08:00 - 08:59 | K4: 09:00 - 09:59 | L4: 10:00 - 10:59 | M4: 11:00 - 11:59 | N4: 12:00 - 12:59 | O4: 13:00 - 13:59 | P4: 14:00 - 14:59 | Q4: 15:00 - 15:59 | R4: 16:00 - 16:59 | S4: 17:00 - 17:59 | T4: 18:00 - 18:59 | U4: 19:00 - 19:59 | V4: 20:00 - 20:59 | W4: 21:00 - 21:59 | X4: 22:00 - 22:59 | Y4: 23:00 - 23:59 | Z4: 06:00 - 11:59 | AA4: 12:00 - 17:59 | AB4: 18:00 - 23:59 | AC4: 06:00 - 23:59 | AD4: 00:00 - 24:00
A5: CX4 RURAL | B5: 0.079371587 | C5: 0 | D5: 0 | E5: 0 | F5: 0 | G5: 0 | H5: 0.28193646 | I5: 0.32811072 | J5: 0.32811072 | K5: 0.28193646 | L5: 0.41552334 | M5: 0.3783906 | N5: 0.3336483 | O5: 0.3336483 | P5: 0.28193646 | Q5: 0.28193646 | R5: 0.28193646 | S5: 0.28193646 | T5: 0.059805269 | U5: 0.10677017 | V5: 0.093160561 | W5: 0.046195664 | X5: 0.18779913 | Y5: 0.14229594 | Z5: 0.33566805 | AA5: 0.29917374 | AB5: 0.10600445 | AC5: 0.24694875 | AD5: 0.18851871
A6: CX6 CLÁSICA | B6: 0 | C6: 0 | D6: 0 | E6: 0 | F6: 0 | G6: 0 | H6: 0 | I6: 0.086489594 | J6: 0.086489594 | K6: 0.052841978 | L6: 0.11125588 | M6: 0.11125588 | N6: 0.058413899 | O6: 0.058413899 | P6: 0.058413899 | Q6: 0.058413899 | R6: 0.058413899 | S6: 0.058413899 | T6: 0.058413899 | U6: 0.058413899 | V6: 0.058413899 | W6: 0 | X6: 0 | Y6: 0 | Z6: 0.074722154 | AA6: 0.058413899 | AB6: 0.029206949 | AC6: 0.054114334 | AD6: 0.040585751
A7: CX8 SARANDI | B7: 0.053225303 | C7: 0.053225303 | D7: 0.053225303 | E7: 0.053225303 | F7: 0.32332329 | G7: 0.91603383 | H7: 2.4451054 | I7: 3.781733 | J7: 3.6145892 | K7: 3.7167753 | L7: 3.2911227 | M7: 2.8199927 | N7: 1.4820875 | O7: 0.34449871 | P7: 0.33561108 | Q7: 0.609042 | R7: 1.0547528 | S7: 0.91199734 | T7: 0.59442471 | U7: 0.36519112 | V7: 0.15855914 | W7: 0.41075713 | X7: 0.37233286 | Y7: 0.1416642 | Z7: 3.2782197 | AA7: 0.7896649 | AB7: 0.34048819 | AC7: 1.4694576 | AD7: 1.162604
A8: CX10 CONTINENTE | B8: 0 | C8: 0 | D8: 0 | E8: 0 | F8: 0 | G8: 0 | H8: 0 | I8: 0 | J8: 0 | K8: 0 | L8: 0 | M8: 0 | N8: 0 | O8: 0 | P8: 0 | Q8: 0.039866405 | R8: 0.039866405 | S8: 0.039866405 | T8: 0.039866405 | U8: 0.039866405 | V8: 0.039866405 | W8: 0.039866405 | X8: 0.098080715 | Y8: 0.039866405 | Z8: 0 | AA8: 0.019933202 | AB8: 0.04956879 | AC8: 0.023167331 | AD8: 0.017375498
A9: CX12 ORIENTAL | B9: 0 | C9: 0 | D9: 0 | E9: 0 | F9: 0 | G9: 0 | H9: 0.068875711 | I9: 0.85231248 | J9: 0.81901428 | K9: 1.3973363 | L9: 1.2114424 | M9: 0.75700303 | N9: 0.27482575 | O9: 0.36518952 | P9: 0.2820318 | Q9: 0.21183753 | R9: 0.25216425 | S9: 0.06591216 | T9: 0.1873454 | U9: 0.14701868 | V9: 0.081106524 | W9: 0.074322251 | X9: 0.19138537 | Y9: 0.37853435 | Z9: 0.85099738 | AA9: 0.2419935 | AB9: 0.17661876 | AC9: 0.42320321 | AD9: 0.31740241
A10: CX14 EL ESPECTADOR | B10: 0.14294031 | C10: 0 | D10: 0 | E10: 0 | F10: 0 | G10: 0.040892547 | H10: 0.82423223 | I10: 1.3035998 | J10: 1.6166386 | K10: 1.85894 | L10: 1.6965756 | M10: 1.2295605 | N10: 1.0663067 | O10: 0.71173785 | P10: 0.085697613 | Q10: 0.095146247 | R10: 0.1035039 | S10: 0.081894795 | T10: 0.1909842 | U10: 0.15197996 | V10: 0.11207887 | W10: 0.10175649 | X10: 0.56977857 | Y10: 0.9082799 | Z10: 1.4215911 | AA10: 0.35738118 | AB10: 0.339143 | AC10: 0.70603843 | AD10: 0.53718852
A11: CX16 CARVE | B11: 0 | C11: 0 | D11: 0 | E11: 0 | F11: 0.051711844 | G11: 0.051711844 | H11: 0.14307409 | I11: 0.28035415 | J11: 0.36837064 | K11: 0.3133889 | L11: 0.37476921 | M11: 0.22689589 | N11: 0.21748907 | O11: 0.14047575 | P11: 0.14610179 | Q11: 0.10327079 | R11: 0.10327079 | S11: 0.051558943 | T11: 0.47928923 | U11: 0.47928923 | V11: 0.47928923 | W11: 0.58613464 | X11: 0.16001734 | Y11: 0.053171935 | Z11: 0.28447548 | AA11: 0.12702786 | AB11: 0.37286527 | AC11: 0.2614562 | AD11: 0.20040147
A12: CX18 SPORT 890 | B12: 0 | C12: 0 | D12: 0 | E12: 0 | F12: 0 | G12: 0 | H12: 0.61381322 | I12: 0.76318068 | J12: 1.0174815 | K12: 1.1193306 | L12: 0.93659373 | M12: 0.89718241 | N12: 0.33827195 | O12: 0.28491581 | P12: 0.41937077 | Q12: 0.65401251 | R12: 0.56111891 | S12: 0.57559034 | T12: 0.20406334 | U12: 0.47795889 | V12: 0.50730567 | W12: 0.35487624 | X12: 0.17477658 | Y12: 0.1272743 | Z12: 0.89126368 | AA12: 0.47221338 | AB12: 0.30770917 | AC12: 0.55706208 | AD12: 0.41779656
A13: CX20 MONTECARLO | B13: 0.72333813 | C13: 0.65872061 | D13: 0.06759988 | E13: 0.06759988 | F13: 0.1178996 | G13: 0.30892158 | H13: 1.5753647 | I13: 3.0871811 | J13: 3.0267043 | K13: 3.1021937 | L13: 3.0349575 | M13: 2.8974928 | N13: 2.6791962 | O13: 1.3369335 | P13: 1.7678565 | Q13: 1.3899174 | R13: 0.7845261 | S13: 0.67292449 | T13: 1.1037065 | U13: 0.35006373 | V13: 0.48556128 | W13: 0.38536599 | X13: 0.23146911 | Y13: 0.042286239 | Z13: 2.7873157 | AA13: 1.438559 | AB13: 0.43307547 | AC13: 1.5529834 | AD13: 1.2457409
A14: CX22 UNIVERSAL | B14: 0 | C14: 0 | D14: 0 | E14: 0 | F14: 0 | G14: 0 | H14: 0 | I14: 0 | J14: 0.070686643 | K14: 0.070686643 | L14: 0.26968972 | M14: 0.38691392 | N14: 0.25444755 | O14: 0.036288861 | P14: 0.06353433 | Q14: 0.21135471 | R14: 0.2903878 | S14: 0.32164885 | T14: 0.19935044 | U14: 0.10363548 | V14: 0.037691534 | W14: 0.037691534 | X14: 0.037691534 | Y14: 0 | Z14: 0.13299615 | AA14: 0.19627702 | AB14: 0.069343421 | AC14: 0.1328722 | AD14: 0.099654148
A15: CX24 RADIO 1010 AM | B15: 0 | C15: 0 | D15: 0 | E15: 0 | F15: 0 | G15: 0 | H15: 0 | I15: 0 | J15: 0.38849685 | K15: 0.38954805 | L15: 0.38954805 | M15: 0.38954805 | N15: 0.63391397 | O15: 0.26756439 | P15: 0.12448657 | Q15: 0 | R15: 0.12509938 | S15: 0.061234273 | T15: 0.061234273 | U15: 0.061234273 | V15: 0.061234273 | W15: 0 | X15: 0 | Y15: 0 | Z15: 0.2595235 | AA15: 0.20204976 | AB15: 0.030617136 | AC15: 0.16406347 | AD15: 0.1230476
A16: CX26 RADIO URUGUAY | B16: 0 | C16: 0 | D16: 0 | E16: 0 | F16: 0 | G16: 0.095629132 | H16: 0.16571044 | I16: 0.46872734 | J16: 0.57908314 | K16: 0.53061224 | L16: 0.36941555 | M16: 0.32675889 | N16: 0.1798857 | O16: 0.20782437 | P16: 0.5625352 | Q16: 0.65222169 | R16: 0.3206725 | S16: 0.23153818 | T16: 0.071907651 | U16: 0 | V16: 0 | W16: 0 | X16: 0 | Y16: 0.039574105 | Z16: 0.40671793 | AA16: 0.35911294 | AB16: 0.018580293 | AC16: 0.26147039 | AD16: 0.20008734
... A32: RATING GENERAL | B32: 1.4354057 | C32: 1.0755746 | D32: 0.49730308 | E32: 0.57073428 | F32: 1.2980455 | G32: 3.2988831 | H32: 11.130713 | I32: 21.752671 | J32: 30.862634 | K32: 35.588366 | L32: 34.585628 | M32: 32.992028 | N32: 27.801299 | O32: 21.475339 | P32: 21.648205 | Q32: 22.141799 | R32: 22.880562 | S32: 20.793289 | T32: 18.52795 | U32: 13.167374 | V32: 9.1713621 | W32: 7.1620429 | X32: 5.6410947 | Y32: 4.4912099 | Z32: 27.818673 | AA32: 22.790082 | AB32: 9.6935055 | AC32: 20.100754 | AD32: 15.41623
A34: CUADRO 10: RESUMEN DE RATING POR HORA - SEGMENTO ABC1 | FM | LUNES A DOMINGO
A36: RADIOS | B36: HORAS | Z36: PROMEDIO
B37: 00:00 - 00:59 | C37: 01:00 - 01:59 | D37: 02:00 - 02:59 | E37: 03:00 - 03:59 | F37: 04:00 - 04:59 | G37: 05:00 - 05:59 | H37: 06:00 - 06:59 | I37: 07:00 - 07:59 | J37: 08:00 - 08:59 | K37: 09:00 - 09:59 | L37: 10:00 - 10:59 | M37: 11:00 - 11:59 | N37: 12:00 - 12:59 | O37: 13:00 - 13:59 | P37: 14:00 - 14:59 | Q37: 15:00 - 15:59 | R37: 16:00 - 16:59 | S37: 17:00 - 17:59 | T37: 18:00 - 18:59 | U37: 19:00 - 19:59 | V37: 20:00 - 20:59 | W37: 21:00 - 21:59 | X37: 22:00 - 22:59 | Y37: 23:00 - 23:59 | Z37: 06:00 - 11:59 | AA37: 12:00 - 17:59 | AB37: 18:00 - 23:59 | AC37: 06:00 - 23:59 | AD37: 00:00 - 24:00
A38: 88.3 LACOSTA | B38: 0 | C38: 0 | D38: 0 | E38: 0 | F38: 0 | G38: 0 | H38: 0 | I38: 0.39335045 | J38: 0.54176051 | K38: 0.54176051 | L38: 0.18290328 | M38: 0.13525526 | N38: 0.22364922 | O38: 0.22364922 | P38: 0.22962731 | Q38: 0.33408299 | R38: 0.43896062 | S38: 0.4828216 | T38: 0.2872217 | U38: 0.094372057 | V38: 0.18276602 | W38: 0.094372057 | X38: 0.088393965 | Y38: 0 | Z38: 0.29917167 | AA38: 0.32213183 | AB38: 0.12452097 | AC38: 0.24860815 | AD38: 0.18645612
A39: 90.3 OLDIES | B39: 0 | C39: 0 | D39: 0 | E39: 0 | F39: 0 | G39: 0 | H39: 0 | I39: 0.054356728 | J39: 0.31927897 | K39: 0.71016117 | L39: 1.4529798 | M39: 1.9335253 | N39: 2.3772452 | O39: 2.1784068 | P39: 1.699272 | Q39: 1.4479604 | R39: 1.2291172 | S39: 1.2891288 | T39: 1.0009376 | U39: 0.63970518 | V39: 0.36535407 | W39: 0.28789157 | X39: 0.39508599 | Y39: 0.2824019 | Z39: 0.74505034 | AA39: 1.7035217 | AB39: 0.49522938 | AC39: 0.98126714 | AD39: 0.73595036
A40: 91.1 RADIOFUTURA | B40: 0 | C40: 0 | D40: 0 | E40: 0 | F40: 0 | G40: 0 | H40: 0.26675657 | I40: 0.28143777 | J40: 0.33524688 | K40: 0.53009069 | L40: 0.36886646 | M40: 0.51197888 | N40: 0.16822931 | O40: 0.19308275 | P40: 0.33665717 | Q40: 0.081166862 | R40: 0.13136317 | S40: 0.15893328 | T40: 0.54091699 | U40: 0.85492898 | V40: 0.70272742 | W40: 0.38582769 | X40: 0.24078988 | Y40: 0.12142171 | Z40: 0.38239621 | AA40: 0.17823876 | AB40: 0.47443544 | AC40: 0.34502347 | AD40: 0.2587676
A41: 91.9 DISNEY | B41: 0 | C41: 0 | D41: 0 | E41: 0 | F41: 0 | G41: 0 | H41: 0.22530392 | I41: 0.74078138 | J41: 1.1311828 | K41: 1.5839163 | L41: 1.94891 | M41: 2.115919 | N41: 2.0651086 | O41: 2.1845174 | P41: 2.1845056 | Q41: 2.3046816 | R41: 2.1132426 | S41: 2.1379538 | T41: 2.1412021 | U41: 1.3896445 | V41: 0.69741864 | W41: 0.36204726 | X41: 0.20379457 | Y41: 0.10829553 | Z41: 1.2910022 | AA41: 2.1650016 | AB41: 0.81706711 | AC41: 1.424357 | AD41: 1.0682677
A42: 92.5 CONCIERTO URBANA | B42: 0 | C42: 0 | D42: 0 | E42: 0 | F42: 0 | G42: 0 | H42: 0.091484405 | I42: 0.47065117 | J42: 1.0565144 | K42: 0.92568765 | L42: 0.47029713 | M42: 0.42286007 | N42: 0.31230516 | O42: 0.3705524 | P42: 0.50061091 | Q42: 0.41141088 | R42: 0.54246298 | S42: 0.36338083 | T42: 0.44474322 | U42: 0.34058245 | V42: 0.4520778 | W42: 0.18264888 | X42: 0 | Y42: 0 | Z42: 0.57291581 | AA42: 0.41678719 | AB42: 0.23667539 | AC42: 0.4087928 | AD42: 0.3065946
A43: 93.1 INOLVIDABLE | B43: 0.037578876 | C43: 0 | D43: 0 | E43: 0 | F43: 0 | G43: 0 | H43: 0.28766571 | I43: 0.32029099 | J43: 0.86543277 | K43: 1.0408749 | L43: 1.3424115 | M43: 1.6362565 | N43: 1.3853388 | O43: 1.3443663 | P43: 1.3571678 | Q43: 1.4283267 | R43: 1.4459807 | S43: 1.2028736 | T43: 1.1721352 | U43: 0.74965538 | V43: 0.67951176 | W43: 0.27961737 | X43: 0.17560946 | Y43: 0.24422127 | Z43: 0.91548871 | AA43: 1.3606756 | AB43: 0.55012508 | AC43: 0.94209647 | AD43: 0.70813814
A44: 93.9 OCEANO | B44: 0 | C44: 0 | D44: 0 | E44: 0 | F44: 0 | G44: 0 | H44: 0.073601522 | I44: 0.46017823 | J44: 1.2181481 | K44: 1.2151067 | L44: 1.3465815 | M44: 1.0725034 | N44: 1.3329331 | O44: 1.2052456 | P44: 1.5150124 | Q44: 1.2703839 | R44: 1.2340462 | S44: 0.96230992 | T44: 0.31590596 | U44: 0.37406195 | V44: 0.15331931 | W44: 0.2874725 | X44: 0.14777454 | Y44: 0.10264999 | Z44: 0.89768659 | AA44: 1.2533218 | AB44: 0.23019737 | AC44: 0.79373526 | AD44: 0.59530145
A45: 94.7 E. DEL SUR | B45: 0 | C45: 0 | D45: 0 | E45: 0 | F45: 0 | G45: 0 | H45: 0 | I45: 0.10302077 | J45: 0.10302077 | K45: 0.44169859 | L45: 0.34502601 | M45: 0.13123798 | N45: 0.035060216 | O45: 0.035060216 | P45: 0.073383038 | Q45: 0.046964897 | R45: 0.24666496 | S45: 0.31613054 | T45: 0.18903812 | U45: 0.11358602 | V45: 0.033647616 | W45: 0.10364242 | X45: 0 | Y45: 0 | Z45: 0.18733402 | AA45: 0.12554398 | AB45: 0.073319028 | AC45: 0.12873234 | AD45: 0.096549257
A46: 95.5 DEL PLATA | B46: 0.14372687 | C46: 0.10173316 | D46: 0 | E46: 0 | F46: 0 | G46: 0 | H46: 0.061677415 | I46: 0.1857771 | J46: 0.45788779 | K46: 0.62976769 | L46: 0.64844864 | M46: 0.70787697 | N46: 0.85099134 | O46: 0.63734441 | P46: 0.88108363 | Q46: 0.7431294 | R46: 0.94734366 | S46: 0.8566786 | T46: 0.89978427 | U46: 0.7537739 | V46: 0.46441492 | W46: 0.40748453 | X46: 0.35612584 | Y46: 0.30162684 | Z46: 0.4485726 | AA46: 0.81942851 | AB46: 0.53053505 | AC46: 0.59951205 | AD46: 0.45986154
A47: 96.3 ALFA | B47: 0 | C47: 0 | D47: 0 | E47: 0 | F47: 0 | G47: 0 | H47: 0 | I47: 0 | J47: 0.33726943 | K47: 0.18583874 | L47: 0.50532776 | M47: 0.17444772 | N47: 0.23744138 | O47: 0.33866574 | P47: 0.18280601 | Q47: 0.19891824 | R47: 0.19891824 | S47: 0.18376362 | T47: 0.084810515 | U47: 0.35230826 | V47: 0.31234044 | W47: 0.31234044 | X47: 0.31234044 | Y47: 0.08993116 | Z47: 0.20048061 | AA47: 0.22341887 | AB47: 0.24401188 | AC47: 0.22263712 | AD47: 0.16697784
A48: 97.1 BABEL | B48: 0 | C48: 0 | D48: 0.049032778 | E48: 0 | F48: 0 | G48: 0.085965259 | H48: 0.085965259 | I48: 0.085965259 | J48: 0.043577497 | K48: 0.55079908 | L48: 0.35126326 | M48: 0.39291586 | N48: 0.26050342 | O48: 0.14453617 | P48: 0.11047368 | Q48: 0.16769345 | R48: 0.4272896 | S48: 0.41509353 | T48: 0.48258447 | U48: 0.59481173 | V48: 0.45528274 | W48: 0.46790564 | X48: 0.35227556 | Y48: 0.10298405 | Z48: 0.2517477 | AA48: 0.25426498 | AB48: 0.40930737 | AC48: 0.30510668 | AD48: 0.23445493
A49: 97.9 M24 | B49: 0 | C49: 0 | D49: 0 | E49: 0 | F49: 0 | G49: 0 | H49: 0.047415304 | I49: 0.15179767 | J49: 0.28582137 | K49: 0.36919103 | L49: 0.36919103 | M49: 0.29987613 | N49: 0.27450029 | O49: 0.24705227 | P49: 0.14057379 | Q49: 0.18218762 | R49: 0.083900075 | S49: 0.041613835 | T49: 0.041613835 | U49: 0 | V49: 0 | W49: 0 | X49: 0 | Y49: 0 | Z49: 0.25388209 | AA49: 0.16163798 | AB49: 0.0069356392 | AC49: 0.14081857 | AD49: 0.10561393
... A65: RATING GENERAL | B65: 1.4354057 | C65: 1.0755746 | D65: 0.49730308 | E65: 0.57073428 | F65: 1.2980455 | G65: 3.2988831 | H65: 11.130713 | I65: 21.752671 | J65: 30.862634 | K65: 35.588366 | L65: 34.585628 | M65: 32.992028 | N65: 27.801299 | O65: 21.475339 | P65: 21.648205 | Q65: 22.141799 | R65: 22.880562 | S65: 20.793289 | T65: 18.52795 | U65: 13.167374 | V65: 9.1713621 | W65: 7.1620429 | X65: 5.6410947 | Y65: 4.4912099 | Z65: 27.818673 | AA65: 22.790082 | AB65: 9.6935055 | AC65: 20.100754 | AD65: 15.41623

Sheet RatxLDxC2C3D1
A1: CUADRO 11: RESUMEN DE RATING POR HORA - SEGMENTO C2C3D1 | AM | LUNES A DOMINGO
A3: RADIOS | B3: HORAS | Z3: PROMEDIO
B4: 00:00 - 00:59 | C4: 01:00 - 01:59 | D4: 02:00 - 02:59 | E4: 03:00 - 03:59 | F4: 04:00 - 04:59 | G4: 05:00 - 05:59 | H4: 06:00 - 06:59 | I4: 07:00 - 07:59 | J4: 08:00 - 08:59 | K4: 09:00 - 09:59 | L4: 10:00 - 10:59 | M4: 11:00 - 11:59 | N4: 12:00 - 12:59 | O4: 13:00 - 13:59 | P4: 14:00 - 14:59 | Q4: 15:00 - 15:59 | R4: 16:00 - 16:59 | S4: 17:00 - 17:59 | T4: 18:00 - 18:59 | U4: 19:00 - 19:59 | V4: 20:00 - 20:59 | W4: 21:00 - 21:59 | X4: 22:00 - 22:59 | Y4: 23:00 - 23:59 | Z4: 06:00 - 11:59 | AA4: 12:00 - 17:59 | AB4: 18:00 - 23:59 | AC4: 06:00 - 23:59 | AD4: 00:00 - 24:00
A5: CX4 RURAL | B5: 0.16338803 | C5: 0.14417721 | D5: 0.077918193 | E5: 0 | F5: 0 | G5: 0 | H5: 0.1007541 | I5: 0.12662348 | J5: 0.054394881 | K5: 0.051457279 | L5: 0.057105585 | M5: 0.086101624 | N5: 0.02995025 | O5: 0.10385223 | P5: 0.22779657 | Q5: 0.13891091 | R5: 0.18838173 | S5: 0.049294495 | T5: 0.026898824 | U5: 0.066859518 | V5: 0.037217874 | W5: 0.091790044 | X5: 0.062851997 | Y5: 0.17080747 | Z5: 0.079406159 | AA5: 0.12303103 | AB5: 0.076070954 | AC5: 0.092836048 | AD5: 0.085688846
A6: CX6 CLÁSICA | B6: 0 | C6: 0 | D6: 0 | E6: 0 | F6: 0 | G6: 0 | H6: 0 | I6: 0.025488193 | J6: 0.10886073 | K6: 0.1114751 | L6: 0.028102569 | M6: 0 | N6: 0 | O6: 0.11569386 | P6: 0.11569386 | Q6: 0.032321323 | R6: 0.013748225 | S6: 0 | T6: 0 | U6: 0.015237454 | V6: 0.010399373 | W6: 0 | X6: 0 | Y6: 0.015237454 | Z6: 0.045654432 | AA6: 0.046242877 | AB6: 0.0068123803 | AC6: 0.03290323 | AD6: 0.024677422
A7: CX8 SARANDI | B7: 0.050132212 | C7: 0.03045402 | D7: 0.017379465 | E7: 0.017379465 | F7: 0.03045402 | G7: 0.14693531 | H7: 0.70935402 | I7: 1.2318683 | J7: 1.7875038 | K7: 1.7754374 | L7: 1.5235924 | M7: 1.3406338 | N7: 0.81462806 | O7: 0.68372074 | P7: 0.49692733 | Q7: 0.3592826 | R7: 0.39770318 | S7: 0.31154879 | T7: 0.1568672 | U7: 0.087712574 | V7: 0.11043446 | W7: 0.067094308 | X7: 0.060277041 | Y7: 0.031918329 | Z7: 1.3947316 | AA7: 0.51063512 | AB7: 0.085717318 | AC7: 0.66369468 | AD7: 0.50996828
A8: CX10 CONTINENTE | B8: 0 | C8: 0 | D8: 0 | E8: 0 | F8: 0.019065789 | G8: 0.019065789 | H8: 0.027930376 | I8: 0.080002653 | J8: 0.15864781 | K8: 0.13552279 | L8: 0.132542 | M8: 0.11698763 | N8: 0.11942307 | O8: 0.068089456 | P8: 0.16515147 | Q8: 0.035665826 | R8: 0.12236036 | S8: 0.014416405 | T8: 0.026089682 | U8: 0.052606708 | V8: 0.17735448 | W8: 0.19228391 | X8: 0.19281734 | Y8: 0.15958561 | Z8: 0.10860554 | AA8: 0.087517763 | AB8: 0.13345629 | AC8: 0.10985986 | AD8: 0.083983714
A9: CX12 ORIENTAL | B9: 0.018833811 | C9: 0 | D9: 0 | E9: 0 | F9: 0.012078886 | G9: 0.024262368 | H9: 0.10063121 | I9: 0.26482986 | J9: 0.41336898 | K9: 0.25352761 | L9: 0.27353522 | M9: 0.19560405 | N9: 0.16742353 | O9: 0.19646683 | P9: 0.26724615 | Q9: 0.18997407 | R9: 0.18997407 | S9: 0.22390151 | T9: 0.047124424 | U9: 0.18344356 | V9: 0.11965561 | W9: 0.19468943 | X9: 0.074014379 | Y9: 0.058684188 | Z9: 0.25024949 | AA9: 0.20583103 | AB9: 0.11293527 | AC9: 0.18967193 | AD9: 0.14455291
A10: CX14 EL ESPECTADOR | B10: 0.13677091 | C10: 0.042584317 | D10: 0.044879099 | E10: 0 | F10: 0 | G10: 0.11162383 | H10: 0.18634636 | I10: 0.22478767 | J10: 0.28170628 | K10: 0.31504745 | L10: 0.13865551 | M10: 0.31496421 | N10: 0.10001268 | O10: 0.34535832 | P10: 0.21027373 | Q10: 0.29259445 | R10: 0.19859122 | S10: 0.036210571 | T10: 0.035775083 | U10: 0.18241693 | V10: 0.085251088 | W10: 0.10046084 | X10: 0.095348103 | Y10: 0.060658123 | Z10: 0.24358458 | AA10: 0.19717349 | AB10: 0.093318361 | AC10: 0.17802548 | AD10: 0.1475132
A11: CX16 CARVE | B11: 0.076872167 | C11: 0.055683141 | D11: 0.043514035 | E11: 0.043514035 | F11: 0.030400921 | G11: 0.066184513 | H11: 0.12348313 | I11: 0.11218489 | J11: 0.16823695 | K11: 0.15913727 | L11: 0.13103397 | M11: 0.088577701 | N11: 0.144039 | O11: 0.18628894 | P11: 0.30488343 | Q11: 0.27136939 | R11: 0.34003517 | S11: 0.21476275 | T11: 0.074846842 | U11: 0.075643073 | V11: 0.045453227 | W11: 0.032068625 | X11: 0.091013722 | Y11: 0.077508995 | Z11: 0.13044232 | AA11: 0.24356311 | AB11: 0.066089081 | AC11: 0.14669817 | AD11: 0.12319733
A12: CX18 SPORT 890 | B12: 0.068892499 | C12: 0.068892499 | D12: 0.032387105 | E12: 0.089353117 | F12: 0.070669887 | G12: 0.27994773 | H12: 0.30579557 | I12: 0.65012459 | J12: 0.82072062 | K12: 0.89815021 | L12: 0.62832002 | M12: 0.7787009 | N12: 0.74819523 | O12: 0.59585088 | P12: 0.64292537 | Q12: 0.65859566 | R12: 0.67521239 | S12: 0.67932375 | T12: 0.46176099 | U12: 0.26161307 | V12: 0.13082104 | W12: 0.057706107 | X12: 0.049992627 | Y12: 0.049545409 | Z12: 0.68030198 | AA12: 0.66668388 | AB12: 0.16857321 | AC12: 0.50518636 | AD12: 0.40431239
A13: CX20 MONTECARLO | B13: 0.14406288 | C13: 0.26259103 | D13: 0.21187248 | E13: 0.20264718 | F13: 0.15411731 | G13: 0.70589652 | H13: 1.7133793 | I13: 3.0022362 | J13: 3.4115046 | K13: 3.9471183 | L13: 3.4745939 | M13: 3.8561399 | N13: 2.6573339 | O13: 1.6060896 | P13: 1.2996946 | Q13: 1.0139454 | R13: 0.91159172 | S13: 0.83843529 | T13: 0.67905429 | U13: 0.63457589 | V13: 0.34290217 | W13: 0.28903415 | X13: 0.2865078 | Y13: 0.19430885 | Z13: 3.234162 | AA13: 1.3878484 | AB13: 0.40439719 | AC13: 1.6754692 | AD13: 1.3266514
A14: CX22 UNIVERSAL | B14: 0.067444671 | C14: 0.067444671 | D14: 0.054637692 | E14: 0.080530951 | F14: 0.068762069 | G14: 0.053130595 | H14: 0.053886491 | I14: 0.12730444 | J14: 0.12749843 | K14: 0.18021143 | L14: 0.18661057 | M14: 0.26267622 | N14: 0.30136657 | O14: 0.19435062 | P14: 0.075203879 | Q14: 0.10682376 | R14: 0.17096897 | S14: 0.14854558 | T14: 0.079587084 | U14: 0.11892907 | V14: 0.17008461 | W14: 0.18981599 | X14: 0.13311291 | Y14: 0.053538714 | Z14: 0.1563646 | AA14: 0.1662099 | AB14: 0.12417806 | AC14: 0.14891752 | AD14: 0.12801942
A15: CX24 RADIO 1010 AM | B15: 0.039605751 | C15: 0 | D15: 0 | E15: 0 | F15: 0 | G15: 0 | H15: 0.057340948 | I15: 0.094969405 | J15: 0.052231594 | K15: 0.078778533 | L15: 0.026546939 | M15: 0.10735955 | N15: 0.040261064 | O15: 0.055972979 | P15: 0.11035206 | Q15: 0.12990864 | R15: 0.20467059 | S15: 0.10325476 | T15: 0.073433006 | U15: 0.07565762 | V15: 0.02563341 | W15: 0.014603137 | X15: 0.014603137 | Y15: 0.013212913 | Z15: 0.069537829 | AA15: 0.10740335 | AB15: 0.036190537 | AC15: 0.071043905 | AD15: 0.054933168
A16: CX26 RADIO URUGUAY | B16: 0.058597699 | C16: 0.072327507 | D16: 0.085658555 | E16: 0.086914801 | F16: 0.087955572 | G16: 0.030316679 | H16: 0.044046486 | I16: 0 | J16: 0.11196965 | K16: 0.17029427 | L16: 0.25558052 | M16: 0.28630647 | N16: 0.22208243 | O16: 0.11366067 | P16: 0.12066565 | Q16: 0.074002781 | R16: 0.084830511 | S16: 0.041075583 | T16: 0.069263771 | U16: 0.07437399 | V16: 0.13720617 | W16: 0.12261888 | X16: 0.047176878 | Y16: 0.025600588 | Z16: 0.14469957 | AA16: 0.10938627 | AB16: 0.07937338 | AC16: 0.11115307 | AD16: 0.10093859
... A32: RATING GENERAL | B32: 2.0830141 | C32: 1.9060998 | D32: 1.6491541 | E32: 1.5689979 | F32: 1.7894691 | G32: 4.1004899 | H32: 10.151074 | I32: 20.524537 | J32: 28.533941 | K32: 32.857352 | L32: 32.332965 | M32: 32.693963 | N32: 27.668319 | O32: 25.601386 | P32: 25.862155 | Q32: 24.112142 | R32: 23.871965 | S32: 21.772168 | T32: 18.065035 | U32: 13.509791 | V32: 9.8792028 | W32: 8.6626945 | X32: 6.6436734 | Y32: 4.5277061 | Z32: 26.182305 | AA32: 24.814689 | AB32: 10.214684 | AC32: 20.403893 | AD32: 15.848637
A34: CUADRO 12: RESUMEN DE RATING POR HORA - SEGMENTO C2C3D1 | FM | LUNES A DOMINGO
A36: RADIOS | B36: HORAS | Z36: PROMEDIO
B37: 00:00 - 00:59 | C37: 01:00 - 01:59 | D37: 02:00 - 02:59 | E37: 03:00 - 03:59 | F37: 04:00 - 04:59 | G37: 05:00 - 05:59 | H37: 06:00 - 06:59 | I37: 07:00 - 07:59 | J37: 08:00 - 08:59 | K37: 09:00 - 09:59 | L37: 10:00 - 10:59 | M37: 11:00 - 11:59 | N37: 12:00 - 12:59 | O37: 13:00 - 13:59 | P37: 14:00 - 14:59 | Q37: 15:00 - 15:59 | R37: 16:00 - 16:59 | S37: 17:00 - 17:59 | T37: 18:00 - 18:59 | U37: 19:00 - 19:59 | V37: 20:00 - 20:59 | W37: 21:00 - 21:59 | X37: 22:00 - 22:59 | Y37: 23:00 - 23:59 | Z37: 06:00 - 11:59 | AA37: 12:00 - 17:59 | AB37: 18:00 - 23:59 | AC37: 06:00 - 23:59 | AD37: 00:00 - 24:00
A38: 88.3 LACOSTA | B38: 0.0119883 | C38: 0 | D38: 0 | E38: 0 | F38: 0 | G38: 0.064851279 | H38: 0.052673302 | I38: 0.049677159 | J38: 0.11947566 | K38: 0.096021794 | L38: 0.14138512 | M38: 0.045255638 | N38: 0.21641205 | O38: 0.34577792 | P38: 0.24606864 | Q38: 0.20260266 | R38: 0.20372659 | S38: 0.30021384 | T38: 0.10740571 | U38: 0.32029847 | V38: 0.23560192 | W38: 0.24878061 | X38: 0.23560192 | Y38: 0.064851279 | Z38: 0.084081444 | AA38: 0.25246695 | AB38: 0.20208999 | AC38: 0.17954613 | AD38: 0.13786124
A39: 90.3 OLDIES | B39: 0.10957383 | C39: 0.10957383 | D39: 0.11891418 | E39: 0.11891418 | F39: 0.022955261 | G39: 0.037822618 | H39: 0.15031936 | I39: 0.47191761 | J39: 0.78252282 | K39: 0.76841242 | L39: 0.80701828 | M39: 0.60318777 | N39: 0.55728921 | O39: 0.62417061 | P39: 0.67098508 | Q39: 0.53880264 | R39: 0.45430623 | S39: 0.3633543 | T39: 0.45177968 | U39: 0.17538845 | V39: 0.16062058 | W39: 0.19521747 | X39: 0.24368832 | Y39: 0.30706898 | Z39: 0.59722971 | AA39: 0.53481801 | AB39: 0.25562725 | AC39: 0.46255832 | AD39: 0.36849182
A40: 91.1 RADIOFUTURA | B40: 0.041840811 | C40: 0.041840811 | D40: 0.021194344 | E40: 0.034537812 | F40: 0.034537812 | G40: 0.039321336 | H40: 0.05773285 | I40: 0.13700269 | J40: 0.43529263 | K40: 0.86279701 | L40: 1.0207458 | M40: 1.1822509 | N40: 0.95408399 | O40: 0.97727788 | P40: 0.76456385 | Q40: 0.81655736 | R40: 0.88288564 | S40: 0.83000716 | T40: 0.85632679 | U40: 0.71062439 | V40: 0.52118585 | W40: 0.3699883 | X40: 0.34000899 | Y40: 0.20456981 | Z40: 0.6159703 | AA40: 0.87089598 | AB40: 0.50045069 | AC40: 0.66243899 | AD40: 0.50571561
A41: 91.9 DISNEY | B41: 0.079581399 | C41: 0.056792442 | D41: 0.029446518 | E41: 0.015475356 | F41: 0.049770638 | G41: 0.27863383 | H41: 0.68059759 | I41: 1.303402 | J41: 1.7577634 | K41: 2.427428 | L41: 2.4484652 | M41: 2.7749805 | N41: 2.42595 | O41: 2.2605247 | P41: 2.0309373 | Q41: 1.9769887 | R41: 1.9054033 | S41: 1.7387087 | T41: 1.1850479 | U41: 0.98069508 | V41: 0.68844132 | W41: 0.39701986 | X41: 0.36479212 | Y41: 0.25599422 | Z41: 1.8987728 | AA41: 2.0564188 | AB41: 0.64533176 | AC41: 1.5335078 | AD41: 1.1713683
A42: 92.5 CONCIERTO URBANA | B42: 0 | C42: 0 | D42: 0.014320058 | E42: 0 | F42: 0 | G42: 0 | H42: 0 | I42: 0.034196878 | J42: 0.020455982 | K42: 0.10339835 | L42: 0.10339835 | M42: 0.10339835 | N42: 0.074806635 | O42: 0.074806635 | P42: 0.074806635 | Q42: 0.11003993 | R42: 0.12435999 | S42: 0.17135883 | T42: 0.17745527 | U42: 0.095262617 | V42: 0.036365915 | W42: 0.014354344 | X42: 0 | Y42: 0.013034915 | Z42: 0.060807985 | AA42: 0.10502978 | AB42: 0.056078843 | AC42: 0.073972201 | AD42: 0.05607582
A43: 93.1 INOLVIDABLE | B43: 0.026519047 | C43: 0.026519047 | D43: 0.041442734 | E43: 0.040899129 | F43: 0.026519047 | G43: 0.026519047 | H43: 0.2758073 | I43: 0.55327475 | J43: 1.008026 | K43: 1.1124506 | L43: 1.3381998 | M43: 1.3028154 | N43: 1.5100409 | O43: 1.5157394 | P43: 1.5346205 | Q43: 0.95948174 | R43: 1.1546411 | S43: 0.81234482 | T43: 0.9119869 | U43: 1.2420811 | V43: 1.0620379 | W43: 0.952647 | X43: 0.44402475 | Y43: 0.063049449 | Z43: 0.93176231 | AA43: 1.2478114 | AB43: 0.77930452 | AC43: 0.98629275 | AD43: 0.74757031
A44: 93.9 OCEANO | B44: 0.011864747 | C44: 0.011864747 | D44: 0.014002708 | E44: 0 | F44: 0 | G44: 0.028488395 | H44: 0.14005829 | I44: 0.59994116 | J44: 0.69492227 | K44: 0.72413082 | L44: 0.76815917 | M44: 0.97826906 | N44: 1.3226703 | O44: 1.2817518 | P44: 1.101211 | Q44: 0.86054814 | R44: 0.77720679 | S44: 0.680465 | T44: 0.36910119 | U44: 0.24970797 | V44: 0.13002892 | W44: 0.094776415 | X44: 0.011864747 | Y44: 0.011864747 | Z44: 0.65091346 | AA44: 1.0039755 | AB44: 0.14455733 | AC44: 0.59981543 | AD44: 0.45262076
A45: 94.7 E. DEL SUR | B45: 0.016811369 | C45: 0.016811369 | D45: 0.046055114 | E45: 0 | F45: 0 | G45: 0.014976797 | H45: 0.029068597 | I45: 0.057444146 | J45: 0.070791059 | K45: 0.13228059 | L45: 0.12915709 | M45: 0.20263084 | N45: 0.073601606 | O45: 0.098069871 | P45: 0.095491343 | Q45: 0.14268808 | R45: 0.09315734 | S45: 0.14023036 | T45: 0.07008038 | U45: 0.067630746 | V45: 0.070856932 | W45: 0.072706763 | X45: 0.064853451 | Y45: 0.10308907 | Z45: 0.10356205 | AA45: 0.10720643 | AB45: 0.074869556 | AC45: 0.095212681 | AD45: 0.075353455
A46: 95.5 DEL PLATA | B46: 0.10524996 | C46: 0.090847029 | D46: 0.10484974 | E46: 0.090847029 | F46: 0.016573775 | G46: 0 | H46: 0.045489234 | I46: 0.14165076 | J46: 0.38843652 | K46: 0.72736498 | L46: 0.65329058 | M46: 0.8318726 | N46: 0.81499157 | O46: 0.88107667 | P46: 0.75943519 | Q46: 0.79111021 | R46: 0.8143805 | S46: 0.95941579 | T46: 0.65123492 | U46: 0.30868801 | V46: 0.32662406 | W46: 0.21922802 | X46: 0.21099394 | Y46: 0.24706339 | Z46: 0.46468411 | AA46: 0.83673499 | AB46: 0.32730539 | AC46: 0.54290816 | AD46: 0.42419644
A47: 96.3 ALFA | B47: 0 | C47: 0 | D47: 0 | E47: 0 | F47: 0 | G47: 0 | H47: 0 | I47: 0 | J47: 0.01280041 | K47: 0.066659673 | L47: 0.080415543 | M47: 0.080415543 | N47: 0.16462936 | O47: 0.23802666 | P47: 0.20416685 | Q47: 0.16341037 | R47: 0.13269402 | S47: 0.11789569 | T47: 0.083781024 | U47: 0.057749464 | V47: 0.073804677 | W47: 0.085676398 | X47: 0.032508596 | Y47: 0.02731662 | Z47: 0.040048528 | AA47: 0.17013716 | AB47: 0.060139463 | AC47: 0.090108383 | AD47: 0.067581287
A48: 97.1 BABEL | B48: 0 | C48: 0 | D48: 0 | E48: 0.014380082 | F48: 0.091720976 | G48: 0.091720976 | H48: 0.19453836 | I48: 0.22913509 | J48: 0.26474473 | K48: 0.31796077 | L48: 0.32578229 | M48: 0.35518368 | N48: 0.26161355 | O48: 0.27673933 | P48: 0.25172387 | Q48: 0.26466743 | R48: 0.25230659 | S48: 0.35682056 | T48: 0.37432308 | U48: 0.4564314 | V48: 0.27725135 | W48: 0.19823219 | X48: 0.12044876 | Y48: 0.062296571 | Z48: 0.28122415 | AA48: 0.27731189 | AB48: 0.24816389 | AC48: 0.26889998 | AD48: 0.20991757
A49: 97.9 M24 | B49: 0.016537968 | C49: 0 | D49: 0 | E49: 0 | F49: 0.022539484 | G49: 0.22344759 | H49: 0.24767558 | I49: 0.30495987 | J49: 0.37885131 | K49: 0.36418316 | L49: 0.30432935 | M49: 0.29738514 | N49: 0.17247249 | O49: 0.12542765 | P49: 0.13157245 | Q49: 0.21247323 | R49: 0.24069878 | S49: 0.14526784 | T49: 0.15165885 | U49: 0.16758768 | V49: 0.074571899 | W49: 0.14786034 | X49: 0.085547854 | Y49: 0.085547854 | Z49: 0.31623074 | AA49: 0.17131874 | AB49: 0.11879575 | AC49: 0.20211508 | AD49: 0.16252485
... A65: RATING GENERAL | B65: 2.0830141 | C65: 1.9060998 | D65: 1.6491541 | E65: 1.5689979 | F65: 1.7894691 | G65: 4.1004899 | H65: 10.151074 | I65: 20.524537 | J65: 28.533941 | K65: 32.857352 | L65: 32.332965 | M65: 32.693963 | N65: 27.668319 | O65: 25.601386 | P65: 25.862155 | Q65: 24.112142 | R65: 23.871965 | S65: 21.772168 | T65: 18.065035 | U65: 13.509791 | V65: 9.8792028 | W65: 8.6626945 | X65: 6.6436734 | Y65: 4.5277061 | Z65: 26.182305 | AA65: 24.814689 | AB65: 10.214684 | AC65: 20.403893 | AD65: 15.848637

Sheet RatxLDxD2E
A1: CUADRO 13: RESUMEN DE RATING POR HORA - SEGMENTO D2E | AM | LUNES A DOMINGO
A3: RADIOS | B3: HORAS | Z3: PROMEDIO
B4: 00:00 - 00:59 | C4: 01:00 - 01:59 | D4: 02:00 - 02:59 | E4: 03:00 - 03:59 | F4: 04:00 - 04:59 | G4: 05:00 - 05:59 | H4: 06:00 - 06:59 | I4: 07:00 - 07:59 | J4: 08:00 - 08:59 | K4: 09:00 - 09:59 | L4: 10:00 - 10:59 | M4: 11:00 - 11:59 | N4: 12:00 - 12:59 | O4: 13:00 - 13:59 | P4: 14:00 - 14:59 | Q4: 15:00 - 15:59 | R4: 16:00 - 16:59 | S4: 17:00 - 17:59 | T4: 18:00 - 18:59 | U4: 19:00 - 19:59 | V4: 20:00 - 20:59 | W4: 21:00 - 21:59 | X4: 22:00 - 22:59 | Y4: 23:00 - 23:59 | Z4: 06:00 - 11:59 | AA4: 12:00 - 17:59 | AB4: 18:00 - 23:59 | AC4: 06:00 - 23:59 | AD4: 00:00 - 24:00
A5: CX4 RURAL | B5: 0.047447524 | C5: 0 | D5: 0 | E5: 0 | F5: 0 | G5: 0 | H5: 0 | I5: 0.20158897 | J5: 0.20158897 | K5: 0 | L5: 0 | M5: 0 | N5: 0.03026966 | O5: 0.054813072 | P5: 0.14599843 | Q5: 0.22435944 | R5: 0.21863319 | S5: 0.12322796 | T5: 0.12322796 | U5: 0 | V5: 0 | W5: 0.026566035 | X5: 0.026566035 | Y5: 0.052761273 | Z5: 0.067196322 | AA5: 0.13288362 | AB5: 0.038186883 | AC5: 0.079422277 | AD5: 0.061543688
A6: CX6 CLÁSICA | B6: 0 | C6: 0 | D6: 0 | E6: 0 | F6: 0 | G6: 0 | H6: 0 | I6: 0 | J6: 0 | K6: 0 | L6: 0 | M6: 0 | N6: 0 | O6: 0 | P6: 0 | Q6: 0 | R6: 0 | S6: 0 | T6: 0 | U6: 0 | V6: 0 | W6: 0 | X6: 0 | Y6: 0 | Z6: 0 | AA6: 0 | AB6: 0 | AC6: 0 | AD6: 0
A7: CX8 SARANDI | B7: 0.033910623 | C7: 0 | D7: 0 | E7: 0 | F7: 0 | G7: 0.11252698 | H7: 0.15816927 | I7: 0.29969903 | J7: 0.18511664 | K7: 0.21715217 | L7: 0.30539595 | M7: 0.38800462 | N7: 0.062995404 | O7: 0.036967541 | P7: 0.036967541 | Q7: 0.036967541 | R7: 0.036967541 | S7: 0.036967541 | T7: 0.036967541 | U7: 0.036967541 | V7: 0.036967541 | W7: 0.1031335 | X7: 0 | Y7: 0.027760873 | Z7: 0.25892295 | AA7: 0.041305518 | AB7: 0.040299499 | AC7: 0.11350932 | AD7: 0.091233557
A8: CX10 CONTINENTE | B8: 0 | C8: 0 | D8: 0 | E8: 0 | F8: 0 | G8: 0 | H8: 0 | I8: 0 | J8: 0.19244024 | K8: 0.030995774 | L8: 0 | M8: 0 | N8: 0.023819833 | O8: 0.057218259 | P8: 0.21385742 | Q8: 0.023819833 | R8: 0.023819833 | S8: 0 | T8: 0 | U8: 0.095509066 | V8: 0.095509066 | W8: 0.095509066 | X8: 0.095509066 | Y8: 0.095509066 | Z8: 0.037239336 | AA8: 0.057089197 | AB8: 0.079590888 | AC8: 0.05797314 | AD8: 0.043479855
A9: CX12 ORIENTAL | B9: 0 | C9: 0 | D9: 0 | E9: 0 | F9: 0 | G9: 0 | H9: 0 | I9: 0 | J9: 0 | K9: 0 | L9: 0.028681945 | M9: 0.25643894 | N9: 0.22775699 | O9: 0.12999091 | P9: 0.026885552 | Q9: 0.068872211 | R9: 0.068872211 | S9: 0.17163431 | T9: 0.17163431 | U9: 0.15419106 | V9: 0.051428964 | W9: 0.051428964 | X9: 0.078672844 | Y9: 0.11049772 | Z9: 0.047520147 | AA9: 0.1156687 | AB9: 0.10297564 | AC9: 0.088721496 | AD9: 0.066541122
A10: CX14 EL ESPECTADOR | B10: 0.28708168 | C10: 0.062144293 | D10: 0 | E10: 0 | F10: 0 | G10: 0 | H10: 0.045549304 | I10: 0.02569332 | J10: 0.070179075 | K10: 0.11102261 | L10: 0.36481887 | M10: 0.1461223 | N10: 0.085329285 | O10: 0.044485755 | P10: 0.064985242 | Q10: 0.020499487 | R10: 0.020499487 | S10: 0.21869657 | T10: 0 | U10: 0 | V10: 0.060773467 | W10: 0.1579231 | X10: 0.11766834 | Y10: 0.26259511 | Z10: 0.12723091 | AA10: 0.075749304 | AB10: 0.099826669 | AC10: 0.10093563 | AD10: 0.090252803
A11: CX16 CARVE | B11: 0 | C11: 0 | D11: 0 | E11: 0 | F11: 0 | G11: 0 | H11: 0.057397147 | I11: 0.057397147 | J11: 0.05456966 | K11: 0.08352767 | L11: 0.15402523 | M11: 0.16013486 | N11: 0.095567524 | O11: 0.095567524 | P11: 0.1228114 | Q11: 0.055680285 | R11: 0.055680285 | S11: 0.086537357 | T11: 0.058459168 | U11: 0.08809398 | V11: 0.08809398 | W11: 0.058459168 | X11: 0.058459168 | Y11: 0.058459168 | Z11: 0.094508619 | AA11: 0.085307397 | AB11: 0.068337439 | AC11: 0.082717818 | AD11: 0.062038364
A12: CX18 SPORT 890 | B12: 0 | C12: 0 | D12: 0 | E12: 0 | F12: 0 | G12: 0.020499487 | H12: 0.1886692 | I12: 0.37966894 | J12: 0.47130979 | K12: 0.48429693 | L12: 0.48429693 | M12: 0.51655227 | N12: 0.61472855 | O12: 0.25591534 | P12: 0.19845755 | Q12: 0.065072721 | R12: 0.065072721 | S12: 0.065072721 | T12: 0.065072721 | U12: 0.13210704 | V12: 0 | W12: 0 | X12: 0 | Y12: 0 | Z12: 0.42079901 | AA12: 0.21071993 | AB12: 0.032863293 | AC12: 0.22146075 | AD12: 0.1669497
A13: CX20 MONTECARLO | B13: 0.020499487 | C13: 0.020499487 | D13: 0.020499487 | E13: 0 | F13: 0.14197032 | G13: 0.53571128 | H13: 0.7998832 | I13: 1.4446382 | J13: 1.6398379 | K13: 2.2913385 | L13: 2.4348021 | M13: 2.3940069 | N13: 2.3462981 | O13: 1.9990384 | P13: 1.6980791 | Q13: 1.5210207 | R13: 1.6331096 | S13: 1.628876 | T13: 1.1014464 | U13: 0.9990594 | V13: 0.97187448 | W13: 0.99225356 | X13: 0.087900625 | Y13: 0 | Z13: 1.8340845 | AA13: 1.8044036 | AB13: 0.69208908 | AC13: 1.4435257 | AD13: 1.1134435
A14: CX22 UNIVERSAL | B14: 0 | C14: 0 | D14: 0 | E14: 0 | F14: 0 | G14: 0 | H14: 0 | I14: 0 | J14: 0 | K14: 0 | L14: 0.029562321 | M14: 0.028681945 | N14: 0.14226647 | O14: 0.18110684 | P14: 0.16539143 | Q14: 0 | R14: 0.085764211 | S14: 0.085764211 | T14: 0.085764211 | U14: 0.029562321 | V14: 0.029562321 | W14: 0.029562321 | X14: 0.029562321 | Y14: 0 | Z14: 0.0097073777 | AA14: 0.11004886 | AB14: 0.034002249 | AC14: 0.051252829 | AD14: 0.038439622
A15: CX24 RADIO 1010 AM | B15: 0 | C15: 0 | D15: 0 | E15: 0 | F15: 0 | G15: 0 | H15: 0 | I15: 0 | J15: 0 | K15: 0 | L15: 0 | M15: 0 | N15: 0.12350757 | O15: 0.12350757 | P15: 0.16234794 | Q15: 0.2613445 | R15: 0.089751219 | S15: 0.089751219 | T15: 0.089751219 | U15: 0 | V15: 0 | W15: 0 | X15: 0 | Y15: 0 | Z15: 0 | AA15: 0.14170167 | AB15: 0.014958536 | AC15: 0.052220068 | AD15: 0.039165051
A16: CX26 RADIO URUGUAY | B16: 0 | C16: 0 | D16: 0 | E16: 0 | F16: 0 | G16: 0 | H16: 0 | I16: 0.09637327 | J16: 0.09637327 | K16: 0.09637327 | L16: 0.09637327 | M16: 0.09637327 | N16: 0 | O16: 0 | P16: 0 | Q16: 0 | R16: 0 | S16: 0 | T16: 0 | U16: 0 | V16: 0 | W16: 0 | X16: 0 | Y16: 0 | Z16: 0.080311058 | AA16: 0 | AB16: 0 | AC16: 0.026770353 | AD16: 0.020077765
... A32: RATING GENERAL | B32: 3.5485789 | C32: 2.2163736 | D32: 2.0231017 | E32: 1.458498 | F32: 1.8283134 | G32: 3.1140251 | H32: 5.9564416 | I32: 12.428041 | J32: 15.755636 | K32: 18.97586 | L32: 19.010779 | M32: 21.887483 | N32: 22.601174 | O32: 24.35479 | P32: 25.591051 | Q32: 25.169003 | R32: 23.47289 | S32: 21.365206 | T32: 18.565257 | U32: 15.029388 | V32: 12.556486 | W32: 11.160459 | X32: 6.2728272 | Y32: 4.5477961 | Z32: 15.66904 | AA32: 23.759019 | AB32: 11.355369 | AC32: 16.927809 | AD32: 13.287061
A34: CUADRO 14: RESUMEN DE RATING POR HORA - SEGMENTO D2E | FM | LUNES A DOMINGO
A36: RADIOS | B36: HORAS | Z36: PROMEDIO
B37: 00:00 - 00:59 | C37: 01:00 - 01:59 | D37: 02:00 - 02:59 | E37: 03:00 - 03:59 | F37: 04:00 - 04:59 | G37: 05:00 - 05:59 | H37: 06:00 - 06:59 | I37: 07:00 - 07:59 | J37: 08:00 - 08:59 | K37: 09:00 - 09:59 | L37: 10:00 - 10:59 | M37: 11:00 - 11:59 | N37: 12:00 - 12:59 | O37: 13:00 - 13:59 | P37: 14:00 - 14:59 | Q37: 15:00 - 15:59 | R37: 16:00 - 16:59 | S37: 17:00 - 17:59 | T37: 18:00 - 18:59 | U37: 19:00 - 19:59 | V37: 20:00 - 20:59 | W37: 21:00 - 21:59 | X37: 22:00 - 22:59 | Y37: 23:00 - 23:59 | Z37: 06:00 - 11:59 | AA37: 12:00 - 17:59 | AB37: 18:00 - 23:59 | AC37: 06:00 - 23:59 | AD37: 00:00 - 24:00
A38: 88.3 LACOSTA | B38: 0.41614667 | C38: 0.41614667 | D38: 0.41614667 | E38: 0.41614667 | F38: 0.31217761 | G38: 0.31217761 | H38: 0.31217761 | I38: 0.65553339 | J38: 0.37178982 | K38: 0.26209193 | L38: 0.23990815 | M38: 0.078080815 | N38: 0.038692211 | O38: 0.038692211 | P38: 0.04084353 | Q38: 0.39823285 | R38: 0.28511442 | S38: 0.56318673 | T38: 0.20579742 | U38: 0.25958499 | V38: 0.28022363 | W38: 0.092479776 | X38: 0.18860852 | Y38: 0.075490095 | Z38: 0.31993029 | AA38: 0.22746033 | AB38: 0.1836974 | AC38: 0.24369601 | AD38: 0.27814458
A39: 90.3 OLDIES | B39: 0 | C39: 0 | D39: 0.052883794 | E39: 0.025931086 | F39: 0 | G39: 0 | H39: 0.13723321 | I39: 0.072150255 | J39: 0.20938347 | K39: 0.18102199 | L39: 0.21399544 | M39: 0.21259076 | N39: 0.25916471 | O39: 0.14424679 | P39: 0.25504187 | Q39: 0.46284957 | R39: 0.52360023 | S39: 0.59585914 | T39: 0.36881936 | U39: 0 | V39: 0 | W39: 0.025720556 | X39: 0 | Y39: 0 | Z39: 0.17106252 | AA39: 0.37346039 | AB39: 0.065756652 | AC39: 0.20342652 | AD39: 0.15585384
A40: 91.1 RADIOFUTURA | B40: 0 | C40: 0 | D40: 0 | E40: 0 | F40: 0.034428358 | G40: 0.12029663 | H40: 0.097415271 | I40: 0.11164576 | J40: 0.13929795 | K40: 0.069763072 | L40: 0.098938522 | M40: 0.099257953 | N40: 0.18662142 | O40: 0.2955276 | P40: 0.60818268 | Q40: 0.52195043 | R40: 0.41789857 | S40: 0.30729927 | T40: 0.48238256 | U40: 0.17866925 | V40: 0.3276645 | W40: 0.28610125 | X40: 0 | Y40: 0 | Z40: 0.10271975 | AA40: 0.38958 | AB40: 0.21246959 | AC40: 0.23492311 | AD40: 0.18263921
A41: 91.9 DISNEY | B41: 0 | C41: 0 | D41: 0 | E41: 0 | F41: 0.076247556 | G41: 0.076247556 | H41: 0.25381055 | I41: 0.75771958 | J41: 0.77017514 | K41: 1.0263424 | L41: 1.0055591 | M41: 1.0152562 | N41: 1.0099174 | O41: 2.0879707 | P41: 1.5733755 | Q41: 1.8383716 | R41: 1.3261756 | S41: 1.0338154 | T41: 0.69143762 | U41: 0.9797248 | V41: 0.70470438 | W41: 0.74629617 | X41: 0.13127723 | Y41: 0.044068717 | Z41: 0.80481048 | AA41: 1.478271 | AB41: 0.54958482 | AC41: 0.9442221 | AD41: 0.71452054
A42: 92.5 CONCIERTO URBANA | B42: 0.028877777 | C42: 0.028877777 | D42: 0 | E42: 0 | F42: 0 | G42: 0 | H42: 0 | I42: 0 | J42: 0.026435653 | K42: 0.066328276 | L42: 0.066328276 | M42: 0.13391248 | N42: 0.2568671 | O42: 0.21697448 | P42: 0.2568671 | Q42: 0.054184223 | R42: 0 | S42: 0 | T42: 0 | U42: 0 | V42: 0.038584131 | W42: 0.038584131 | X42: 0 | Y42: 0 | Z42: 0.048834114 | AA42: 0.13081548 | AB42: 0.012861377 | AC42: 0.064170325 | AD42: 0.050534225
A43: 93.1 INOLVIDABLE | B43: 0.20983552 | C43: 0 | D43: 0 | E43: 0 | F43: 0.11312282 | G43: 0.15254538 | H43: 0.11081753 | I43: 0.48976521 | J43: 0.91828504 | K43: 0.8778745 | L43: 1.1667245 | M43: 1.252629 | N43: 1.2291858 | O43: 1.3823932 | P43: 1.9046602 | Q43: 1.7819867 | R43: 1.8473406 | S43: 1.3927248 | T43: 1.2693901 | U43: 1.0334802 | V43: 0.68023622 | W43: 0.7446485 | X43: 0.098824293 | Y43: 0.058408655 | Z43: 0.80268264 | AA43: 1.5897152 | AB43: 0.64749799 | AC43: 1.0132986 | AD43: 0.77978661
A44: 93.9 OCEANO | B44: 0 | C44: 0 | D44: 0 | E44: 0 | F44: 0 | G44: 0.040238969 | H44: 0.040238969 | I44: 0.17408352 | J44: 0.17972338 | K44: 0.2095088 | L44: 0.20824017 | M44: 0.082786627 | N44: 0.099970324 | O44: 0.20078675 | P44: 0.16393454 | Q44: 0.29327946 | R44: 0.23756296 | S44: 0.23756296 | T44: 0.27441516 | U44: 0.028815387 | V44: 0.028815387 | W44: 0.028815387 | X44: 0.028815387 | Y44: 0.028815387 | Z44: 0.14909691 | AA44: 0.20551616 | AB44: 0.069748683 | AC44: 0.14145392 | AD44: 0.10776706
A45: 94.7 E. DEL SUR | B45: 0 | C45: 0 | D45: 0 | E45: 0 | F45: 0 | G45: 0.14522938 | H45: 0.22753974 | I45: 0.22753974 | J45: 0.041481589 | K45: 0.041481589 | L45: 0 | M45: 0 | N45: 0.031550705 | O45: 0.031550705 | P45: 0.031550705 | Q45: 0.058478338 | R45: 0.058478338 | S45: 0.058478338 | T45: 0.058478338 | U45: 0 | V45: 0 | W45: 0 | X45: 0 | Y45: 0 | Z45: 0.089673776 | AA45: 0.045014521 | AB45: 0.0097463896 | AC45: 0.048144895 | AD45: 0.042159896
A46: 95.5 DEL PLATA | B46: 0.20983552 | C46: 0.20983552 | D46: 0.26836346 | E46: 0.20983552 | F46: 0 | G46: 0 | H46: 0 | I46: 0 | J46: 0.32591888 | K46: 0.33006469 | L46: 0.33006469 | M46: 0.33006469 | N46: 0.11912573 | O46: 0.12224646 | P46: 0.14764251 | Q46: 0.27365134 | R46: 0.55751803 | S46: 0.2741431 | T46: 0.059147437 | U46: 0.08911311 | V46: 0.030585179 | W46: 0 | X46: 0 | Y46: 0.023161408 | Z46: 0.21935216 | AA46: 0.24905453 | AB46: 0.033667856 | AC46: 0.16735818 | AD46: 0.16292989
A47: 96.3 ALFA | B47: 0 | C47: 0 | D47: 0 | E47: 0 | F47: 0 | G47: 0 | H47: 0 | I47: 0 | J47: 0.030424143 | K47: 0.061190137 | L47: 0.12944105 | M47: 0.16002226 | N47: 0.17121799 | O47: 0.17121799 | P47: 0.14079384 | Q47: 0.030765995 | R47: 0 | S47: 0 | T47: 0 | U47: 0 | V47: 0 | W47: 0 | X47: 0 | Y47: 0 | Z47: 0.063512931 | AA47: 0.085665969 | AB47: 0 | AC47: 0.0497263 | AD47: 0.037294725
A48: 97.1 BABEL | B48: 0 | C48: 0 | D48: 0 | E48: 0 | F48: 0 | G48: 0 | H48: 0 | I48: 0 | J48: 0 | K48: 0 | L48: 0 | M48: 0 | N48: 0 | O48: 0.033532403 | P48: 0.033532403 | Q48: 0.033532403 | R48: 0.033532403 | S48: 0 | T48: 0 | U48: 0 | V48: 0 | W48: 0 | X48: 0 | Y48: 0 | Z48: 0 | AA48: 0.022354936 | AB48: 0 | AC48: 0.0074516452 | AD48: 0.0055887339
A49: 97.9 M24 | B49: 0 | C49: 0 | D49: 0 | E49: 0 | F49: 0 | G49: 0 | H49: 0 | I49: 0.027307506 | J49: 0.060394187 | K49: 0.060394187 | L49: 0.026912826 | M49: 0.026912826 | N49: 0.026912826 | O49: 0.026912826 | P49: 0.026912826 | Q49: 0.026912826 | R49: 0.026912826 | S49: 0.026912826 | T49: 0 | U49: 0 | V49: 0 | W49: 0 | X49: 0 | Y49: 0 | Z49: 0.033653589 | AA49: 0.026912826 | AB49: 0 | AC49: 0.020188805 | AD49: 0.015141604
... A65: RATING GENERAL | B65: 3.5485789 | C65: 2.2163736 | D65: 2.0231017 | E65: 1.458498 | F65: 1.8283134 | G65: 3.1140251 | H65: 5.9564416 | I65: 12.428041 | J65: 15.755636 | K65: 18.97586 | L65: 19.010779 | M65: 21.887483 | N65: 22.601174 | O65: 24.35479 | P65: 25.591051 | Q65: 25.169003 | R65: 23.47289 | S65: 21.365206 | T65: 18.565257 | U65: 15.029388 | V65: 12.556486 | W65: 11.160459 | X65: 6.2728272 | Y65: 4.5477961 | Z65: 15.66904 | AA65: 23.759019 | AB65: 11.355369 | AC65: 16.927809 | AD65: 13.287061

Sheet RatxNSE
A1: CUADROS 15 - 17: RESUMEN DE RATING POR NIVEL SOCIOECONÓMICO | AM
A3: CUADRO 15: RADIOS AM - LUNES A DOMINGO | G3: CUADRO 16: RADIOS AM - LUNES A VIERNES | M3: CUADRO 17: RADIOS AM - SABADO A DOMINGO
A4: RADIOS | B4: ABC1 | C4: C2C3D1 | D4: D2E | E4: TOTAL | G4: RADIOS | H4: ABC1 | I4: C2C3D1 | J4: D2E | K4: TOTAL | M4: RADIOS | N4: ABC1 | O4: C2C3D1 | P4: D2E | Q4: TOTAL
A5: CX4 RURAL | B5: 0.18851871 | C5: 0.085688846 | D5: 0.061543688 | E5: 0.10627498 | G5: CX4 RURAL | H5: 0.2158396 | I5: 0.054889084 | J5: 0.19918108 | K5: 0.11642632 | M5: CX4 RURAL | N5: 0.12021647 | O5: 0.054010297 | P5: 0.12313622 | Q5: 0.080896641
A6: CX6 CLÁSICA | B6: 0.040585751 | C6: 0.024677422 | D6: 0 | E6: 0.024490539 | G6: CX6 CLÁSICA | H6: 0.019337799 | I6: 0.023713974 | J6: 0 | K6: 0.018854494 | M6: CX6 CLÁSICA | N6: 0.09370563 | O6: 0.027086043 | P6: 0 | Q6: 0.038580652
A7: CX8 SARANDI | B7: 1.162604 | C7: 0.50996828 | D7: 0.091233557 | E7: 0.59787928 | G7: CX8 SARANDI | H7: 1.1801388 | I7: 0.47813321 | J7: 0.49791846 | K7: 0.64839596 | M7: CX8 SARANDI | N7: 1.1187669 | O7: 0.24846565 | P7: 0.34778385 | Q7: 0.47158758
A8: CX10 CONTINENTE | B8: 0.017375498 | C8: 0.083983714 | D8: 0.043479855 | E8: 0.061609837 | G8: CX10 CONTINENTE | H8: 0.0033958348 | I8: 0.082567579 | J8: 0.088395864 | K8: 0.064663058 | M8: CX10 CONTINENTE | N8: 0.052324656 | O8: 0.052711767 | P8: 0.061141279 | Q8: 0.053976786
A9: CX12 ORIENTAL | B9: 0.31740241 | C9: 0.14455291 | D9: 0.066541122 | E9: 0.17313119 | G9: CX12 ORIENTAL | H9: 0.30557114 | I9: 0.15063624 | J9: 0.12786888 | K9: 0.1838452 | M9: CX12 ORIENTAL | N9: 0.3469806 | O9: 0.090311623 | P9: 0.058928592 | Q9: 0.14634617
A10: CX14 EL ESPECTADOR | B10: 0.53718852 | C10: 0.1475132 | D10: 0.090252803 | E10: 0.231037 | G10: CX14 EL ESPECTADOR | H10: 0.63137773 | I10: 0.11841118 | J10: 0.22490673 | K10: 0.25764301 | M10: CX14 EL ESPECTADOR | N10: 0.3017155 | O10: 0.13624183 | P10: 0.067281778 | Q10: 0.164522
A11: CX16 CARVE | B11: 0.20040147 | C11: 0.12319733 | D11: 0.062038364 | E11: 0.13172532 | G11: CX16 CARVE | H11: 0.18654316 | I11: 0.11317347 | J11: 0.14592293 | K11: 0.13590812 | M11: CX16 CARVE | N11: 0.23504725 | O11: 0.06620099 | P11: 0.15863526 | Q11: 0.12126832
A12: CX18 SPORT 890 | B12: 0.41779656 | C12: 0.40431239 | D12: 0.1669497 | E12: 0.36930623 | G12: CX18 SPORT 890 | H12: 0.47250787 | I12: 0.36082443 | J12: 0.481015 | K12: 0.40675577 | M12: CX18 SPORT 890 | N12: 0.28101829 | O12: 0.2518982 | P12: 0.35657887 | Q12: 0.27568237
A13: CX20 MONTECARLO | B13: 1.2457409 | C13: 1.3266514 | D13: 1.1134435 | E13: 1.2730682 | G13: CX20 MONTECARLO | H13: 1.2667599 | I13: 0.86411644 | J13: 3.2075066 | K13: 1.3372314 | M13: CX20 MONTECARLO | N13: 1.1931932 | O13: 0.72061106 | P13: 2.4570994 | Q13: 1.1126602
A14: CX22 UNIVERSAL | B14: 0.099654148 | C14: 0.12801942 | D14: 0.038439622 | E14: 0.10684614 | G14: CX22 UNIVERSAL | H14: 0.11517327 | I14: 0.10064162 | J14: 0.13577553 | K14: 0.10975671 | M14: CX22 UNIVERSAL | N14: 0.060856332 | O14: 0.067637721 | P14: 0.27599765 | Q14: 0.099569699
A15: CX24 RADIO 1010 AM | B15: 0.1230476 | C15: 0.054933168 | D15: 0.039165051 | E15: 0.068605736 | G15: CX24 RADIO 1010 AM | H15: 0.15255001 | I15: 0.062161218 | J15: 0.068708586 | K15: 0.084727876 | M15: CX24 RADIO 1010 AM | N15: 0.049291579 | O15: 0.018246886 | P15: 0.034798829 | Q15: 0.028300386
A16: CX26 RADIO URUGUAY | B16: 0.20008734 | C16: 0.10093859 | D16: 0.020077765 | E16: 0.1115174 | G16: CX26 RADIO URUGUAY | H16: 0.20484197 | I16: 0.05961212 | J16: 0.15515775 | K16: 0.10955967 | M16: CX26 RADIO URUGUAY | N16: 0.18820076 | O16: 0.091230643 | P16: 0.10428771 | Q16: 0.11641172
... A30: AM SIN IDENTIFICAR | B30: 0 | C30: 0.016632717 | D30: 0.019470749 | E30: 0.013131054 | G30: AM SIN IDENTIFICAR | H30: 0 | I30: 0.0016746735 | J30: 0.074894499 | K30: 0.013064493 | M30: AM SIN IDENTIFICAR | N30: 0 | O30: 0.0073859663 | P30: 0.055021671 | Q30: 0.013297455
A31: SUB TOTAL AM | B31: =SUM(B5:B30) -> 5.2636672 | C31: =SUM(C5:C30) -> 3.8501761 | D31: =SUM(D5:D30) -> 2.1756041 | E31: =SUM(E5:E30) -> 3.9169809 | G31: SUB TOTAL AM | H31: =SUM(H5:H30) -> 5.4809293 | I31: =SUM(I5:I30) -> 3.0402143 | J31: =SUM(J5:J30) -> 6.4520952 | K31: =SUM(K5:K30) -> 4.1704173 | M31: SUB TOTAL AM | N31: =SUM(N5:N30) -> 4.7205118 | O31: =SUM(O5:O30) -> 2.2489903 | P31: =SUM(P5:P30) -> 5.0202787 | Q31: =SUM(Q5:Q30) -> 3.2833898
A32: RATING GENERAL | B32: 15.41623 | C32: 15.848637 | D32: 13.287061 | E32: 15.33331 | G32: RATING GENERAL | H32: 16.687242 | I32: 12.750087 | J32: 30.626576 | K32: 16.565245 | M32: RATING GENERAL | N32: 12.238699 | O32: 9.3331866 | P32: 23.176515 | Q32: 12.253475
A34: CUADROS 18 - 20: RESUMEN DE RATING POR NIVEL SOCIOECONÓMICO | FM
A36: CUADRO 18: RADIOS FM - LUNES A DOMINGO | G36: CUADRO 19: RADIOS FM - LUNES A VIERNES | M36: CUADRO 20: RADIOS FM - SABADO A DOMINGO
A37: RADIOS | B37: ABC1 | C37: C2C3D1 | D37: D2E | E37: TOTAL | G37: RADIOS | H37: ABC1 | I37: C2C3D1 | J37: D2E | K37: TOTAL | M37: RADIOS | N37: ABC1 | O37: C2C3D1 | P37: D2E | Q37: TOTAL
A38: 88.3 LACOSTA | B38: 0.18645612 | C38: 0.13786124 | D38: 0.27814458 | E38: 0.17201244 | G38: 88.3 LACOSTA | H38: 0.19353888 | I38: 0.13003101 | J38: 0.4144898 | K38: 0.19094375 | M38: 88.3 LACOSTA | N38: 0.16874919 | O38: 0.048742137 | P38: 0.34303003 | Q38: 0.12468417
A39: 90.3 OLDIES | B39: 0.73595036 | C39: 0.36849182 | D39: 0.15585384 | E39: 0.42171224 | G39: 90.3 OLDIES | H39: 0.7811657 | I39: 0.29934814 | J39: 0.59260186 | K39: 0.46123457 | M39: 90.3 OLDIES | N39: 0.622912 | O39: 0.20579991 | P39: 0.31656903 | Q39: 0.32290642
A40: 91.1 RADIOFUTURA | B40: 0.2587676 | C40: 0.50571561 | D40: 0.18263921 | E40: 0.39492669 | G40: 91.1 RADIOFUTURA | H40: 0.30275659 | I40: 0.43574262 | J40: 0.64258795 | K40: 0.43739404 | M40: 91.1 RADIOFUTURA | N40: 0.14879514 | O40: 0.29400226 | P40: 0.47608506 | Q40: 0.28875829
A41: 91.9 DISNEY | B41: 1.0682677 | C41: 1.1713683 | D41: 0.71452054 | E41: 1.0732779 | G41: 91.9 DISNEY | H41: 1.2025555 | I41: 0.91993848 | J41: 2.224604 | K41: 1.1972525 | M41: 91.9 DISNEY | N41: 0.73254835 | O41: 0.56165239 | P41: 1.5617508 | Q41: 0.76334147
A42: 92.5 CONCIERTO URBANA | B42: 0.3065946 | C42: 0.05607582 | D42: 0.050534225 | E42: 0.11480709 | G42: 92.5 CONCIERTO URBANA | H42: 0.30639604 | I42: 0.052424692 | J42: 0.08191278 | K42: 0.11761746 | M42: 92.5 CONCIERTO URBANA | N42: 0.307091 | O42: 0.048960502 | P42: 0.03272216 | Q42: 0.10778119
A43: 93.1 INOLVIDABLE | B43: 0.70813814 | C43: 0.74757031 | D43: 0.77978661 | E43: 0.74337228 | G43: 93.1 INOLVIDABLE | H43: 0.73244283 | I43: 0.58233176 | J43: 1.6360535 | K43: 0.7877074 | M43: 93.1 INOLVIDABLE | N43: 0.64737642 | O43: 0.44481708 | P43: 1.3113281 | Q43: 0.63253449
A44: 93.9 OCEANO | B44: 0.59530145 | C44: 0.45262076 | D44: 0.10776706 | E44: 0.43105732 | G44: 93.9 OCEANO | H44: 0.72763983 | I44: 0.45033749 | J44: 0.31834753 | K44: 0.49508507 | M44: 93.9 OCEANO | N44: 0.2644555 | O44: 0.27429025 | P44: 0.26831743 | Q44: 0.27098795
A45: 94.7 E. DEL SUR | B45: 0.096549257 | C45: 0.075353455 | D45: 0.042159896 | E45: 0.075053893 | G45: 94.7 E. DEL SUR | H45: 0.11038505 | I45: 0.040312726 | J45: 0.11777483 | K45: 0.069461338 | M45: 94.7 E. DEL SUR | N45: 0.061959767 | O45: 0.097978215 | P45: 0.095676689 | Q45: 0.089035279
A46: 95.5 DEL PLATA | B46: 0.45986154 | C46: 0.42419644 | D46: 0.16292989 | E46: 0.39062082 | G46: 95.5 DEL PLATA | H46: 0.50483279 | I46: 0.30713064 | J46: 0.71401722 | K46: 0.41969249 | M46: 95.5 DEL PLATA | N46: 0.34743342 | O46: 0.25781115 | P46: 0.49880728 | Q46: 0.31794163
A47: 96.3 ALFA | B47: 0.16697784 | C47: 0.067581287 | D47: 0.037294725 | E47: 0.08636153 | G47: 96.3 ALFA | H47: 0.15795823 | I47: 0.045599651 | J47: 0.13961372 | K47: 0.087477257 | M47: 96.3 ALFA | N47: 0.18952687 | O47: 0.057209679 | P47: 0.025352795 | Q47: 0.083572213
A48: 97.1 BABEL | B48: 0.23445493 | C48: 0.20991757 | D48: 0.0055887339 | E48: 0.18286052 | G48: 97.1 BABEL | H48: 0.19975724 | I48: 0.18129744 | J48: 0.08407794 | K48: 0.17003853 | M48: 97.1 BABEL | N48: 0.32119916 | O48: 0.19636393 | P48: 0.12705191 | Q48: 0.21491548
A49: 97.9 M24 | B49: 0.10561393 | C49: 0.16252485 | D49: 0.015141604 | E49: 0.12525135 | G49: 97.9 M24 | H49: 0.1037533 | I49: 0.12820173 | J49: 0.12354097 | K49: 0.12163262 | M49: 97.9 M24 | N49: 0.1102655 | O49: 0.13814856 | P49: 0.15545152 | Q49: 0.13429817
... A63: FM SIN IDENTIFICAR | B63: 0.19639184 | C63: 0.21929807 | D63: 0.13045611 | E63: 0.19954283 | G63: FM SIN IDENTIFICAR | H63: 0.20579314 | I63: 0.1581437 | J63: 0.40990849 | K63: 0.2100184 | M63: FM SIN IDENTIFICAR | N63: 0.17288858 | O63: 0.11444042 | P63: 0.39396117 | Q63: 0.17335392
A64: SUB TOTAL FM | B64: =SUM(B38:B63) -> 10.146092 | C64: =SUM(C38:C63) -> 11.9904 | D64: =SUM(D38:D63) -> 11.111457 | E64: =SUM(E38:E63) -> 11.409944 | G64: SUB TOTAL FM | H64: =SUM(H38:H63) -> 11.199716 | I64: =SUM(I38:I63) -> 9.7054887 | J64: =SUM(J38:J63) -> 24.156214 | K64: =SUM(K38:K63) -> 12.387682 | M64: SUB TOTAL FM | N64: =SUM(N38:N63) -> 7.5120294 | O64: =SUM(O38:O63) -> 7.0841964 | P64: =SUM(P38:P63) -> 18.137493 | Q64: =SUM(Q38:Q63) -> 8.9656014
A65: RATING GENERAL | B65: 15.41623 | C65: 15.848637 | D65: 13.287061 | E65: 15.33331 | G65: RATING GENERAL | H65: 16.687242 | I65: 12.750087 | J65: 30.626576 | K65: 16.565245 | M65: RATING GENERAL | N65: 12.238699 | O65: 9.3331866 | P65: 23.176515 | Q65: 12.253475

Sheet RatxEdad
A1: CUADROS 21 - 23: RESUMEN DE RATING POR EDAD | AM
A3: CUADRO 21: RADIOS AM - LUNES A DOMINGO | J3: CUADRO 22: RADIOS AM - LUNES A VIERNES | S3: CUADRO 23: RADIOS AM - SABADO A DOMINGO
A4: RADIOS | B4: 12 - 17 | C4: 18 - 29 | D4: 30 - 39 | E4: 40 - 49 | F4: 50 - 59 | G4: >= 60 | H4: TOTAL | J4: RADIOS | K4: 12 - 17 | L4: 18 - 29 | M4: 30 - 39 | N4: 40 - 49 | O4: 50 - 59 | P4: >= 60 | Q4: TOTAL | S4: RADIOS | T4: 12 - 17 | U4: 18 - 29 | V4: 30 - 39 | W4: 40 - 49 | X4: 50 - 59 | Y4: >= 60 | Z4: TOTAL
A5: CX4 RURAL | B5: 0 | C5: 0 | D5: 0.01102289 | E5: 0.11526119 | F5: 0.14172607 | G5: 0.30020028 | H5: 0.10627498 | J5: CX4 RURAL | K5: 0 | L5: 0 | M5: 0.015432046 | N5: 0.11272377 | O5: 0.16010831 | P5: 0.33213626 | Q5: 0.11642632 | S5: CX4 RURAL | T5: 0 | U5: 0 | V5: 0 | W5: 0.12160473 | X5: 0.095770489 | Y5: 0.22036032 | Z5: 0.080896641
A6: CX6 CLÁSICA | B6: 0 | C6: 0 | D6: 0.0067527344 | E6: 0.0017836825 | F6: 0.083862448 | G6: 0.051040744 | H6: 0.024490539 | J6: CX6 CLÁSICA | K6: 0 | L6: 0 | M6: 0.0094538282 | N6: 0.0024971555 | O6: 0.077676877 | P6: 0.027451863 | Q6: 0.018854494 | S6: CX6 CLÁSICA | T6: 0 | U6: 0 | V6: 0 | W6: 0 | X6: 0.099326374 | Y6: 0.11001295 | Z6: 0.038580652
A7: CX8 SARANDI | B7: 0.020006552 | C7: 0.04010376 | D7: 0.57821931 | E7: 0.82677569 | F7: 0.67333951 | G7: 1.2127037 | H7: 0.59787928 | J7: CX8 SARANDI | K7: 0.028009172 | L7: 0.056145263 | M7: 0.69704804 | N7: 0.82939913 | O7: 0.67774695 | P7: 1.3224165 | Q7: 0.64839596 | S7: CX8 SARANDI | T7: 0 | U7: 0 | V7: 0.28114746 | W7: 0.82021708 | X7: 0.6623209 | Y7: 0.93842163 | Z7: 0.47158758
A8: CX10 CONTINENTE | B8: 0 | C8: 0.010652694 | D8: 0 | E8: 0.10373896 | F8: 0.11575372 | G8: 0.12459648 | H8: 0.061609837 | J8: CX10 CONTINENTE | K8: 0 | L8: 0.014913772 | M8: 0 | N8: 0.11599374 | O8: 0.1166303 | P8: 0.12554369 | Q8: 0.064663058 | S8: CX10 CONTINENTE | T8: 0 | U8: 0 | V8: 0 | W8: 0.073102014 | X8: 0.11356227 | Y8: 0.12222846 | Z8: 0.053976786
A9: CX12 ORIENTAL | B9: 0 | C9: 0.01677143 | D9: 0.010825168 | E9: 0.26946048 | F9: 0.27722848 | G9: 0.39780786 | H9: 0.17313119 | J9: CX12 ORIENTAL | K9: 0 | L9: 0.023480002 | M9: 0.015155236 | N9: 0.32690928 | O9: 0.26972331 | P9: 0.40288178 | Q9: 0.1838452 | S9: CX12 ORIENTAL | T9: 0 | U9: 0 | V9: 0 | W9: 0.12583847 | X9: 0.29599139 | Y9: 0.38512305 | Z9: 0.14634617
A10: CX14 EL ESPECTADOR | B10: 0 | C10: 0.040197864 | D10: 0.12389374 | E10: 0.18739176 | F10: 0.40313217 | G10: 0.52202526 | H10: 0.231037 | J10: CX14 EL ESPECTADOR | K10: 0 | L10: 0.032055883 | M10: 0.14977513 | N10: 0.23284376 | O10: 0.5208385 | P10: 0.52728287 | Q10: 0.25764301 | S10: CX14 EL ESPECTADOR | T10: 0 | U10: 0.060552815 | V10: 0.059190262 | W10: 0.07376176 | X10: 0.10886634 | Y10: 0.50888124 | Z10: 0.164522
A11: CX16 CARVE | B11: 0 | C11: 0.019512785 | D11: 0.015191365 | E11: 0.053610956 | F11: 0.14108421 | G11: 0.43047609 | H11: 0.13172532 | J11: CX16 CARVE | K11: 0 | L11: 0.024196688 | M11: 0.012899747 | N11: 0.06792208 | O11: 0.1005678 | P11: 0.46137875 | Q11: 0.13590812 | S11: CX16 CARVE | T11: 0 | U11: 0.0078030273 | V11: 0.020920411 | W11: 0.017833147 | X11: 0.24237524 | Y11: 0.35321947 | Z11: 0.12126832
A12: CX18 SPORT 890 | B12: 0.062254022 | C12: 0.18916603 | D12: 0.17235067 | E12: 0.32742811 | F12: 0.6623802 | G12: 0.67734723 | H12: 0.36930623 | J12: CX18 SPORT 890 | K12: 0 | L12: 0.2247938 | M12: 0.16890469 | N12: 0.355152 | O12: 0.73771773 | P12: 0.77510352 | Q12: 0.40675577 | S12: CX18 SPORT 890 | T12: 0.21788908 | U12: 0.10009661 | V12: 0.18096562 | W12: 0.25811838 | X12: 0.47403636 | Y12: 0.43295651 | Z12: 0.27568237
A13: CX20 MONTECARLO | B13: 0.67267872 | C13: 0.051102417 | D13: 0.12408564 | E13: 0.34321434 | F13: 1.73966 | G13: 3.8957091 | H13: 1.2730682 | J13: CX20 MONTECARLO | K13: 0.74883335 | L13: 0.049287885 | M13: 0.10628281 | N13: 0.36564471 | O13: 1.7722362 | P13: 4.125549 | Q13: 1.3372314 | S13: CX20 MONTECARLO | T13: 0.48229213 | U13: 0.055638748 | V13: 0.16859269 | W13: 0.28713841 | X13: 1.6582194 | Y13: 3.3211095 | Z13: 1.1126602
A14: CX22 UNIVERSAL | B14: 0 | C14: 0.017073353 | D14: 0.060999024 | E14: 0.063292777 | F14: 0.23513387 | G14: 0.22572346 | H14: 0.10684614 | J14: CX22 UNIVERSAL | K14: 0 | L14: 0.023902695 | M14: 0.059203789 | N14: 0.052885998 | O14: 0.2396544 | P14: 0.23730426 | Q14: 0.10975671 | S14: CX22 UNIVERSAL | T14: 0 | U14: 0 | V14: 0.065487112 | W14: 0.089309725 | X14: 0.22383255 | Y14: 0.19677147 | Z14: 0.099569699
A15: CX24 RADIO 1010 AM | B15: 0 | C15: 0.01392752 | D15: 0.041715287 | E15: 0.077342742 | F15: 0.063035312 | G15: 0.16964028 | H15: 0.068605736 | J15: CX24 RADIO 1010 AM | K15: 0 | L15: 0.019498528 | M15: 0.047718694 | N15: 0.10518665 | O15: 0.088249437 | P15: 0.19766465 | Q15: 0.084727876 | S15: CX24 RADIO 1010 AM | T15: 0 | U15: 0 | V15: 0.02670677 | W15: 0.007732962 | X15: 0 | Y15: 0.099579364 | Z15: 0.028300386
A16: CX26 RADIO URUGUAY | B16: 0 | C16: 0.0094750233 | D16: 0.016764162 | E16: 0 | F16: 0.14919097 | G16: 0.37949783 | H16: 0.1115174 | J16: CX26 RADIO URUGUAY | K16: 0 | L16: 0 | M16: 0 | N16: 0 | O16: 0.15912687 | P16: 0.3866048 | Q16: 0.10955967 | S16: CX26 RADIO URUGUAY | T16: 0 | U16: 0.033162582 | V16: 0.058674568 | W16: 0 | X16: 0.12435124 | Y16: 0.36173042 | Z16: 0.11641172
... A30: AM SIN IDENTIFICAR | B30: 0 | C30: 0.039390746 | D30: 0.0074168183 | E30: 0 | F30: 0.005247543 | G30: 0.011262914 | H30: 0.013131054 | J30: AM SIN IDENTIFICAR | K30: 0 | L30: 0.043046123 | M30: 0 | N30: 0 | O30: 0.0073465602 | P30: 0.011779557 | Q30: 0.013064493 | S30: AM SIN IDENTIFICAR | T30: 0 | U30: 0.030252305 | V30: 0.025958864 | W30: 0 | X30: 0 | Y30: 0.0099713064 | Z30: 0.013297455
A31: SUB TOTAL AM | B31: =+SUM(B5:B30) -> 1.1829445 | C31: =+SUM(C5:C30) -> 0.52886601 | D31: =+SUM(D5:D30) -> 1.2968802 | E31: =+SUM(E5:E30) -> 2.5970976 | F31: =+SUM(F5:F30) -> 5.4257446 | G31: =+SUM(G5:G30) -> 10.299299 | H31: =+SUM(H5:H30) -> 3.9169809 | J31: SUB TOTAL AM | K31: =+SUM(K5:K30) -> 1.2666225 | L31: =+SUM(L5:L30) -> 0.60343275 | M31: =+SUM(M5:M30) -> 1.4270105 | N31: =+SUM(N5:N30) -> 2.8274738 | O31: =+SUM(O5:O30) -> 5.6875768 | P31: =+SUM(P5:P30) -> 10.902696 | Q31: =+SUM(Q5:Q30) -> 4.1704173 | S31: SUB TOTAL AM | T31: =+SUM(T5:T30) -> 0.97374964 | U31: =+SUM(U5:U30) -> 0.34244914 | V31: =+SUM(V5:V30) -> 0.97155456 | W31: =+SUM(W5:W30) -> 2.0211571 | X31: =+SUM(X5:X30) -> 4.7711642 | Y31: =+SUM(Y5:Y30) -> 8.7908059 | Z31: =+SUM(Z5:Z30) -> 3.2833898
A32: RATING GENERAL | B32: 10.040628 | C32: 13.089685 | D32: 16.181145 | E32: 16.884386 | F32: 17.809342 | G32: 16.712246 | H32: 15.33331 | J32: RATING GENERAL | K32: 10.715042 | L32: 14.685437 | M32: 17.523532 | N32: 18.316307 | O32: 19.108622 | P32: 17.590371 | Q32: 16.565245 | S32: RATING GENERAL | T32: 8.3545921 | U32: 9.1003056 | V32: 12.825178 | W32: 13.304582 | X32: 14.561142 | Y32: 14.516931 | Z32: 12.253475
A34: CUADROS 24 - 26: RESUMEN DE RATING POR EDAD | FM
A36: CUADRO 24: RADIOS FM - LUNES A DOMINGO | J36: CUADRO 25: RADIOS FM - LUNES A VIERNES | S36: CUADRO 26: RADIOS FM - SABADO A DOMINGO
A37: RADIOS | B37: 12 - 17 | C37: 18 - 29 | D37: 30 - 39 | E37: 40 - 49 | F37: 50 - 59 | G37: >= 60 | J37: RADIOS | K37: 12 - 17 | L37: 18 - 29 | M37: 30 - 39 | N37: 40 - 49 | O37: 50 - 59 | P37: >= 60 | Q37: TOTAL | S37: RADIOS | T37: 12 - 17 | U37: 18 - 29 | V37: 30 - 39 | W37: 40 - 49 | X37: 50 - 59 | Y37: >= 60 | Z37: TOTAL
A38: 88.3 LACOSTA | B38: 0.54830356 | C38: 0.37292707 | D38: 0.1464505 | E38: 0.035569325 | F38: 0.037222794 | G38: 0 | H38: 0.17201244 | J38: 88.3 LACOSTA | K38: 0.65571307 | L38: 0.42687545 | M38: 0.1314111 | N38: 0.022241497 | O38: 0.043352744 | P38: 0 | Q38: 0.19094375 | S38: 88.3 LACOSTA | T38: 0.2797798 | U38: 0.23805613 | V38: 0.184049 | W38: 0.068888896 | X38: 0.021897917 | Y38: 0 | Z38: 0.12468417
A39: 90.3 OLDIES | B39: 0 | C39: 0.15174532 | D39: 0.56763672 | E39: 1.0046803 | F39: 0.66662841 | G39: 0.23592274 | H39: 0.42171224 | J39: 90.3 OLDIES | K39: 0 | L39: 0.17112656 | M39: 0.6399642 | N39: 1.1093034 | O39: 0.71405328 | P39: 0.24101983 | Q39: 0.46123457 | S39: 90.3 OLDIES | T39: 0 | U39: 0.10329223 | V39: 0.38681801 | W39: 0.7431226 | X39: 0.54806622 | Y39: 0.22318 | Z39: 0.32290642
A40: 91.1 RADIOFUTURA | B40: 0.055199642 | C40: 0.46313645 | D40: 0.84078005 | E40: 0.52351861 | F40: 0.24798949 | G40: 0.15068771 | H40: 0.39492669 | J40: 91.1 RADIOFUTURA | K40: 0.049570317 | L40: 0.56954356 | M40: 0.88923572 | N40: 0.567909 | O40: 0.28917816 | P40: 0.14817408 | Q40: 0.43739404 | S40: 91.1 RADIOFUTURA | T40: 0.069272954 | U40: 0.1971187 | V40: 0.71964088 | W40: 0.41254264 | X40: 0.14501781 | Y40: 0.15697178 | Z40: 0.28875829
A41: 91.9 DISNEY | B41: 1.3098526 | C41: 1.8845658 | D41: 1.3296257 | E41: 1.045085 | F41: 0.86579054 | G41: 0.13914422 | H41: 1.0732779 | J41: 91.9 DISNEY | K41: 1.3522463 | L41: 2.1454039 | M41: 1.4626874 | N41: 1.1894993 | O41: 0.97568255 | P41: 0.15648722 | Q41: 1.1972525 | S41: 91.9 DISNEY | T41: 1.2038683 | U41: 1.2324706 | V41: 0.99697134 | W41: 0.68404938 | X41: 0.5910605 | Y41: 0.095786724 | Z41: 0.76334147
A42: 92.5 CONCIERTO URBANA | B42: 0.019289677 | C42: 0.14658591 | D42: 0.068915306 | E42: 0.083739984 | F42: 0.24624007 | G42: 0.10201613 | H42: 0.11480709 | J42: 92.5 CONCIERTO URBANA | K42: 0.027005547 | L42: 0.10641472 | M42: 0.048073851 | N42: 0.10165521 | O42: 0.30638503 | P42: 0.11742047 | Q42: 0.11761746 | S42: 92.5 CONCIERTO URBANA | T42: 0 | U42: 0.24701389 | V42: 0.12101894 | W42: 0.038951914 | X42: 0.095877666 | Y42: 0.06350528 | Z42: 0.10778119
A43: 93.1 INOLVIDABLE | B43: 0.27538733 | C43: 1.0908121 | D43: 1.1720285 | E43: 0.79052216 | F43: 0.60748041 | G43: 0.34671013 | H43: 0.74337228 | J43: 93.1 INOLVIDABLE | K43: 0.38554226 | L43: 1.2214818 | M43: 1.1942517 | N43: 0.78472386 | O43: 0.6557834 | P43: 0.32535481 | Q43: 0.7877074 | S43: 93.1 INOLVIDABLE | T43: 0 | U43: 0.76413781 | V43: 1.1164704 | W43: 0.8050179 | X43: 0.48672294 | Y43: 0.40009845 | Z43: 0.63253449
A44: 93.9 OCEANO | B44: 0 | C44: 0.31472817 | D44: 1.0263976 | E44: 0.74249341 | F44: 0.33375804 | G44: 0.14450966 | H44: 0.43105732 | J44: 93.9 OCEANO | K44: 0 | L44: 0.37133308 | M44: 1.2306929 | N44: 0.81660268 | O44: 0.37250433 | P44: 0.14726382 | Q44: 0.49508507 | S44: 93.9 OCEANO | T44: 0 | U44: 0.17321591 | V44: 0.5156595 | W44: 0.55722023 | X44: 0.23689231 | Y44: 0.13762427 | Z44: 0.27098795
A45: 94.7 E. DEL SUR | B45: 0 | C45: 0.083112786 | D45: 0.094817911 | E45: 0.061422268 | F45: 0.1522401 | G45: 0.048003956 | H45: 0.075053893 | J45: 94.7 E. DEL SUR | K45: 0 | L45: 0.086382999 | M45: 0.099572985 | N45: 0.062530664 | O45: 0.10867002 | P45: 0.04222729 | Q45: 0.069461338 | S45: 94.7 E. DEL SUR | T45: 0 | U45: 0.074937254 | V45: 0.082930227 | W45: 0.058651279 | X45: 0.2611653 | Y45: 0.062445622 | Z45: 0.089035279
A46: 95.5 DEL PLATA | B46: 0.068181981 | C46: 0.27415886 | D46: 0.64070294 | E46: 0.84890466 | F46: 0.49120177 | G46: 0.10208317 | H46: 0.39062082 | J46: 95.5 DEL PLATA | K46: 0.095454773 | L46: 0.28667405 | M46: 0.70983999 | N46: 0.89411669 | O46: 0.5035302 | P46: 0.11739782 | Q46: 0.41969249 | S46: 95.5 DEL PLATA | T46: 0 | U46: 0.24287088 | V46: 0.46786034 | W46: 0.73587458 | X46: 0.4603807 | Y46: 0.063796544 | Z46: 0.31794163
A47: 96.3 ALFA | B47: 0 | C47: 0.046549373 | D47: 0.02747018 | E47: 0.059146466 | F47: 0.20504336 | G47: 0.15326009 | H47: 0.08636153 | J47: 96.3 ALFA | K47: 0 | L47: 0.054353418 | M47: 0.018681387 | N47: 0.073873144 | O47: 0.16043759 | P47: 0.17475007 | Q47: 0.087477257 | S47: 96.3 ALFA | T47: 0 | U47: 0.027039261 | V47: 0.049442164 | W47: 0.022329771 | X47: 0.31655779 | Y47: 0.099535159 | Z47: 0.083572213
A48: 97.1 BABEL | B48: 0 | C48: 0.21314696 | D48: 0.17026275 | E48: 0.20431347 | F48: 0.16562766 | G48: 0.24122817 | H48: 0.18286052 | J48: 97.1 BABEL | K48: 0 | L48: 0.2119438 | M48: 0.16649594 | N48: 0.20455554 | O48: 0.16588457 | P48: 0.18842592 | Q48: 0.17003853 | S48: 97.1 BABEL | T48: 0 | U48: 0.21615486 | V48: 0.17967976 | W48: 0.2037083 | X48: 0.16498539 | Y48: 0.37323379 | Z48: 0.21491548
A49: 97.9 M24 | B49: 0.019494566 | C49: 0.01560485 | D49: 0.17143078 | E49: 0.1013714 | F49: 0.14751402 | G49: 0.24474111 | H49: 0.12525135 | J49: 97.9 M24 | K49: 0.027292392 | L49: 0.011885817 | M49: 0.1583587 | N49: 0.11175387 | O49: 0.1124882 | P49: 0.2532101 | Q49: 0.12163262 | S49: 97.9 M24 | T49: 0 | U49: 0.024902434 | V49: 0.20411096 | W49: 0.075415212 | X49: 0.23507857 | Y49: 0.22356862 | Z49: 0.13429817
... A63: FM SIN IDENTIFICAR | B63: 0.1814661 | C63: 0.18918017 | D63: 0.11131891 | E63: 0.14697592 | F63: 0.13110091 | G63: 0.35911294 | H63: 0.19954283 | J63: FM SIN IDENTIFICAR | K63: 0.19288108 | L63: 0.20957631 | M63: 0.13306214 | N63: 0.109234 | O63: 0.13917103 | P63: 0.38361919 | Q63: 0.2100184 | S63: FM SIN IDENTIFICAR | T63: 0.15292865 | U63: 0.13818983 | V63: 0.056960853 | W63: 0.24133073 | X63: 0.11092562 | Y63: 0.29784731 | Z63: 0.17335392
A64: SUB TOTAL FM | B64: =+SUM(B38:B63) -> 8.8576831 | C64: =+SUM(C38:C63) -> 12.560819 | D64: =+SUM(D38:D63) -> 14.884265 | E64: =+SUM(E38:E63) -> 14.287288 | F64: =+SUM(F38:F63) -> 12.383598 | G64: =+SUM(G38:G63) -> 6.3848179 | H64: =+SUM(H38:H63) -> 11.409944 | J64: SUB TOTAL FM | K64: =+SUM(K38:K63) -> 9.4484194 | L64: =+SUM(L38:L63) -> 14.082004 | M64: =+SUM(M38:M63) -> 16.096521 | N64: =+SUM(N38:N63) -> 15.488834 | O64: =+SUM(O38:O63) -> 13.421046 | P64: =+SUM(P38:P63) -> 6.6561951 | Q64: =+SUM(Q38:Q63) -> 12.387682 | S64: SUB TOTAL FM | T64: =+SUM(T38:T63) -> 7.3808424 | U64: =+SUM(U38:U63) -> 8.7578564 | V64: =+SUM(V38:V63) -> 11.853624 | W64: =+SUM(W38:W63) -> 11.283425 | X64: =+SUM(X38:X63) -> 9.7899774 | Y64: =+SUM(Y38:Y63) -> 5.7063747 | Z64: =+SUM(Z38:Z63) -> 8.9656014
A65: RATING GENERAL | B65: 10.040628 | C65: 13.089685 | D65: 16.181145 | E65: 16.884386 | F65: 17.809342 | G65: 16.712246 | H65: 15.33331 | J65: RATING GENERAL | K65: 10.715042 | L65: 14.685437 | M65: 17.523532 | N65: 18.316307 | O65: 19.108622 | P65: 17.590371 | Q65: 16.565245 | S65: RATING GENERAL | T65: 8.3545921 | U65: 9.1003056 | V65: 12.825178 | W65: 13.304582 | X65: 14.561142 | Y65: 14.516931 | Z65: 12.253475

Sheet RatxSexo
A1: CUADROS 27 - 28: RESUMEN DE RATING POR SEXO | AM - FM
A3: CUADRO 27: RADIOS AM - LUNES A DOMINGO | F3: CUADRO 28: RADIOS FM - LUNES A DOMINGO
A4: RADIOS | B4: FEM. | C4: MASC. | D4: TOTAL | F4: RADIOS | G4: FEM. | H4: MASC. | I4: TOTAL
A5: CX4 RURAL | B5: 0.084732718 | C5: 0.13166576 | D5: 0.10627498 | F5: 88.3 LACOSTA | G5: 0.085419215 | H5: 0.27407548 | I5: 0.17201244
A6: CX6 CLÁSICA | B6: 0.022294758 | C6: 0.027078596 | D6: 0.024490539 | F6: 90.3 OLDIES | G6: 0.29567697 | H6: 0.57026361 | I6: 0.42171224
A7: CX8 SARANDI | B7: 0.45710643 | C7: 0.7638011 | D7: 0.59787928 | F7: 91.1 RADIOFUTURA | G7: 0.33263542 | H7: 0.46834624 | I7: 0.39492669
A8: CX10 CONTINENTE | B8: 0.026636988 | C8: 0.10283056 | D8: 0.061609837 | F8: 91.9 DISNEY | G8: 1.2417107 | H8: 0.8747547 | I8: 1.0732779
A9: CX12 ORIENTAL | B9: 0.18322078 | C9: 0.16123911 | D9: 0.17313119 | F9: 92.5 CONCIERTO URBANA | G9: 0.073146698 | H9: 0.16391009 | I9: 0.11480709
A10: CX14 EL ESPECTADOR | B10: 0.22335778 | C10: 0.24008811 | D10: 0.231037 | F10: 93.1 INOLVIDABLE | G10: 0.7620014 | H10: 0.72141508 | I10: 0.74337228
A11: CX16 CARVE | B11: 0.068889709 | C11: 0.20578647 | D11: 0.13172532 | F11: 93.9 OCEANO | G11: 0.25840072 | H11: 0.63455888 | I11: 0.43105732
A12: CX18 SPORT 890 | B12: 0.1178821 | C12: 0.66564708 | D12: 0.36930623 | F12: 94.7 E. DEL SUR | G12: 0.067075363 | H12: 0.08445778 | I12: 0.075053893
A13: CX20 MONTECARLO | B13: 1.3697851 | C13: 1.1590729 | D13: 1.2730682 | F13: 95.5 DEL PLATA | G13: 0.36359112 | H13: 0.42247935 | I13: 0.39062082
A14: CX22 UNIVERSAL | B14: 0.062666498 | C14: 0.15891843 | D14: 0.10684614 | F14: 96.3 ALFA | G14: 0.12523603 | H14: 0.040542129 | I14: 0.08636153
A15: CX24 RADIO 1010 AM | B15: 0.059942038 | C15: 0.078817198 | D15: 0.068605736 | F15: 97.1 BABEL | G15: 0.15898154 | H15: 0.21100546 | I15: 0.18286052
A16: CX26 RADIO URUGUAY | B16: 0.13819169 | C16: 0.08007777 | D16: 0.1115174 | F16: 97.9 M24 | G16: 0.082331933 | H16: 0.17583828 | I16: 0.12525135
... A30: AM SIN IDENTIFICAR | B30: 0.0070701616 | C30: 0.020274719 | D30: 0.013131054 | F30: FM SIN IDENTIFICAR | G30: 0.20505509 | H30: 0.19304582 | I30: 0.19954283
A31: SUB TOTAL AM | B31: =+SUM(B5:B30) -> 3.3721037 | C31: =+SUM(C5:C30) -> 4.5592 | D31: =+SUM(D5:D30) -> 3.9169809 | F31: SUB TOTAL FM | G31: =+SUM(G5:G30) -> 10.277353 | H31: =+SUM(H5:H30) -> 12.744872 | I31: =+SUM(I5:I30) -> 11.409944
A32: RATING GENERAL | B32: 13.654563 | C32: 17.311965 | D32: 15.33331 | F32: RATING GENERAL | G32: 13.654563 | H32: 17.311965 | I32: 15.33331

Sheet RatxLugar
A1: CUADRO 29: RESUMEN DE RATING POR LUGAR DE ESCUCHA
A2: LUNES A DOMINGO - 00:00 A 24:00 - AM/FM
A4: HORA | B4: HOGAR | C4: TRABAJO | D4: AUTO | E4: OTRO | F4: TOTAL
A5: 00:00 - 00:59 | B5: 1.6316053 | C5: 0.43708146 | D5: 0.0582739 | E5: 0.037878578 | F5: 2.1648392
A6: 01:00 - 01:59 | B6: 1.3001431 | C6: 0.40295891 | D6: 0.012440332 | E6: 0.042846574 | F6: 1.7583889
A7: 02:00 - 02:59 | B7: 1.0498217 | C7: 0.35472377 | D7: 0 | E7: 0.03067361 | F7: 1.4352191
A8: 03:00 - 03:59 | B8: 0.97437957 | C8: 0.29115355 | D8: 0.017413941 | E8: 0.03067361 | F8: 1.3136207
A9: 04:00 - 04:59 | B9: 1.2144372 | C9: 0.31599943 | D9: 0.02887248 | E9: 0.11945509 | F9: 1.6787642
A10: 05:00 - 05:59 | B10: 2.7068156 | C10: 0.73705332 | D10: 0.15360295 | E10: 0.15341469 | F10: 3.7508866
A11: 06:00 - 06:59 | B11: 6.7893868 | C11: 1.936697 | D11: 0.7277725 | E11: 0.25503609 | F11: 9.7088923
A12: 07:00 - 07:59 | B12: 11.880302 | C12: 5.1206965 | D12: 2.1154947 | E12: 0.39680326 | F12: 19.513297
A13: 08:00 - 08:59 | B13: 15.793399 | C13: 7.9290344 | D13: 2.6185286 | E13: 0.68990084 | F13: 27.030863
A14: 09:00 - 09:59 | B14: 18.927355 | C14: 10.185786 | D14: 1.651291 | E14: 0.50798131 | F14: 31.272413
A15: 10:00 - 10:59 | B15: 18.357653 | C15: 10.406389 | D15: 1.3990312 | E15: 0.56115383 | F15: 30.724227
A16: 11:00 - 11:59 | B16: 18.710598 | C16: 10.945545 | D16: 1.0036224 | E16: 0.36529334 | F16: 31.02506
... A28: 23:00 - 23:59 | B28: 3.7682254 | C28: 0.48388782 | D28: 0.18513725 | E28: 0.085004013 | F28: 4.5222545
A29: 06:00 - 11:59 | B29: =+AVERAGE(B11:B16) -> 15.076449 | C29: =+AVERAGE(C11:C16) -> 7.7540247 | D29: =+AVERAGE(D11:D16) -> 1.5859567 | E29: =+AVERAGE(E11:E16) -> 0.46269478 | F29: =+AVERAGE(B29:E29) -> 6.2197813
A30: 12:00 - 17:59 | B30: =+AVERAGE(B17:B22) -> 13.784032 | C30: =+AVERAGE(C17:C22) -> 8.8575061 | D30: =+AVERAGE(D17:D22) -> 1.1912959 | E30: =+AVERAGE(E17:E22) -> 0.33003596 | F30: =+AVERAGE(B30:E30) -> 6.0407174
A31: 18:00 - 23:59 | B31: =+AVERAGE(B23:B28) -> 7.091056 | C31: =+AVERAGE(C23:C28) -> 2.1188115 | D31: =+AVERAGE(D23:D28) -> 0.86932102 | E31: =+AVERAGE(E23:E28) -> 0.19510522 | F31: =+AVERAGE(B31:E31) -> 2.5685734
A32: 06:00 - 23:59 | B32: =+AVERAGE(B11:B28) -> 11.983846 | C32: =+AVERAGE(C11:C28) -> 6.2434474 | D32: =+AVERAGE(D11:D28) -> 1.2155246 | E32: =+AVERAGE(E11:E28) -> 0.32927865 | F32: =+AVERAGE(B32:E32) -> 4.9430241
A33: 00:00 - 24:00 | B33: 9.3577677 | C33: 4.788376 | D33: 0.92291857 | E33: 0.26424825 | F33: 15.33331

Sheet Cobertura
A1: CUADRO 30: COBERTURA SEMANAL POR NIVEL SOCIOECONÓMICO, EDAD Y SEXO | AM | LUNES A DOMINGO
A3: RADIO | B3: TOTAL | C3: NSE | F3: EDAD | L3: SEXO
C4: ABC1 | D4: C2C3D1 | E4: D2E | F4: 12 - 17 | G4: 18 - 29 | H4: 30 - 39 | I4: 40 - 49 | J4: 50 - 59 | K4: >= 60 | L4: FEM. | M4: MASC.
A5: CX4 RURAL | B5: 1.6567427 | C5: 1.8833033 | D5: 1.7552133 | E5: 0.95196495 | F5: 0 | G5: 0 | H5: 0.42792648 | I5: 3.0094367 | J5: 1.488097 | K5: 3.9920868 | L5: 1.4604194 | M5: 1.8899575
A6: CX6 CLÁSICA | B6: 0.71927008 | C6: 0.74129765 | D6: 0.90467594 | E6: 0 | F6: 0 | G6: 0 | H6: 0.43692017 | I6: 0.34286962 | J6: 1.9367769 | K6: 1.3888388 | L6: 0.61955635 | M6: 0.83775221
A7: CX8 SARANDI | B7: 7.1784777 | C7: 15.216643 | D7: 5.5249012 | E7: 1.3742962 | F7: 1.9898662 | G7: 0.86804735 | H7: 4.8642017 | I7: 9.6886759 | J7: 9.8327175 | K7: 13.563013 | L7: 5.0272206 | M7: 9.7367668
A8: CX10 CONTINENTE | B8: 1.3195288 | C8: 0.78976545 | D8: 1.7663201 | E8: 0.44875041 | F8: 0 | G8: 1.1715813 | H8: 0 | I8: 0.94082753 | J8: 2.763039 | K8: 2.3566347 | L8: 1.4149341 | M8: 1.2056566
A9: CX12 ORIENTAL | B9: 3.8721956 | C9: 8.7417686 | D9: 2.4714318 | E9: 1.8293449 | F9: 0 | G9: 0.81041544 | H9: 0.53289198 | I9: 4.8098039 | J9: 5.1062128 | K9: 9.3822804 | L9: 4.4610421 | M9: 3.1704543
A10: CX14 EL ESPECTADOR | B10: 5.114224 | C10: 10.540026 | D10: 3.6474842 | E10: 2.487891 | F10: 0 | G10: 1.6323176 | H10: 2.6477953 | I10: 5.6574652 | J10: 7.9940522 | K10: 10.151039 | L10: 4.2737736 | M10: 6.1131071
A11: CX16 CARVE | B11: 2.9813791 | C11: 4.0428922 | D11: 3.1611615 | E11: 0.73804229 | F11: 0 | G11: 0.88732296 | H11: 0.91469216 | I11: 0.47348629 | J11: 3.9458909 | K11: 8.6546801 | L11: 1.7000069 | M11: 4.5055237
A12: CX18 SPORT 890 | B12: 5.7545465 | C12: 7.8710394 | D12: 5.6070603 | E12: 3.1480961 | F12: 1.7454236 | G12: 2.1108296 | H12: 3.586874 | I12: 3.4990458 | J12: 9.1412351 | K12: 11.718778 | L12: 2.9310491 | M12: 9.1131988
A13: CX20 MONTECARLO | B13: 12.073417 | C13: 15.4203 | D13: 12.237512 | E13: 6.4739498 | F13: 3.4407411 | G13: 2.3629797 | H13: 1.2467675 | I13: 5.2544813 | J13: 15.646344 | K13: 34.587685 | L13: 11.62838 | M13: 12.599972
A14: CX22 UNIVERSAL | B14: 3.1027788 | C14: 3.7936484 | D14: 3.4861497 | E14: 0.65558377 | F14: 0 | G14: 0.57517385 | H14: 1.5643899 | I14: 2.0275204 | J14: 6.9363855 | K14: 6.2081251 | L14: 1.7316017 | M14: 4.7337653
A15: CX24 RADIO 1010 AM | B15: 1.4564079 | C15: 2.7344479 | D15: 1.1003008 | E15: 0.87585579 | F15: 0 | G15: 0.56303493 | H15: 0.86912122 | I15: 2.3200904 | J15: 1.7754146 | K15: 2.5675047 | L15: 1.0306945 | M15: 1.9626601
A16: CX26 RADIO URUGUAY | B16: 2.0409721 | C16: 4.7730929 | D16: 1.4278005 | E16: 0.25841702 | F16: 0 | G16: 0 | H16: 1.0811876 | I16: 0 | J16: 1.5189188 | K16: 7.0482595 | L16: 2.7721559 | M16: 1.1703064
... A32: TOTAL | B32: 74.868422 | C32: 78.25 | D32: 74.11 | E32: 72.69 | F32: 62.46 | G32: 69.96 | H32: 77.2 | I32: 76.19 | J32: 77.61 | K32: 80.39 | L32: 72.66 | M32: 77.6
A34: CUADRO 31: COBERTURA SEMANAL POR NIVEL SOCIOECONÓMICO, EDAD Y SEXO | FM | LUNES A DOMINGO
A36: RADIO | B36: TOTAL | C36: NSE | F36: EDAD | L36: SEXO
C37: ABC1 | D37: C2C3D1 | E37: D2E | F37: 12 - 17 | G37: 18 - 29 | H37: 30 - 39 | I37: 40 - 49 | J37: 50 - 59 | K37: >= 60 | L37: FEM. | M37: MASC.
A38: 88.3 LACOSTA | B38: 2.497591 | C38: 1.6857719 | D38: 2.6733827 | E38: 3.0375821 | F38: 7.4339056 | G38: 4.5449945 | H38: 3.1204523 | I38: 1.0419224 | J38: 0.85732763 | K38: 0 | L38: 1.4355315 | M38: 3.7608646
A39: 90.3 OLDIES | B39: 5.3891815 | C39: 7.60735 | D39: 5.0609971 | E39: 3.3004416 | F39: 0 | G39: 4.2335319 | H39: 5.9328134 | I39: 9.0178928 | J39: 9.9105652 | K39: 3.2990457 | L39: 3.3020449 | M39: 7.8716179
A40: 91.1 RADIOFUTURA | B40: 6.3296591 | C40: 7.7333699 | D40: 6.6183087 | E40: 3.1651913 | F40: 3.5216427 | G40: 9.0227108 | H40: 9.4131128 | I40: 8.9177895 | J40: 5.4378667 | K40: 1.7027105 | L40: 4.7110953 | M40: 8.2542302
A41: 91.9 DISNEY | B41: 11.679291 | C41: 11.629231 | D41: 12.399068 | E41: 9.0491229 | F41: 12.902214 | G41: 22.171925 | H41: 15.555964 | I41: 11.087655 | J41: 6.223203 | K41: 2.4661142 | L41: 13.596257 | M41: 9.3950372
A42: 92.5 CONCIERTO URBANA | B42: 2.1267703 | C42: 5.3476371 | D42: 1.0267711 | E42: 1.4171785 | F42: 0 | G42: 2.2771945 | H42: 3.4775681 | I42: 3.1541407 | J42: 3.6846415 | K42: 0.31230068 | L42: 2.189414 | M42: 2.0516813
A43: 93.1 INOLVIDABLE | B43: 9.9102623 | C43: 10.059114 | D43: 9.4442673 | E43: 11.366289 | F43: 5.6423469 | G43: 13.758389 | H43: 16.979253 | I43: 6.6659431 | J43: 8.6527276 | K43: 5.8374545 | L43: 9.203247 | M43: 10.749134
A44: 93.9 OCEANO | B44: 6.4745958 | C44: 9.4640483 | D44: 6.3727071 | E44: 2.4077381 | F44: 0 | G44: 4.0853791 | H44: 14.556512 | I44: 10.034375 | J44: 6.5347034 | K44: 3.1163484 | L44: 4.7485575 | M44: 8.5270305
A45: 94.7 E. DEL SUR | B45: 2.8142539 | C45: 7.1250518 | D45: 1.6960701 | E45: 0.55915821 | F45: 0 | G45: 2.1134721 | H45: 4.2357065 | I45: 3.4615887 | J45: 5.1020127 | K45: 1.8085889 | L45: 3.1609917 | M45: 2.4009033
A46: 95.5 DEL PLATA | B46: 5.5539639 | C46: 10.251977 | D46: 4.1512894 | E46: 3.7643155 | F46: 1.7095605 | G46: 2.8512701 | H46: 8.9398529 | I46: 9.1877475 | J46: 9.0611656 | K46: 2.7138032 | L46: 4.7006182 | M46: 6.5680814
A47: 96.3 ALFA | B47: 1.7360594 | C47: 3.7124306 | D47: 1.1951571 | E47: 0.8044199 | F47: 0 | G47: 1.4426376 | H47: 1.3944004 | I47: 2.0216988 | J47: 3.697917 | K47: 1.6299507 | L47: 1.9634925 | M47: 1.4649615
A48: 97.1 BABEL | B48: 3.4689635 | C48: 8.1843241 | D48: 2.4440338 | E48: 0.26974317 | F48: 0 | G48: 1.9519622 | H48: 4.5621539 | I48: 4.1243009 | J48: 3.8618156 | K48: 4.8410609 | L48: 3.5986189 | M48: 3.3137865
A49: 97.9 M24 | B49: 2.7600825 | C49: 2.0132258 | D49: 3.6719042 | E49: 0.4890011 | F49: 1.9389437 | G49: 0 | H49: 5.1809707 | I49: 2.5264059 | J49: 3.4976182 | K49: 3.5126548 | L49: 1.8129846 | M49: 3.886479
... A65: TOTAL | B65: 74.868422 | C65: 78.25 | D65: 74.11 | E65: 72.69 | F65: 62.46 | G65: 69.96 | H65: 77.2 | I65: 76.19 | J65: 77.61 | K65: 80.39 | L65: 72.66 | M65: 77.6

Sheet ShaxHoraxLD
A1: CUADRO 32: RESUMEN DE SHARE POR HORA | AM | LUNES A DOMINGO
A3: RADIOS | B3: HORAS | Z3: PROMEDIO
B4: 00:00 - 00:59 | C4: 01:00 - 01:59 | D4: 02:00 - 02:59 | E4: 03:00 - 03:59 | F4: 04:00 - 04:59 | G4: 05:00 - 05:59 | H4: 06:00 - 06:59 | I4: 07:00 - 07:59 | J4: 08:00 - 08:59 | K4: 09:00 - 09:59 | L4: 10:00 - 10:59 | M4: 11:00 - 11:59 | N4: 12:00 - 12:59 | O4: 13:00 - 13:59 | P4: 14:00 - 14:59 | Q4: 15:00 - 15:59 | R4: 16:00 - 16:59 | S4: 17:00 - 17:59 | T4: 18:00 - 18:59 | U4: 19:00 - 19:59 | V4: 20:00 - 20:59 | W4: 21:00 - 21:59 | X4: 22:00 - 22:59 | Y4: 23:00 - 23:59 | Z4: 06:00 - 11:59 | AA4: 12:00 - 17:59 | AB4: 18:00 - 23:59 | AC4: 06:00 - 23:59 | AD4: 00:00 - 24:00
A5: CX4 RURAL | B5: 5.7614298 | C5: 4.9278348 | D5: 3.2628352 | E5: 0 | F5: 0 | G5: 0 | H5: 1.3148162 | I5: 0.9565113 | J5: 0.52990354 | K5: 0.31346062 | L5: 0.43358295 | M5: 0.45706291 | N5: 0.38045384 | O5: 0.616939 | P5: 0.91681234 | Q5: 0.7840483 | R5: 0.91430696 | S5: 0.54283477 | T5: 0.27519857 | U5: 0.47973455 | V5: 0.43917496 | W5: 0.80891259 | X5: 1.3671008 | Y5: 3.2067255 | Z5: 0.66755626 | AA5: 0.69256587 | AB5: 1.0961412 | AC5: 0.81875443 | AD5: 1.1954033
A6: CX6 CLÁSICA | B6: 0 | C6: 0 | D6: 0 | E6: 0 | F6: 0 | G6: 0 | H6: 0 | I6: 0.18399212 | J6: 0.31819118 | K6: 0.25445087 | L6: 0.14115422 | M6: 0.085346811 | N6: 0.051712641 | O6: 0.34168308 | P6: 0.33621818 | Q6: 0.1399535 | R6: 0.094032822 | S6: 0.064742102 | T6: 0.076154155 | U6: 0.16865575 | V6: 0.19870804 | W6: 0 | X6: 0 | Y6: 0.2025032 | Z6: 0.16385587 | AA6: 0.17139039 | AB6: 0.10767019 | AC6: 0.14763881 | AD6: 0.11072911
A7: CX8 SARANDI | B7: 2.229112 | C7: 1.7612991 | D7: 1.6103939 | E7: 1.7594638 | F7: 5.6740434 | G7: 8.6497154 | H7: 10.647168 | I7: 8.6538777 | J7: 7.2671221 | K7: 6.3525378 | L7: 5.6897606 | M7: 4.9616276 | N7: 3.170903 | O7: 2.0429381 | P7: 1.549351 | Q7: 1.5404491 | R7: 2.1042236 | S7: 1.9104694 | T7: 1.323978 | U7: 1.0647483 | V7: 1.0852135 | W7: 1.7764591 | X7: 1.967451 | Y7: 1.2685818 | Z7: 7.2620157 | AA7: 2.0530557 | AB7: 1.4144053 | AC7: 3.5764922 | AD7: 3.5858703
A8: CX10 CONTINENTE | B8: 0 | C8: 0 | D8: 0 | E8: 0 | F8: 0.682558 | G8: 0.30548882 | H8: 0.17289465 | I8: 0.24640426 | J8: 0.46735546 | K8: 0.2764082 | L8: 0.25926686 | M8: 0.22662185 | N8: 0.28123721 | O8: 0.20530959 | P8: 0.5387222 | Q8: 0.14596162 | R8: 0.3684993 | S8: 0.084533573 | T8: 0.13786402 | U8: 0.41309148 | V8: 1.296175 | W8: 1.612689 | X8: 2.4364819 | Y8: 2.6707059 | Z8: 0.27482521 | AA8: 0.27071058 | AB8: 1.4278345 | AC8: 0.65779012 | AD8: 0.5345112
A9: CX12 ORIENTAL | B9: 0.52286193 | C9: 0 | D9: 0 | E9: 0 | F9: 0.43242587 | G9: 0.38875298 | H9: 0.7917667 | I9: 1.8552125 | J9: 1.6401998 | K9: 1.5506835 | L9: 1.4885183 | M9: 1.0927019 | N9: 0.7539717 | O9: 0.92519401 | P9: 0.93516658 | Q9: 0.73773804 | R9: 0.78601655 | S9: 0.82838654 | T9: 0.55074778 | U9: 1.2438046 | V9: 0.98105504 | W9: 1.6419657 | X9: 1.6184865 | Y9: 3.1654677 | Z9: 1.4031805 | AA9: 0.82774557 | AB9: 1.5335879 | AC9: 1.254838 | AD9: 0.99713017
A10: CX14 EL ESPECTADOR | B10: 7.5035254 | C10: 2.0244899 | D10: 1.8793185 | E10: 0 | F10: 0 | G10: 2.0480051 | H10: 3.2495454 | I10: 2.3035101 | J10: 2.091551 | K10: 2.0773769 | L10: 1.7766201 | M10: 1.6291816 | N10: 1.2186605 | O10: 1.573042 | P10: 0.63360648 | Q10: 0.8474005 | R10: 0.624848 | S10: 0.35608095 | T10: 0.36676162 | U10: 1.0663668 | V10: 0.86469248 | W10: 1.2634897 | X10: 3.3387598 | Y10: 6.5211713 | Z10: 2.1879642 | AA10: 0.87560641 | AB10: 2.2368736 | AC10: 1.7668147 | AD10: 1.8857502
A11: CX16 CARVE | B11: 2.1341156 | C11: 1.9031949 | D11: 1.8221563 | E11: 1.9908285 | F11: 1.8214811 | G11: 1.3885867 | H11: 1.2102919 | I11: 0.73482378 | J11: 0.7308991 | K11: 0.58734197 | L11: 0.62733734 | M11: 0.42874416 | N11: 0.57177245 | O11: 0.65842714 | P11: 0.9581873 | Q11: 0.82573825 | R11: 1.009276 | S11: 0.72309915 | T11: 0.92280934 | U11: 1.2705045 | V11: 1.5339651 | W11: 1.9314585 | X11: 1.6105533 | Y11: 1.5180427 | Z11: 0.71990638 | AA11: 0.79108337 | AB11: 1.4645556 | AC11: 0.99184844 | AD11: 1.2047348
A12: CX18 SPORT 890 | B12: 1.9125851 | C12: 2.3546777 | D12: 1.3562145 | E12: 4.0880312 | F12: 2.5299921 | G12: 4.5735587 | H12: 3.7104791 | I12: 3.2464457 | J12: 3.0013639 | K12: 2.8272866 | L12: 2.2083597 | M12: 2.464761 | N12: 2.3402085 | O12: 1.912956 | P12: 2.0880427 | Q12: 2.3598006 | R12: 2.3325609 | S12: 2.5880098 | T12: 1.8435958 | U12: 2.137453 | V12: 1.9657516 | W12: 1.3682395 | X12: 1.1290529 | Y12: 1.3282772 | Z12: 2.9097827 | AA12: 2.2702631 | AB12: 1.6287283 | AC12: 2.2695914 | AD12: 2.402821
A13: CX20 MONTECARLO | B13: 12.10421 | C13: 18.078659 | D13: 10.223146 | E13: 10.49616 | F13: 8.550446 | G13: 15.570097 | H13: 15.794376 | I13: 14.204057 | J13: 11.226737 | K13: 11.126246 | L13: 10.423546 | M13: 10.934962 | N13: 9.7174713 | O13: 6.5740444 | P13: 5.9448808 | Q13: 4.9764759 | R13: 4.2318202 | S13: 4.3136758 | T13: 4.6458069 | U13: 4.5750463 | V13: 4.714356 | W13: 4.8828101 | X13: 3.8048761 | Y13: 2.8048784 | Z13: 12.284987 | AA13: 5.9597281 | AB13: 4.2379623 | AC13: 7.4942259 | AD13: 8.746616
A14: CX22 UNIVERSAL | B14: 1.8723906 | C14: 2.3051924 | D14: 2.287961 | E14: 3.6844047 | F14: 2.461692 | G14: 0.85130506 | H14: 0.33356824 | I14: 0.39209147 | J14: 0.34571586 | K14: 0.40013059 | L14: 0.5894327 | M14: 0.82053577 | N14: 0.98416594 | O14: 0.6331204 | P14: 0.3503714 | Q14: 0.48083735 | R14: 0.78769123 | S14: 0.83654226 | T14: 0.59753948 | U14: 0.73796175 | V14: 1.1433001 | W14: 1.4677794 | X14: 1.4771593 | Y14: 0.71152048 | Z14: 0.48024577 | AA14: 0.6787881 | AB14: 1.0225434 | AC14: 0.72719243 | AD14: 1.1063504
A15: CX24 RADIO 1010 AM | B15: 1.09953 | C15: 0 | D15: 0 | E15: 0 | F15: 0 | G15: 0 | H15: 0.35495202 | I15: 0.29250113 | J15: 0.45819269 | K15: 0.44786544 | L15: 0.35368553 | M15: 0.50680169 | N15: 0.72515994 | O15: 0.47997999 | P15: 0.49197874 | Q15: 0.50455535 | R15: 0.70945327 | S15: 0.4241464 | T15: 0.4007338 | U15: 0.43914431 | V15: 0.29560332 | W15: 0.10079017 | X15: 0.13831358 | Y15: 0.17559739 | Z15: 0.40233308 | AA15: 0.55587895 | AB15: 0.25836376 | AC15: 0.40552527 | AD15: 0.3499577
A16: CX26 RADIO URUGUAY | B16: 1.6267821 | C16: 2.4720829 | D16: 3.5869639 | E16: 3.9764748 | F16: 3.1488221 | G16: 1.0925432 | H16: 0.67887275 | I16: 0.65121341 | J16: 0.81622125 | K16: 0.78071577 | L16: 0.83660653 | M16: 0.85529216 | N16: 0.65571829 | O16: 0.48230386 | P16: 0.83174914 | Q16: 0.83862369 | R16: 0.54006656 | S16: 0.37158296 | T16: 0.32177021 | U16: 0.32691383 | V16: 0.8130813 | W16: 0.84630982 | X16: 0.44683569 | Y16: 0.54850055 | Z16: 0.76982031 | AA16: 0.62000742 | AB16: 0.55056856 | AC16: 0.64679876 | AD16: 1.147752
... A32: TOTAL GENERAL | B32: 100 | C32: 100 | D32: 100 | E32: 100 | F32: 100 | G32: 100 | H32: 100 | I32: 100 | J32: 100 | K32: 100 | L32: 100 | M32: 100 | N32: 100 | O32: 100 | P32: 100 | Q32: 100 | R32: 100 | S32: 100 | T32: 100 | U32: 100 | V32: 100 | W32: 100 | X32: 100 | Y32: 100 | Z32: 100 | AA32: 100 | AB32: 100 | AC32: 100 | AD32: 100
A34: CUADRO 33: RESUMEN DE SHARE POR HORA | FM | LUNES A DOMINGO
A36: RADIOS | B36: HORAS | Z36: PROMEDIO
B37: 00:00 - 00:59 | C37: 01:00 - 01:59 | D37: 02:00 - 02:59 | E37: 03:00 - 03:59 | F37: 04:00 - 04:59 | G37: 05:00 - 05:59 | H37: 06:00 - 06:59 | I37: 07:00 - 07:59 | J37: 08:00 - 08:59 | K37: 09:00 - 09:59 | L37: 10:00 - 10:59 | M37: 11:00 - 11:59 | N37: 12:00 - 12:59 | O37: 13:00 - 13:59 | P37: 14:00 - 14:59 | Q37: 15:00 - 15:59 | R37: 16:00 - 16:59 | S37: 17:00 - 17:59 | T37: 18:00 - 18:59 | U37: 19:00 - 19:59 | V37: 20:00 - 20:59 | W37: 21:00 - 21:59 | X37: 22:00 - 22:59 | Y37: 23:00 - 23:59 | Z37: 06:00 - 11:59 | AA37: 12:00 - 17:59 | AB37: 18:00 - 23:59 | AC37: 06:00 - 23:59 | AD37: 00:00 - 24:00
A38: 88.3 LACOSTA | B38: 3.4277179 | C38: 3.8102842 | D38: 4.6682499 | E38: 5.1003776 | F38: 2.9939044 | G38: 2.3790699 | H38: 0.84373425 | I38: 1.1736318 | J38: 0.9640907 | K38: 0.73177883 | L38: 0.54396372 | M38: 0.23194283 | N38: 0.70495645 | O38: 1.0945327 | P38: 0.84267344 | Q38: 1.1144647 | R38: 1.1573838 | S38: 1.797611 | T38: 0.90953827 | U38: 1.8778178 | V38: 2.2699279 | W38: 2.1460016 | X38: 3.0416035 | Y38: 1.1306202 | Z38: 0.74819035 | AA38: 1.1186037 | AB38: 1.8959182 | AC38: 1.2542374 | AD38: 1.8731616
A39: 90.3 OLDIES | B39: 3.0419752 | C39: 3.7451257 | D39: 5.5727876 | E39: 5.7583082 | F39: 0.82180166 | G39: 0.6060272 | H39: 1.1580773 | I39: 1.5793107 | J39: 2.1456783 | K39: 2.1104184 | L39: 2.8162806 | M39: 2.7620317 | N39: 3.5055615 | O39: 3.7545473 | P39: 3.4202314 | Q39: 3.1199037 | R39: 2.7569752 | S39: 2.8924809 | T39: 3.1174989 | U39: 1.884438 | V39: 1.8092214 | W39: 2.1818086 | X39: 3.7899724 | Y39: 5.5671371 | Z39: 2.0952995 | AA39: 3.2416167 | AB39: 3.0583461 | AC39: 2.7984208 | AD39: 2.9132333
A40: 91.1 RADIOFUTURA | B40: 1.1615794 | C40: 1.4300777 | D40: 0.8875161 | E40: 1.5801537 | F40: 1.56664 | G40: 1.1463925 | H40: 1.1728358 | I40: 0.85734244 | J40: 1.3459674 | K40: 2.0974858 | L40: 2.3342736 | M40: 2.7344485 | N40: 2.3935624 | O40: 2.7883469 | P40: 2.56913 | Q40: 2.49483 | R40: 2.6691277 | S40: 2.7295544 | T40: 3.9497389 | U40: 4.8221054 | V40: 5.2578131 | W40: 4.1371787 | X40: 4.1235432 | Y40: 3.3577239 | Z40: 1.7570589 | AA40: 2.6074252 | AB40: 4.2746839 | AC40: 2.8797227 | AD40: 2.4836403
A41: 91.9 DISNEY | B41: 2.209329 | C41: 1.9411097 | D41: 1.2330771 | E41: 0.70801936 | F41: 2.5130396 | G41: 4.7917947 | H41: 5.1862248 | I41: 5.5431097 | J41: 5.3628903 | K41: 6.3989222 | L41: 6.8260892 | M41: 7.5255561 | N41: 7.856257 | O41: 9.0695046 | P41: 8.0345434 | Q41: 8.5358081 | R41: 7.8976427 | S41: 8.0109311 | T41: 7.3025856 | U41: 7.8832202 | V41: 6.8350558 | W41: 5.1096261 | X41: 4.5526038 | Y41: 4.1289566 | Z41: 6.1404654 | AA41: 8.2341145 | AB41: 5.9686747 | AC41: 6.7810848 | AD41: 5.6439957
A42: 92.5 CONCIERTO URBANA | B42: 0.21476523 | C42: 0.26440807 | D42: 0.59965441 | E42: 0 | F42: 0 | G42: 0 | H42: 0.2242613 | I42: 0.67936908 | J42: 0.9914616 | K42: 0.93735944 | L42: 0.60132344 | M42: 0.59417457 | N42: 0.59753785 | O42: 0.68833825 | P42: 0.82794651 | Q42: 0.72553175 | R42: 0.86479136 | S42: 0.88234222 | T42: 1.1640144 | U42: 1.0115699 | V42: 1.3376595 | W42: 0.66963234 | X42: 0 | Y42: 0.17323182 | Z42: 0.6713249 | AA42: 0.76441466 | AB42: 0.726018 | AC42: 0.72058586 | AD42: 0.58539055
A43: 93.1 INOLVIDABLE | B43: 2.709912 | C43: 0.90639489 | D43: 1.7354203 | E43: 1.8711929 | F43: 2.0342775 | G43: 1.0796848 | H43: 2.596241 | I43: 2.4988068 | J43: 3.5501661 | K43: 3.3820505 | L43: 4.2689264 | M43: 4.4289822 | N43: 5.338252 | O43: 5.952343 | P43: 6.2539852 | Q43: 5.0538454 | R43: 5.6656971 | S43: 4.6509593 | T43: 5.6499701 | U43: 7.9814449 | V43: 8.9681168 | W43: 8.7161934 | X43: 5.114997 | Y43: 2.3311641 | Z43: 3.4541955 | AA43: 5.485847 | AB43: 6.4603144 | AC43: 5.1334523 | AD43: 4.2807927
A44: 93.9 OCEANO | B44: 0.32938765 | C44: 0.40552537 | D44: 0.58636536 | E44: 0 | F44: 0 | G44: 0.62918457 | H44: 1.1141401 | I44: 2.5526927 | J44: 2.7246744 | K44: 2.4242738 | L44: 2.6548324 | M44: 2.7607495 | N44: 4.1967397 | O44: 4.4617797 | P44: 4.2263525 | Q44: 3.6398013 | R44: 3.3898695 | S44: 3.1491438 | T44: 1.8689803 | U44: 1.7826474 | V44: 1.176092 | W44: 1.4931459 | X44: 0.73975911 | Y44: 0.80050089 | Z44: 2.3718938 | AA44: 3.8439477 | AB44: 1.3101876 | AC44: 2.5086764 | AD44: 1.9627766
A45: 94.7 E. DEL SUR | B45: 0.46671514 | C45: 0.57459601 | D45: 1.9285643 | E45: 0 | F45: 0 | G45: 0.86334215 | H45: 0.55726362 | I45: 0.49031578 | J45: 0.27281003 | K45: 0.61173224 | L45: 0.51991414 | M45: 0.49320059 | N45: 0.2144704 | O45: 0.29634678 | P45: 0.32211659 | Q45: 0.44659056 | R45: 0.52651493 | S45: 0.78669598 | T45: 0.52873435 | U45: 0.49498861 | V45: 0.4988587 | W45: 0.7850962 | X45: 0.61425931 | Y45: 1.3700363 | Z45: 0.49087273 | AA45: 0.43212254 | AB45: 0.71532891 | AC45: 0.54610806 | AD45: 0.56929845
A46: 95.5 DEL PLATA | B46: 6.0626091 | C46: 6.403309 | D46: 7.4010448 | E46: 6.7281663 | F46: 0.59334353 | G46: 0 | H46: 0.43278113 | I46: 0.66286624 | J46: 1.4609248 | K46: 2.0470805 | L46: 1.953178 | M46: 2.3257669 | N46: 2.6466335 | O46: 2.8703295 | P46: 2.7800628 | Q46: 2.924325 | R46: 3.4137072 | S46: 3.8402159 | T46: 3.3691509 | U46: 2.7738481 | V46: 3.0739776 | W46: 2.6268463 | X46: 3.3341769 | Y46: 4.9533097 | Z46: 1.4804329 | AA46: 3.0792123 | AB46: 3.3552183 | AC46: 2.6382878 | AD46: 3.1115689
A47: 96.3 ALFA | B47: 0 | C47: 0 | D47: 0 | E47: 0 | F47: 0 | G47: 0 | H47: 0 | I47: 0 | J47: 0.34353864 | K47: 0.30104391 | L47: 0.61657453 | M47: 0.37264033 | N47: 0.68077041 | O47: 1.0288128 | P47: 0.76113417 | Q47: 0.63202141 | R47: 0.53916909 | S47: 0.53363505 | T47: 0.38638412 | U47: 0.86709003 | V47: 1.1703433 | W47: 1.4450295 | X47: 1.4794242 | Y47: 0.83632853 | Z47: 0.27229957 | AA47: 0.69592383 | AB47: 1.0307666 | AC47: 0.66633 | AD47: 0.4997475
A48: 97.1 BABEL | B48: 0 | C48: 0 | D48: 0.81310241 | E48: 0.65790905 | F48: 3.2836241 | G48: 2.0150979 | H48: 1.4149635 | I48: 0.8105751 | J48: 0.62699823 | K48: 1.0302518 | L48: 0.90936644 | M48: 0.98945617 | N48: 0.81546002 | O48: 0.84410222 | P48: 0.73734907 | Q48: 0.85823642 | R48: 1.0976266 | S48: 1.458723 | T48: 1.8614594 | U48: 3.0416291 | V48: 2.7114114 | W48: 2.6470782 | X48: 2.4621369 | Y48: 1.3699017 | Z48: 0.96360187 | AA48: 0.96858288 | AB48: 2.3489361 | AC48: 1.4270403 | AD48: 1.3523525
A49: 97.9 M24 | B49: 0.45912502 | C49: 0 | D49: 0 | E49: 0 | F49: 0.80691678 | G49: 3.5802736 | H49: 1.6493938 | I49: 1.1469371 | J49: 1.1299624 | K49: 1.0119622 | L49: 0.89539233 | M49: 0.8200853 | N49: 0.64469194 | O49: 0.56724358 | P49: 0.47093211 | Q49: 0.73651963 | R49: 0.71679481 | S49: 0.47287219 | T49: 0.55353022 | U49: 0.7366383 | V49: 0.44191172 | W49: 1.0205252 | X49: 0.8102663 | Y49: 1.1369166 | Z49: 1.1089555 | AA49: 0.60150905 | AB49: 0.78329805 | AC49: 0.83125421 | AD49: 0.82537046
... A65: TOTAL GENERAL | B65: 100 | C65: 100 | D65: 100 | E65: 100 | F65: 100 | G65: 100 | H65: 100 | I65: 100 | J65: 100 | K65: 100 | L65: 100 | M65: 100 | N65: 100 | O65: 100 | P65: 100 | Q65: 100 | R65: 100 | S65: 100 | T65: 100 | U65: 100 | V65: 100 | W65: 100 | X65: 100 | Y65: 100 | Z65: 100 | AA65: 100 | AB65: 100 | AC65: 100 | AD65: 100

Sheet SharexHoraxLV
A1: CUADRO 34: RESUMEN DE SHARE POR HORA | AM | LUNES A VIERNES
A3: RADIOS | B3: HORAS | Z3: PROMEDIO
B4: 00:00 - 00:59 | C4: 01:00 - 01:59 | D4: 02:00 - 02:59 | E4: 03:00 - 03:59 | F4: 04:00 - 04:59 | G4: 05:00 - 05:59 | H4: 06:00 - 06:59 | I4: 07:00 - 07:59 | J4: 08:00 - 08:59 | K4: 09:00 - 09:59 | L4: 10:00 - 10:59 | M4: 11:00 - 11:59 | N4: 12:00 - 12:59 | O4: 13:00 - 13:59 | P4: 14:00 - 14:59 | Q4: 15:00 - 15:59 | R4: 16:00 - 16:59 | S4: 17:00 - 17:59 | T4: 18:00 - 18:59 | U4: 19:00 - 19:59 | V4: 20:00 - 20:59 | W4: 21:00 - 21:59 | X4: 22:00 - 22:59 | Y4: 23:00 - 23:59 | Z4: 06:00 - 11:59 | AA4: 12:00 - 17:59 | AB4: 18:00 - 23:59 | AC4: 06:00 - 23:59 | AD4: 00:00 - 24:00
A5: CX4 RURAL | B5: 6.4409947 | C5: 4.786384 | D5: 3.7059168 | E5: 0 | F5: 0 | G5: 0 | H5: 1.2975549 | I5: 0.8773314 | J5: 0.45988351 | K5: 0.29067648 | L5: 0.40833924 | M5: 0.43662784 | N5: 0.43228531 | O5: 0.68675888 | P5: 0.94311719 | Q5: 0.88073289 | R5: 0.97322975 | S5: 0.53704937 | T5: 0.31149298 | U5: 0.45034137 | V5: 0.33691236 | W5: 0.83852136 | X5: 1.6908127 | Y5: 3.5708827 | Z5: 0.62840222 | AA5: 0.74219557 | AB5: 1.1998272 | AC5: 0.85680835 | AD5: 1.2648269
A6: CX6 CLÁSICA | B6: 0 | C6: 0 | D6: 0 | E6: 0 | F6: 0 | G6: 0 | H6: 0 | I6: 0.23797039 | J6: 0.32699438 | K6: 0.22459484 | L6: 0.090682851 | M6: 0.052766332 | N6: 0 | O6: 0.27653606 | P6: 0.2687139 | Q6: 0.10288084 | R6: 0 | S6: 0 | T6: 0 | U6: 0 | V6: 0.080942625 | W6: 0 | X6: 0 | Y6: 0 | Z6: 0.15550147 | AA6: 0.1080218 | AB6: 0.013490438 | AC6: 0.092337901 | AD6: 0.069253426
A7: CX8 SARANDI | B7: 1.9411755 | C7: 1.040608 | D7: 1.3161655 | E7: 1.4113115 | F7: 4.8605205 | G7: 8.8464215 | H7: 10.639581 | I7: 8.8560211 | J7: 7.2966189 | K7: 6.3597241 | L7: 5.8467147 | M7: 5.019308 | N7: 3.3100595 | O7: 2.006095 | P7: 1.6174233 | Q7: 1.6192879 | R7: 2.178833 | S7: 1.9478304 | T7: 1.3418172 | U7: 1.0669442 | V7: 0.9907069 | W7: 1.2447616 | X7: 1.3626224 | Y7: 0.58316492 | Z7: 7.3363279 | AA7: 2.1132549 | AB7: 1.0983362 | AC7: 3.515973 | AD7: 3.4459882
A8: CX10 CONTINENTE | B8: 0 | C8: 0 | D8: 0 | E8: 0 | F8: 0 | G8: 0 | H8: 0.11745466 | I8: 0.266219 | J8: 0.50318079 | K8: 0.25855358 | L8: 0.30682303 | M8: 0.26556015 | N8: 0.36467111 | O8: 0.26456931 | P8: 0.56434345 | Q8: 0.1338378 | R8: 0.34718974 | S8: 0.051446526 | T8: 0.060601499 | U8: 0.33820018 | V8: 1.1339967 | W8: 1.4938686 | X8: 2.3522042 | Y8: 2.5505374 | Z8: 0.28629853 | AA8: 0.28767632 | AB8: 1.3215681 | AC8: 0.63184765 | AD8: 0.47388574
A9: CX12 ORIENTAL | B9: 0 | C9: 0 | D9: 0 | E9: 0 | F9: 0.60096969 | G9: 0.25267202 | H9: 1.017989 | I9: 2.0388059 | J9: 1.7198361 | K9: 1.6893306 | L9: 1.5032279 | M9: 1.1368865 | N9: 0.77809867 | O9: 0.80225439 | P9: 0.72380202 | Q9: 0.5755246 | R9: 0.58825815 | S9: 0.70915473 | T9: 0.31740763 | U9: 1.0850376 | V9: 1.0498773 | W9: 1.8573536 | X9: 2.0935579 | Y9: 3.3825496 | Z9: 1.5176793 | AA9: 0.69618209 | AB9: 1.6309639 | AC9: 1.2816085 | AD9: 0.99677475
A10: CX14 EL ESPECTADOR | B10: 7.4958204 | C10: 1.4610764 | D10: 1.8509393 | E10: 0 | F10: 0 | G10: 2.0265566 | H10: 3.7314765 | I10: 2.4994146 | J10: 2.3016105 | K10: 2.3242658 | L10: 1.9107035 | M10: 1.7147206 | N10: 1.3939 | O10: 1.6878457 | P10: 0.68288233 | Q10: 0.83406464 | R10: 0.60874109 | S10: 0.31260143 | T10: 0.26533468 | U10: 0.90876105 | V10: 0.59467846 | W10: 0.88992483 | X10: 2.9045687 | Y10: 6.4995848 | Z10: 2.4136986 | AA10: 0.92000588 | AB10: 2.0104754 | AC10: 1.7813933 | AD10: 1.8708113
A11: CX16 CARVE | B11: 2.4621174 | C11: 1.3317317 | D11: 0 | E11: 0 | F11: 1.0188686 | G11: 1.4866145 | H11: 1.3702299 | I11: 0.66737679 | J11: 0.5085467 | K11: 0.37960548 | L11: 0.53208956 | M11: 0.35436968 | N11: 0.696191 | O11: 0.84847285 | P11: 1.0131948 | Q11: 0.82456697 | R11: 0.98039173 | S11: 0.73138199 | T11: 0.89142068 | U11: 1.2696157 | V11: 1.4835496 | W11: 1.9730492 | X11: 1.9067577 | Y11: 1.7022554 | Z11: 0.63536968 | AA11: 0.84903323 | AB11: 1.5377747 | AC11: 1.0073925 | AD11: 1.0180166
A12: CX18 SPORT 890 | B12: 2.7681343 | C12: 3.4012492 | D12: 2.0223765 | E12: 4.2528544 | F12: 2.9144437 | G12: 4.3500485 | H12: 3.9979525 | I12: 3.4564145 | J12: 3.272585 | K12: 3.1036357 | L12: 2.504442 | M12: 2.5760988 | N12: 2.3054356 | O12: 2.0114343 | P12: 2.1184335 | Q12: 2.3726685 | R12: 2.2974351 | S12: 2.3727766 | T12: 1.4113654 | U12: 1.4744743 | V12: 1.6384946 | W12: 0.94437335 | X12: 1.3573044 | Y12: 1.8260829 | Z12: 3.1518548 | AA12: 2.2463639 | AB12: 1.4420158 | AC12: 2.2800782 | AD12: 2.5312714
A13: CX20 MONTECARLO | B13: 13.475908 | C13: 20.000887 | D13: 12.182626 | E13: 9.7230972 | F13: 10.466536 | G13: 16.467578 | H13: 15.042687 | I13: 13.982806 | J13: 10.974572 | K13: 10.795774 | L13: 10.470318 | M13: 10.895565 | N13: 9.708263 | O13: 6.3425518 | P13: 5.5480068 | Q13: 4.2419859 | R13: 3.3897164 | S13: 3.4146958 | T13: 4.400589 | U13: 4.6823231 | V13: 5.2935995 | W13: 5.2704635 | X13: 4.2724268 | Y13: 3.0966874 | Z13: 12.026954 | AA13: 5.44087 | AB13: 4.5026815 | AC13: 7.3235017 | AD13: 8.922486
A14: CX22 UNIVERSAL | B14: 2.7099598 | C14: 3.3297694 | D14: 3.4117895 | E14: 5.3921885 | F14: 3.4211696 | G14: 1.1114116 | H14: 0.42887484 | I14: 0.33469874 | J14: 0.32094256 | K14: 0.35108766 | L14: 0.63727376 | M14: 0.85104049 | N14: 0.96098869 | O14: 0.56529426 | P14: 0.32014986 | Q14: 0.39167362 | R14: 0.59574194 | S14: 0.71384159 | T14: 0.30428528 | U14: 0.64171052 | V14: 1.2945661 | W14: 1.448453 | X14: 1.4393444 | Y14: 0.43954084 | Z14: 0.48731967 | AA14: 0.59128166 | AB14: 0.92798334 | AC14: 0.66886156 | AD14: 1.3089915
A15: CX24 RADIO 1010 AM | B15: 1.5913784 | C15: 0 | D15: 0 | E15: 0 | F15: 0 | G15: 0 | H15: 0.34014409 | I15: 0.37831299 | J15: 0.51159677 | K15: 0.5138991 | L15: 0.39594075 | M15: 0.52650972 | N15: 0.86269243 | O15: 0.61851945 | P15: 0.54576893 | Q15: 0.59535346 | R15: 0.82226436 | S15: 0.44973842 | T15: 0.51169061 | U15: 0.49051585 | V15: 0.27459458 | W15: 0 | X15: 0 | Y15: 0.24140698 | Z15: 0.44440057 | AA15: 0.64905618 | AB15: 0.25303467 | AC15: 0.44883047 | AD15: 0.40293029
A16: CX26 RADIO URUGUAY | B16: 1.1565739 | C16: 2.098946 | D16: 3.4871985 | E16: 2.8466691 | F16: 2.8935866 | G16: 1.0056496 | H16: 0.60162518 | I16: 0.51742428 | J16: 0.6876242 | K16: 0.67794756 | L16: 0.84594191 | M16: 0.86541436 | N16: 0.70604369 | O16: 0.41060815 | P16: 0.68131363 | Q16: 0.73120064 | R16: 0.51794273 | S16: 0.35320855 | T16: 0.29242469 | U16: 0.15735884 | V16: 0.84863332 | W16: 1.0166898 | X16: 0.42988074 | Y16: 0.50580712 | Z16: 0.69932958 | AA16: 0.56671957 | AB16: 0.54179908 | AC16: 0.60261608 | AD16: 1.013988
... A31: SUB TOTAL AM | B31: 51.198605 | C31: 51.653088 | D31: 42.150169 | E31: 42.836757 | F31: 48.046036 | G31: 50.256987 | H31: 47.435729 | I31: 40.251228 | J31: 34.204505 | K31: 31.094278 | L31: 29.33053 | M31: 28.956281 | N31: 24.222843 | O31: 19.156564 | P31: 17.646934 | Q31: 16.429384 | R31: 16.528522 | S31: 14.259008 | T31: 12.848361 | U31: 15.628952 | V31: 19.958614 | W31: 22.335643 | X31: 24.949433 | Y31: 30.799552 | Z31: 35.212092 | AA31: 18.040542 | AB31: 21.086759 | AC31: 24.779798 | AD31: 30.507417
A33: CUADRO 35: RESUMEN DE SHARE POR HORA | FM | LUNES A VIERNES
A35: RADIOS | B35: HORAS | Z35: PROMEDIO
B36: 00:00 - 00:59 | C36: 01:00 - 01:59 | D36: 02:00 - 02:59 | E36: 03:00 - 03:59 | F36: 04:00 - 04:59 | G36: 05:00 - 05:59 | H36: 06:00 - 06:59 | I36: 07:00 - 07:59 | J36: 08:00 - 08:59 | K36: 09:00 - 09:59 | L36: 10:00 - 10:59 | M36: 11:00 - 11:59 | N36: 12:00 - 12:59 | O36: 13:00 - 13:59 | P36: 14:00 - 14:59 | Q36: 15:00 - 15:59 | R36: 16:00 - 16:59 | S36: 17:00 - 17:59 | T36: 18:00 - 18:59 | U36: 19:00 - 19:59 | V36: 20:00 - 20:59 | W36: 21:00 - 21:59 | X36: 22:00 - 22:59 | Y36: 23:00 - 23:59 | Z36: 06:00 - 11:59 | AA36: 12:00 - 17:59 | AB36: 18:00 - 23:59 | AC36: 06:00 - 23:59 | AD36: 00:00 - 24:00
A37: 88.3 LACOSTA | B37: 3.3256608 | C37: 4.0862907 | D37: 5.1683584 | E37: 5.5419803 | F37: 2.7322813 | G37: 2.5053524 | H37: 0.61545846 | I37: 1.0855668 | J37: 0.71105814 | K37: 0.62126561 | L37: 0.53025735 | M37: 0.23021647 | N37: 0.84626997 | O37: 1.3329054 | P37: 0.84118628 | Q37: 1.059284 | R37: 1.1267848 | S37: 1.8866263 | T37: 0.94945602 | U37: 2.0908882 | V37: 2.6905296 | W37: 2.4279487 | X37: 4.1099352 | Y37: 1.5543489 | Z37: 0.6323038 | AA37: 1.1821761 | AB37: 2.3038511 | AC37: 1.372777 | AD37: 2.0029129
A38: 90.3 OLDIES | B38: 2.4216576 | C38: 2.975528 | D38: 6.0815111 | E38: 5.5725601 | F38: 1.1421099 | G38: 0.79119191 | H38: 1.3397316 | I38: 1.9094296 | J38: 2.2769193 | K38: 2.1997985 | L38: 2.9287036 | M38: 2.7330019 | N38: 3.3587854 | O38: 3.6799787 | P38: 3.2911523 | Q38: 3.1398679 | R38: 2.832212 | S38: 2.9836061 | T38: 3.2083598 | U38: 1.9712202 | V38: 1.9774701 | W38: 2.2261345 | X38: 3.5521357 | Y38: 5.2266869 | Z38: 2.2312641 | AA38: 3.2142671 | AB38: 3.0270012 | AC38: 2.8241775 | AD38: 2.9091564
A39: 91.1 RADIOFUTURA | B39: 0.85159908 | C39: 1.0463729 | D39: 1.3234571 | E39: 1.4191301 | F39: 1.5133716 | G39: 0.68465251 | H39: 1.5079366 | I39: 0.99190802 | J39: 1.3571534 | K39: 2.1673688 | L39: 2.3242994 | M39: 2.8483156 | N39: 2.5503558 | O39: 2.9548183 | P39: 2.5533585 | Q39: 2.361208 | R39: 2.5294399 | S39: 2.6847086 | T39: 4.0758095 | U39: 5.1881365 | V39: 5.6068141 | W39: 4.2974246 | X39: 4.1903233 | Y39: 3.9891188 | Z39: 1.8661636 | AA39: 2.6056482 | AB39: 4.5579378 | AC39: 3.0099165 | AD39: 2.5423784
A40: 91.9 DISNEY | B40: 1.64211 | C40: 2.8038647 | D40: 1.8387548 | E40: 1.0361983 | F40: 1.9605865 | G40: 4.2756921 | H40: 5.59513 | I40: 5.8941571 | J40: 5.2112269 | K40: 6.2082845 | L40: 6.6176246 | M40: 7.5635715 | N40: 7.8418276 | O40: 9.0749122 | P40: 8.4455614 | Q40: 8.9754231 | R40: 8.6181712 | S40: 8.7152634 | T40: 8.0742871 | U40: 8.4315413 | V40: 7.0739902 | W40: 5.3210874 | X40: 4.6041054 | Y40: 4.4708009 | Z40: 6.1816658 | AA40: 8.6118598 | AB40: 6.3293021 | AC40: 7.0409426 | AD40: 5.8455905
A41: 92.5 CONCIERTO URBANA | B41: 0.31083533 | C41: 0.38192816 | D41: 0 | E41: 0 | F41: 0 | G41: 0 | H41: 0 | I41: 0.48321371 | J41: 0.86413796 | K41: 0.96272163 | L41: 0.68465957 | M41: 0.62643741 | N41: 0.62000584 | O41: 0.66248723 | P41: 0.92710832 | Q41: 0.70491768 | R41: 0.72468024 | S41: 0.76061547 | T41: 1.2010414 | U41: 1.0204945 | V41: 1.0289955 | W41: 0.23023366 | X41: 0 | Y41: 0.23815485 | Z41: 0.60352838 | AA41: 0.73330246 | AB41: 0.61981999 | AC41: 0.65221695 | AD41: 0.51802786
A42: 93.1 INOLVIDABLE | B42: 2.5774669 | C42: 1.3092556 | D42: 2.5878451 | E42: 2.7385224 | F42: 2.3004142 | G42: 1.188103 | H42: 2.2515412 | I42: 2.3590337 | J42: 3.5817689 | K42: 3.3068775 | L42: 4.2825578 | M42: 4.5201864 | N42: 5.4766729 | O42: 5.8057756 | P42: 6.4369912 | Q42: 4.9615112 | R42: 5.5940593 | S42: 4.4255657 | T42: 5.2981098 | U42: 7.1330402 | V42: 8.159085 | W42: 8.7180373 | X42: 4.5789465 | Y42: 1.9610625 | Z42: 3.3836609 | AA42: 5.450096 | AB42: 5.9747135 | AC42: 4.9361568 | AD42: 4.2313512
A43: 93.9 OCEANO | B43: 0.47673134 | C43: 0.58576715 | D43: 0 | E43: 0 | F43: 0 | G43: 0.82142474 | H43: 1.196791 | I43: 2.6528346 | J43: 3.1880018 | K43: 2.6523525 | L43: 2.6330748 | M43: 2.802617 | N43: 4.5048155 | O43: 4.8461566 | P43: 4.6282988 | Q43: 3.7359362 | R43: 3.521252 | S43: 3.280464 | T43: 1.7832953 | U43: 2.0242308 | V43: 1.1161575 | W43: 1.4540061 | X43: 0.69014306 | Y43: 0.65874633 | Z43: 2.5209453 | AA43: 4.0861538 | AB43: 1.2877632 | AC43: 2.6316208 | AD43: 2.0522124
A44: 94.7 E. DEL SUR | B44: 0 | C44: 0 | D44: 0.93189295 | E44: 0 | F44: 0 | G44: 0.71315184 | H44: 0.55897917 | I44: 0.55532753 | J44: 0.26257451 | K44: 0.54909676 | L44: 0.42404371 | M44: 0.4783496 | N44: 0.12078354 | O44: 0.20975926 | P44: 0.30312484 | Q44: 0.32367386 | R44: 0.44545179 | S44: 0.80585276 | T44: 0.45844143 | U44: 0.3248639 | V44: 0.37363736 | W44: 0.63598407 | X44: 0.41576383 | Y44: 1.2921209 | Z44: 0.47139521 | AA44: 0.36810767 | AB44: 0.58346857 | AC44: 0.47432382 | AD44: 0.4242864
A45: 95.5 DEL PLATA | B45: 5.7422495 | C45: 5.5234931 | D45: 5.7939043 | E45: 6.2127471 | F45: 0.82460718 | G45: 0 | H45: 0.31661698 | I45: 0.56020832 | J45: 1.5567277 | K45: 2.1334772 | L45: 1.8522826 | M45: 2.2665731 | N45: 2.4008597 | O45: 2.6481559 | P45: 2.7628802 | Q45: 3.1214093 | R45: 3.5163876 | S45: 4.0419949 | T45: 3.5032889 | U45: 2.9232008 | V45: 3.1766574 | W45: 2.9403292 | X45: 3.329291 | Y45: 4.2632412 | Z45: 1.4476477 | AA45: 3.0819479 | AB45: 3.3560014 | AC45: 2.6285323 | AD45: 2.975441
A46: 96.3 ALFA | B46: 0 | C46: 0 | D46: 0 | E46: 0 | F46: 0 | G46: 0 | H46: 0 | I46: 0 | J46: 0.3187967 | K46: 0.34288028 | L46: 0.57097995 | M46: 0.37894055 | N46: 0.58683307 | O46: 0.8676642 | P46: 0.7206159 | Q46: 0.58633203 | R46: 0.47255473 | S46: 0.52888648 | T46: 0.31487189 | U46: 0.84910881 | V46: 1.1511111 | W46: 1.4897689 | X46: 1.3632676 | Y46: 0.89843683 | Z46: 0.26859958 | AA46: 0.62714773 | AB46: 1.0110942 | AC46: 0.63561383 | AD46: 0.47671038
A47: 97.1 BABEL | B47: 0 | C47: 0 | D47: 1.2124919 | E47: 0.96286101 | F47: 2.91975 | G47: 1.2275813 | H47: 1.2853666 | I47: 0.79076881 | J47: 0.65242702 | K47: 0.98990976 | L47: 0.61525046 | M47: 0.84864679 | N47: 0.76028676 | O47: 0.81654476 | P47: 0.65650977 | Q47: 0.6313663 | R47: 0.89438546 | S47: 1.276046 | T47: 1.595802 | U47: 2.6421808 | V47: 2.183132 | W47: 2.1434727 | X47: 1.9856421 | Y47: 1.2581759 | Z47: 0.86372823 | AA47: 0.83918984 | AB47: 1.9680676 | AC47: 1.2236619 | AD47: 1.1811916
A48: 97.9 M24 | B48: 0.66450362 | C48: 0 | D48: 0 | E48: 0 | F48: 0.53656906 | G48: 4.154789 | H48: 1.5509402 | I48: 0.95898904 | J48: 0.93787942 | K48: 0.83291862 | L48: 0.80271875 | M48: 0.68944332 | N48: 0.57244916 | O48: 0.42131475 | P48: 0.34943556 | Q48: 0.67087117 | R48: 0.67858183 | S48: 0.45139284 | T48: 0.44148722 | U48: 0.60075114 | V48: 0.41972394 | W48: 1.2596589 | X48: 1.094864 | Y48: 1.563005 | Z48: 0.96214822 | AA48: 0.52400755 | AB48: 0.89658169 | AC48: 0.79424582 | AD48: 0.81884527
... A63: SUB TOTAL FM | B63: 48.801395 | C63: 48.346912 | D63: 57.849831 | E63: 57.163243 | F63: 51.953964 | G63: 49.743013 | H63: 52.564271 | I63: 59.748772 | J63: 65.795495 | K63: 68.905722 | L63: 70.66947 | M63: 71.043719 | N63: 75.777157 | O63: 80.843436 | P63: 82.353066 | Q63: 83.570616 | R63: 83.471478 | S63: 85.740992 | T63: 87.151639 | U63: 84.371048 | V63: 80.041386 | W63: 77.664357 | X63: 75.050567 | Y63: 69.200448 | Z63: 64.787908 | AA63: 81.959458 | AB63: 78.913241 | AC63: 75.220202 | AD63: 69.492583

Sheet SharexHoraxSD
A1: CUADRO 36: RESUMEN DE SHARE POR HORA | AM | SABADO A DOMINGO
A3: RADIOS | B3: HORAS | Z3: PROMEDIO
B4: 00:00 - 00:59 | C4: 01:00 - 01:59 | D4: 02:00 - 02:59 | E4: 03:00 - 03:59 | F4: 04:00 - 04:59 | G4: 05:00 - 05:59 | H4: 06:00 - 06:59 | I4: 07:00 - 07:59 | J4: 08:00 - 08:59 | K4: 09:00 - 09:59 | L4: 10:00 - 10:59 | M4: 11:00 - 11:59 | N4: 12:00 - 12:59 | O4: 13:00 - 13:59 | P4: 14:00 - 14:59 | Q4: 15:00 - 15:59 | R4: 16:00 - 16:59 | S4: 17:00 - 17:59 | T4: 18:00 - 18:59 | U4: 19:00 - 19:59 | V4: 20:00 - 20:59 | W4: 21:00 - 21:59 | X4: 22:00 - 22:59 | Y4: 23:00 - 23:59 | Z4: 06:00 - 11:59 | AA4: 12:00 - 17:59 | AB4: 18:00 - 23:59 | AC4: 06:00 - 23:59 | AD4: 00:00 - 24:00
A5: CX4 RURAL | B5: 4.2422589 | C5: 5.2460845 | D5: 2.3607817 | E5: 0 | F5: 0 | G5: 0 | H5: 1.3752301 | I5: 1.2264065 | J5: 0.77710567 | K5: 0.39034167 | L5: 0.51397208 | M5: 0.52479422 | N5: 0.20574145 | O5: 0.37504297 | P5: 0.82029436 | Q5: 0.41392376 | R5: 0.70085556 | S5: 0.56386794 | T5: 0.14411697 | U5: 0.57510597 | V5: 0.76543527 | W5: 0.72456543 | X5: 0.44547379 | Y5: 2.2350576 | Z5: 0.80130838 | AA5: 0.51328767 | AB5: 0.81495917 | AC5: 0.70985174 | AD5: 1.0261023
A6: CX6 CLÁSICA | B6: 0 | C6: 0 | D6: 0 | E6: 0 | F6: 0 | G6: 0 | H6: 0 | I6: 0 | J6: 0.28711194 | K6: 0.35519476 | L6: 0.30188137 | M6: 0.19333367 | N6: 0.2260245 | O6: 0.56738967 | P6: 0.58390545 | Q6: 0.28187376 | R6: 0.43467242 | S6: 0.30011574 | T6: 0.35119403 | U6: 0.71588931 | V6: 0.57442881 | W6: 0 | X6: 0 | Y6: 0.74283531 | Z6: 0.18958696 | AA6: 0.39899692 | AB6: 0.39739124 | AC6: 0.32865837 | AD6: 0.24649378
A7: CX8 SARANDI | B7: 2.8727958 | C7: 3.3827797 | D7: 2.2094025 | E7: 2.5105742 | F7: 7.7612652 | G7: 8.0059143 | H7: 10.673724 | I7: 7.964845 | J7: 7.1629852 | K7: 6.3282888 | L7: 5.189937 | M7: 4.7704477 | N7: 2.7018371 | O7: 2.1705838 | P7: 1.2995795 | Q7: 1.2386412 | R7: 1.8339468 | S7: 1.7746411 | T7: 1.2595496 | U7: 1.0576235 | V7: 1.3867289 | W7: 3.2911179 | X7: 3.6894337 | Y7: 3.0974553 | Z7: 7.015038 | AA7: 1.8365382 | AB7: 2.2969848 | AC7: 3.716187 | AD7: 3.9014207
A8: CX10 CONTINENTE | B8: 0 | C8: 0 | D8: 0 | E8: 0 | F8: 2.4337688 | G8: 1.3053259 | H8: 0.36693182 | I8: 0.17886309 | J8: 0.34087596 | K8: 0.33665548 | L8: 0.10782322 | M8: 0.097562206 | N8: 0 | O8: 0 | P8: 0.4447125 | Q8: 0.19237362 | R8: 0.44569449 | S8: 0.20482344 | T8: 0.41690689 | U8: 0.65608961 | V8: 1.8135913 | W8: 1.9511754 | X8: 2.6764256 | Y8: 2.991347 | Z8: 0.23811863 | AA8: 0.21460067 | AB8: 1.7509226 | AC8: 0.73454731 | AD8: 0.70670609
A9: CX12 ORIENTAL | B9: 1.6917227 | C9: 0 | D9: 0 | E9: 0 | F9: 0 | G9: 0.83413356 | H9: 0 | I9: 1.2294101 | J9: 1.3590479 | K9: 1.0828431 | L9: 1.4416755 | M9: 0.94625378 | N9: 0.67264503 | O9: 1.3511273 | P9: 1.7107072 | Q9: 1.3587178 | R9: 1.5024084 | S9: 1.2618606 | T9: 1.3934838 | U9: 1.7589523 | V9: 0.76148335 | W9: 1.0283851 | X9: 0.26593033 | Y9: 2.5862357 | Z9: 1.0098717 | AA9: 1.3095777 | AB9: 1.2990784 | AC9: 1.206176 | AD9: 1.009876
A10: CX14 EL ESPECTADOR | B10: 7.5207499 | C10: 3.292112 | D10: 1.9370947 | E10: 0 | F10: 0 | G10: 2.118204 | H10: 1.5628112 | I10: 1.6357437 | J10: 1.349947 | K10: 1.2442939 | L10: 1.3496285 | M10: 1.3456658 | N10: 0.62796698 | O10: 1.1752959 | P10: 0.45280312 | Q10: 0.89845238 | R10: 0.68319627 | S10: 0.51415324 | T10: 0.73307715 | U10: 1.5777464 | V10: 1.7261497 | W10: 2.3276722 | X10: 4.5749276 | Y10: 6.5787696 | Z10: 1.4146817 | AA10: 0.72531132 | AB10: 2.9197238 | AC10: 1.6865723 | AD10: 1.8844359
A11: CX16 CARVE | B11: 1.4008658 | C11: 3.188928 | D11: 5.5318169 | E11: 6.2858791 | F11: 3.8807106 | G11: 1.0677503 | H11: 0.65051705 | I11: 0.96472582 | J11: 1.5159029 | K11: 1.288312 | L11: 0.93065596 | M11: 0.67525579 | N11: 0.15238506 | O11: 0 | P11: 0.75635319 | Q11: 0.83022209 | R11: 1.1139109 | S11: 0.69298638 | T11: 1.0361732 | U11: 1.2733883 | V11: 1.6948118 | W11: 1.8129781 | X11: 0.76724214 | Y11: 1.0265145 | Z11: 1.0042283 | AA11: 0.59097626 | AB11: 1.268518 | AC11: 0.95457418 | AD11: 1.6057619
A12: CX18 SPORT 890 | B12: 0 | C12: 0 | D12: 0 | E12: 3.7324385 | F12: 1.5436207 | G12: 5.3050872 | H12: 2.7043369 | I12: 2.5307394 | J12: 2.0438317 | K12: 1.8947954 | L12: 1.2654792 | M12: 2.0957357 | N12: 2.4574204 | O12: 1.571771 | P12: 1.9765325 | Q12: 2.3105399 | R12: 2.4598062 | S12: 3.3705023 | T12: 3.4046476 | U12: 4.2886054 | V12: 3.0098381 | W12: 2.5757167 | X12: 0.47920737 | Y12: 0 | Z12: 2.089153 | AA12: 2.357762 | AB12: 2.2930025 | AC12: 2.2466392 | AD12: 2.1258605
A13: CX20 MONTECARLO | B13: 9.0377693 | C13: 13.753845 | D13: 6.2339132 | E13: 12.16398 | F13: 3.6344122 | G13: 12.632721 | H13: 18.425248 | I13: 14.958222 | J13: 12.11699 | K13: 12.241364 | L13: 10.274601 | M13: 11.065543 | N13: 9.7485105 | O13: 7.376067 | P13: 7.4010942 | Q13: 7.7882248 | R13: 7.2823921 | S13: 7.581969 | T13: 5.5314405 | U13: 4.2269675 | V13: 2.866328 | W13: 3.778493 | X13: 2.4737319 | Y13: 2.026255 | Z13: 13.180328 | AA13: 7.8630429 | AB13: 3.4838693 | AC13: 8.1757468 | AD13: 8.5258367
A14: CX22 UNIVERSAL | B14: 0 | C14: 0 | D14: 0 | E14: 0 | F14: 0 | G14: 0 | H14: 0 | I14: 0.58772217 | J14: 0.43317674 | K14: 0.56561728 | L14: 0.43708183 | M14: 0.71942897 | N14: 1.0622913 | O14: 0.86810897 | P14: 0.46126056 | Q14: 0.82217076 | R14: 1.4830392 | S14: 1.2826276 | T14: 1.6566622 | U14: 1.050266 | V14: 0.66069863 | W14: 1.5228352 | X14: 1.5848207 | Y14: 1.4372341 | Z14: 0.45717117 | AA14: 0.99658307 | AB14: 1.3187528 | AC14: 0.92416901 | AD14: 0.69312676
A15: CX24 RADIO 1010 AM | B15: 0 | C15: 0 | D15: 0 | E15: 0 | F15: 0 | G15: 0 | H15: 0.40677902 | I15: 0 | J15: 0.26965234 | K15: 0.22504655 | L15: 0.21912287 | M15: 0.44148012 | N15: 0.26156839 | O15: 0 | P15: 0.2946113 | Q15: 0.15696522 | R15: 0.30078825 | S15: 0.33110511 | T15: 0 | U15: 0.27246022 | V15: 0.36262997 | W15: 0.38791341 | X15: 0.53210049 | Y15: 0 | Z15: 0.26034682 | AA15: 0.22417304 | AB15: 0.25918402 | AC15: 0.24790129 | AD15: 0.18592597
A16: CX26 RADIO URUGUAY | B16: 2.6779352 | C16: 3.3116023 | D16: 3.7900727 | E16: 6.4139387 | F16: 3.8036694 | G16: 1.3769381 | H16: 0.9492353 | I16: 1.1072514 | J16: 1.2702265 | K16: 1.1274889 | L16: 0.80687781 | M16: 0.82174248 | N16: 0.48608249 | O16: 0.73069884 | P16: 1.3837284 | Q16: 1.2498568 | R16: 0.62021147 | S16: 0.43838417 | T16: 0.42775507 | U16: 0.87706515 | V16: 0.69965552 | W16: 0.36094463 | X16: 0.49510743 | Y16: 0.66241791 | Z16: 1.0138037 | AA16: 0.81816036 | AB16: 0.58715762 | AC16: 0.80637391 | AD16: 1.4953703
... A31: SUB TOTAL AM | B31: 41.676392 | C31: 42.46211 | D31: 32.278152 | E31: 43.824329 | F31: 43.805253 | G31: 43.63108 | H31: 46.915761 | I31: 38.682389 | J31: 34.502104 | K31: 32.032068 | L31: 27.857672 | M31: 29.01443 | N31: 21.552896 | O31: 18.683461 | P31: 20.340116 | Q31: 19.342365 | R31: 21.329262 | S31: 21.437489 | T31: 20.969925 | U31: 22.142738 | V31: 22.412807 | W31: 26.717828 | X31: 23.774802 | Y31: 29.374359 | Z31: 34.834071 | AA31: 20.447598 | AB31: 24.232076 | AC31: 26.504582 | AD31: 30.198325
A33: CUADRO 37: RESUMEN DE SHARE POR HORA | FM | SABADO A DOMINGO
A35: RADIOS | B35: HORAS | Z35: PROMEDIO
B36: 00:00 - 00:59 | C36: 01:00 - 01:59 | D36: 02:00 - 02:59 | E36: 03:00 - 03:59 | F36: 04:00 - 04:59 | G36: 05:00 - 05:59 | H36: 06:00 - 06:59 | I36: 07:00 - 07:59 | J36: 08:00 - 08:59 | K36: 09:00 - 09:59 | L36: 10:00 - 10:59 | M36: 11:00 - 11:59 | N36: 12:00 - 12:59 | O36: 13:00 - 13:59 | P36: 14:00 - 14:59 | Q36: 15:00 - 15:59 | R36: 16:00 - 16:59 | S36: 17:00 - 17:59 | T36: 18:00 - 18:59 | U36: 19:00 - 19:59 | V36: 20:00 - 20:59 | W36: 21:00 - 21:59 | X36: 22:00 - 22:59 | Y36: 23:00 - 23:59 | Z36: 06:00 - 11:59 | AA36: 12:00 - 17:59 | AB36: 18:00 - 23:59 | AC36: 06:00 - 23:59 | AD36: 00:00 - 24:00
A37: 88.3 LACOSTA | B37: 3.6558672 | C37: 3.1892982 | D37: 3.6500976 | E37: 4.1476558 | F37: 3.6651399 | G37: 1.9657587 | H37: 1.6426879 | I37: 1.4738132 | J37: 1.8574092 | K37: 1.1046861 | L37: 0.58761194 | M37: 0.23766479 | N37: 0.22861985 | O37: 0.26867301 | P37: 0.84813011 | Q37: 1.3257057 | R37: 1.2682306 | S37: 1.4739905 | T37: 0.76537055 | U37: 1.1864731 | V37: 0.92803305 | W37: 1.3428125 | X37: 0 | Y37: 0 | Z37: 1.1506455 | AA37: 0.90222496 | AB37: 0.70378154 | AC37: 0.91888401 | AD37: 1.5339054
A38: 90.3 OLDIES | B38: 4.4286988 | C38: 5.4766407 | D38: 4.5370963 | E38: 6.1590446 | F38: 0 | G38: 0 | H38: 0.52229675 | I38: 0.45405669 | J38: 1.6823386 | K38: 1.808821 | L38: 2.4582671 | M38: 2.8582501 | N38: 4.0003114 | O38: 4.0128955 | P38: 3.8938493 | Q38: 3.0434775 | R38: 2.4844251 | S38: 2.5611901 | T38: 2.7893439 | U38: 1.6028578 | V38: 1.2724377 | W38: 2.0555365 | X38: 4.4671078 | Y38: 6.4755483 | Z38: 1.6306717 | AA38: 3.3326915 | AB38: 3.110472 | AC38: 2.6912784 | AD38: 2.8768538
A39: 91.1 RADIOFUTURA | B39: 1.8545423 | C39: 2.2933738 | D39: 0 | E39: 1.9275489 | F39: 1.7033083 | G39: 2.6576252 | H39: 0 | I39: 0.39865782 | J39: 1.3064759 | K39: 1.8616782 | L39: 2.3660367 | M39: 2.35704 | N39: 1.8650468 | O39: 2.2115946 | P39: 2.626999 | Q39: 3.0063567 | R39: 3.1751551 | S39: 2.8925938 | T39: 3.4944197 | U39: 3.6344521 | V39: 4.1443546 | W39: 3.6806826 | X39: 3.9334165 | Y39: 1.6729954 | Z39: 1.3816481 | AA39: 2.6296243 | AB39: 3.4267202 | AC39: 2.4793309 | AD39: 2.2943481
A40: 91.9 DISNEY | B40: 3.4773502 | C40: 0 | D40: 0 | E40: 0 | F40: 3.9304458 | G40: 6.4809517 | H40: 3.7550775 | I40: 4.3465178 | J40: 5.8983301 | K40: 7.0421954 | L40: 7.4899492 | M40: 7.3995553 | N40: 7.9048949 | O40: 9.0507695 | P40: 6.5264328 | Q40: 6.8528895 | R40: 5.2874844 | S40: 5.4502905 | T40: 4.5154929 | U40: 6.1040947 | V40: 6.0727555 | W40: 4.5072315 | X40: 4.4059758 | Y40: 3.2168258 | Z40: 5.9886042 | AA40: 6.8454603 | AB40: 4.8037294 | AC40: 5.8792646 | AD40: 4.9881463
A41: 92.5 CONCIERTO URBANA | B41: 0 | C41: 0 | D41: 1.8204687 | E41: 0 | F41: 0 | G41: 0 | H41: 1.0091644 | I41: 1.3479907 | J41: 1.4409712 | K41: 0.85177924 | L41: 0.33593772 | M41: 0.48724051 | N41: 0.52180325 | O41: 0.77790099 | P41: 0.46410115 | Q41: 0.80444579 | R41: 1.3723524 | S41: 1.3248868 | T41: 1.030287 | U41: 0.98261239 | V41: 2.3224264 | W41: 1.9213572 | X41: 0 | Y41: 0 | Z41: 0.91218062 | AA41: 0.87758173 | AB41: 1.0427805 | AC41: 0.94418095 | AD41: 0.78398858
A42: 93.1 INOLVIDABLE | B42: 3.0059939 | C42: 0 | D42: 0 | E42: 0 | F42: 1.3514613 | G42: 0.72484187 | H42: 3.8026728 | I42: 2.9752419 | J42: 3.4385941 | K42: 3.6357088 | L42: 4.2255168 | M42: 4.1266892 | N42: 4.8716658 | O42: 6.4601367 | P42: 5.5824983 | Q42: 5.4073161 | R42: 5.9252092 | S42: 5.4703905 | T42: 6.9207558 | U42: 10.734245 | V42: 11.549266 | W42: 8.7109408 | X42: 6.6411645 | Y42: 3.3186933 | Z42: 3.7007373 | AA42: 5.6195361 | AB42: 7.9791774 | AC42: 5.7664836 | AD42: 4.5366251
A43: 93.9 OCEANO | B43: 0 | C43: 0 | D43: 1.7801249 | E43: 0 | F43: 0 | G43: 0 | H43: 0.82486628 | I43: 2.2113456 | J43: 1.088921 | K43: 1.6546628 | L43: 2.7241198 | M43: 2.6219812 | N43: 3.1582843 | O43: 3.130078 | P43: 2.7515279 | Q43: 3.2717808 | R43: 2.9139287 | S43: 2.6717216 | T43: 2.1784421 | U43: 0.99878712 | V43: 1.3673078 | W43: 1.6046443 | X43: 0.88101892 | Y43: 1.1787396 | Z43: 1.8543161 | AA43: 2.9828869 | AB43: 1.3681566 | AC43: 2.0684532 | AD43: 1.6255118
A44: 94.7 E. DEL SUR | B44: 1.5100594 | C44: 1.8673777 | D44: 3.9576507 | E44: 0 | F44: 0 | G44: 1.3549013 | H44: 0.55125925 | I44: 0.26871459 | J44: 0.30894603 | K44: 0.82308456 | L44: 0.82521559 | M44: 0.54242369 | N44: 0.53026805 | O44: 0.59633555 | P44: 0.39180129 | Q44: 0.91713595 | R44: 0.82017105 | S44: 0.71705041 | T44: 0.78260565 | U44: 1.0469885 | V44: 0.89836698 | W44: 1.2098753 | X44: 1.1793877 | Y44: 1.5779353 | Z44: 0.55327395 | AA44: 0.66212705 | AB44: 1.1158599 | AC44: 0.77708697 | AD44: 0.94489811
A45: 95.5 DEL PLATA | B45: 6.7787746 | C45: 8.3828039 | D45: 10.672963 | E45: 7.8401414 | F45: 0 | G45: 0 | H45: 0.83934975 | I45: 1.0127894 | J45: 1.1226976 | K45: 1.7555502 | L45: 2.2744812 | M45: 2.5219628 | N45: 3.4750825 | O45: 3.640066 | P45: 2.8431093 | Q45: 2.1698541 | R45: 3.0417414 | S45: 3.1066367 | T45: 2.8846954 | U45: 2.2892468 | V45: 2.7463865 | W45: 1.7338205 | X45: 3.3480872 | Y45: 6.7945951 | Z45: 1.5878052 | AA45: 3.0460817 | AB45: 3.2994719 | AC45: 2.6444529 | AD45: 3.3864515
A46: 96.3 ALFA | B46: 0 | C46: 0 | D46: 0 | E46: 0 | F46: 0 | G46: 0 | H46: 0 | I46: 0 | J46: 0.43088881 | K46: 0.15987446 | L46: 0.76177144 | M46: 0.35175845 | N46: 0.99741236 | O46: 1.5871239 | P46: 0.90980417 | Q46: 0.80692786 | R46: 0.78048368 | S46: 0.55089876 | T46: 0.64465914 | U46: 0.92543329 | V46: 1.2317022 | W46: 1.3175794 | X46: 1.8101286 | Y46: 0.67060717 | Z46: 0.28404886 | AA46: 0.93877513 | AB46: 1.1000183 | AC46: 0.77428077 | AD46: 0.58071057
A47: 97.1 BABEL | B47: 0 | C47: 0 | D47: 0 | E47: 0 | F47: 4.217201 | G47: 4.5925682 | H47: 1.8685461 | I47: 0.87808748 | J47: 0.53722318 | K47: 1.1663789 | L47: 1.8459851 | M47: 1.4561639 | N47: 1.0014369 | O47: 0.93957705 | P47: 1.0339653 | Q47: 1.7267326 | R47: 1.8338798 | S47: 2.1228557 | T47: 2.8209133 | U47: 4.3377101 | V47: 4.3968428 | W47: 4.0817107 | X47: 3.8187457 | Y47: 1.6680158 | Z47: 1.2920641 | AA47: 1.4430746 | AB47: 3.5206564 | AC47: 2.085265 | AD47: 1.9310225
A48: 97.9 M24 | B48: 0 | C48: 0 | D48: 0 | E48: 0 | F48: 1.5005367 | G48: 1.6999371 | H48: 1.9939764 | I48: 1.787583 | J48: 1.8081016 | K48: 1.6161132 | L48: 1.1905133 | M48: 1.2530936 | N48: 0.88820637 | O48: 1.0728246 | P48: 0.9167283 | Q48: 0.98783275 | R48: 0.85522364 | S48: 0.5509616 | T48: 0.95818695 | U48: 1.1775484 | V48: 0.51269997 | W48: 0.33929946 | X48: 0 | Y48: 0 | Z48: 1.6082302 | AA48: 0.87862954 | AB48: 0.49795579 | AC48: 0.9949385 | AD48: 0.87955695
... A63: SUB TOTAL FM | B63: 58.323608 | C63: 57.53789 | D63: 67.721848 | E63: 56.175671 | F63: 56.194747 | G63: 56.36892 | H63: 53.084239 | I63: 61.317611 | J63: 65.497896 | K63: 67.967932 | L63: 72.142328 | M63: 70.98557 | N63: 78.447104 | O63: 81.316539 | P63: 79.659884 | Q63: 80.657635 | R63: 78.670738 | S63: 78.562511 | T63: 79.030075 | U63: 77.857262 | V63: 77.587193 | W63: 73.282172 | X63: 76.225198 | Y63: 70.625641 | Z63: 65.165929 | AA63: 79.552402 | AB63: 75.767924 | AC63: 73.495418 | AD63: 69.801675

Sheet AudienciaxLD
A1: CUADRO 38: RESUMEN DE AUDIENCIA POR HORA | AM | LUNES A DOMINGO
A3: RADIOS | B3: HORAS | Z3: PROMEDIO
B4: 00:00 - 00:59 | C4: 01:00 - 01:59 | D4: 02:00 - 02:59 | E4: 03:00 - 03:59 | F4: 04:00 - 04:59 | G4: 05:00 - 05:59 | H4: 06:00 - 06:59 | I4: 07:00 - 07:59 | J4: 08:00 - 08:59 | K4: 09:00 - 09:59 | L4: 10:00 - 10:59 | M4: 11:00 - 11:59 | N4: 12:00 - 12:59 | O4: 13:00 - 13:59 | P4: 14:00 - 14:59 | Q4: 15:00 - 15:59 | R4: 16:00 - 16:59 | S4: 17:00 - 17:59 | T4: 18:00 - 18:59 | U4: 19:00 - 19:59 | V4: 20:00 - 20:59 | W4: 21:00 - 21:59 | X4: 22:00 - 22:59 | Y4: 23:00 - 23:59 | Z4: 06:00 - 11:59 | AA4: 12:00 - 17:59 | AB4: 18:00 - 23:59 | AC4: 06:00 - 23:59 | AD4: 00:00 - 24:00
A5: CX4 RURAL | B5: 1635.6802 | C5: 1136.3537 | D5: 614.12363 | E5: 0 | F5: 0 | G5: 0 | H5: 1674.0839 | I5: 2447.7283 | J5: 1878.4481 | K5: 1285.5437 | L5: 1747.011 | M5: 1859.6494 | N5: 1341.3462 | O5: 1975.6361 | P5: 2983.6472 | Q5: 2448.5325 | R5: 2826.3536 | S5: 1528.6796 | T5: 658.85249 | U5: 860.21244 | V5: 584.1094 | W5: 923.73308 | X5: 1137.6242 | Y5: 1901.7755 | Z5: 1815.4107 | AA5: 2184.0325 | AB5: 1011.0512 | AC5: 1670.1648 | AD5: 1393.7135
A6: CX6 CLÁSICA | B6: 0 | C6: 0 | D6: 0 | E6: 0 | F6: 0 | G6: 0 | H6: 0 | I6: 470.83889 | J6: 1127.9517 | K6: 1043.5369 | L6: 568.74461 | M6: 347.2501 | N6: 182.32055 | O6: 1094.1786 | P6: 1094.1786 | Q6: 437.06578 | R6: 290.67919 | S6: 182.32055 | T6: 182.32055 | U6: 302.41677 | V6: 264.28473 | W6: 0 | X6: 0 | Y6: 120.09622 | Z6: 593.0537 | AA6: 546.79054 | AB6: 144.85305 | AC6: 428.23243 | AD6: 321.17432
A7: CX8 SARANDI | B7: 632.84888 | C7: 406.15379 | D7: 303.10478 | E7: 303.10478 | F7: 1249.1794 | G7: 4254.7909 | H7: 13556.459 | I7: 22145.417 | J7: 25761.125 | K7: 26052.603 | L7: 22925.427 | M7: 20187.347 | N7: 11179.486 | O7: 6542.1418 | P7: 5042.1623 | Q7: 4810.7236 | R7: 6504.6865 | S7: 5380.082 | T7: 3169.7337 | U7: 1909.2012 | V7: 1443.3505 | W7: 2028.6173 | X7: 1637.2018 | Y7: 752.34309 | Z7: 21771.396 | AA7: 6576.5471 | AB7: 1823.4079 | AC7: 10057.117 | AD7: 7840.7204
A8: CX10 CONTINENTE | B8: 0 | C8: 0 | D8: 0 | E8: 0 | F8: 150.26981 | G8: 150.26981 | H8: 220.13734 | I8: 630.55261 | J8: 1656.7222 | K8: 1133.5868 | L8: 1044.6491 | M8: 922.05508 | N8: 991.5433 | O8: 657.46703 | P8: 1753.2018 | Q8: 455.82876 | R8: 1139.1244 | S8: 238.0554 | T8: 330.06004 | U8: 740.71469 | V8: 1723.9325 | W8: 1841.6009 | X8: 2027.5029 | Y8: 1583.8846 | Z8: 934.61719 | AA8: 872.53677 | AB8: 1374.6159 | AC8: 1060.59 | AD8: 807.96496
A9: CX12 ORIENTAL | B9: 148.44143 | C9: 0 | D9: 0 | E9: 0 | F9: 95.20151 | G9: 191.2274 | H9: 1008.1134 | I9: 4747.5197 | J9: 5814.3227 | K9: 6359.5593 | L9: 5997.6017 | M9: 4445.8704 | N9: 2658.2385 | O9: 2962.7674 | P9: 3043.3787 | Q9: 2303.9085 | R9: 2429.7756 | S9: 2332.8233 | T9: 1318.5444 | U9: 2230.267 | V9: 1304.8182 | W9: 1875.0332 | X9: 1346.8132 | Y9: 1877.3072 | Z9: 4728.8312 | AA9: 2621.8153 | AB9: 1658.7972 | AC9: 3003.1479 | AD9: 2270.4805
A10: CX14 EL ESPECTADOR | B10: 2130.2642 | C10: 466.84532 | D10: 353.72118 | E10: 0 | F10: 0 | G10: 1007.4127 | H10: 4137.4691 | I10: 5894.7207 | J10: 7414.3117 | K10: 8519.599 | L10: 7158.4335 | M10: 6628.6424 | N10: 4296.5676 | O10: 5037.3839 | P10: 2061.9904 | Q10: 2646.3773 | R10: 1931.5629 | S10: 1002.7613 | T10: 878.06343 | U10: 1912.1032 | V10: 1150.0542 | W10: 1442.8347 | X10: 2778.3277 | Y10: 3867.4354 | Z10: 6625.5294 | AA10: 2829.4406 | AB10: 2004.8031 | AC10: 3819.9244 | AD10: 3029.8701
A11: CX16 CARVE | B11: 605.87923 | C11: 438.87482 | D11: 342.96223 | E11: 342.96223 | F11: 401.0115 | G11: 683.04511 | H11: 1540.9987 | I11: 1880.4263 | J11: 2590.9546 | K11: 2408.7676 | L11: 2527.6944 | M11: 1744.429 | N11: 2015.8682 | O11: 2108.4945 | P11: 3118.2967 | Q11: 2578.7275 | R11: 3119.9268 | S11: 2036.323 | T11: 2209.2965 | U11: 2278.1427 | V11: 2040.197 | W11: 2205.6179 | X11: 1340.2117 | Y11: 900.28796 | Z11: 2115.5451 | AA11: 2496.2728 | AB11: 1828.9589 | AC11: 2146.9256 | AD11: 1727.4748
A12: CX18 SPORT 890 | B12: 542.98631 | C12: 542.98631 | D12: 255.2637 | E12: 704.24965 | F12: 556.99505 | G12: 2249.7313 | H12: 4724.3509 | I12: 8307.7086 | J12: 10639.495 | K12: 11595.079 | L12: 8898.0172 | M12: 10028.36 | N12: 8250.7506 | O12: 6125.8975 | P12: 6795.2649 | Q12: 7369.5055 | R12: 7210.5346 | S12: 7288.1069 | T12: 4413.7499 | U12: 3832.6689 | V12: 2614.4797 | W12: 1562.4533 | X12: 939.53412 | Y12: 787.74595 | Z12: 9032.1684 | AA12: 7173.3433 | AB12: 2358.4386 | AC12: 6187.9835 | AD12: 4843.1631
A13: CX20 MONTECARLO | B13: 3436.4067 | C13: 4168.9204 | D13: 1924.178 | E13: 1808.1851 | F13: 1882.4391 | G13: 7658.923 | H13: 20110.118 | I13: 36348.419 | J13: 39797.511 | K13: 45630.216 | L13: 41998.997 | M13: 44491.021 | N13: 34260.379 | O13: 21052.194 | P13: 19346.846 | Q13: 15541.215 | R13: 13081.624 | S13: 12147.763 | T13: 11122.519 | U13: 8203.5195 | V13: 6270.1654 | W13: 5575.8969 | X13: 3166.2034 | Y13: 1663.4567 | Z13: 38062.714 | AA13: 19238.337 | AB13: 6000.2935 | AC13: 21100.448 | AD13: 16695.297
A14: CX22 UNIVERSAL | B14: 531.57503 | C14: 531.57503 | D14: 430.63496 | E14: 634.71647 | F14: 541.9583 | G14: 418.75655 | H14: 424.71426 | I14: 1003.3686 | J14: 1225.5236 | K14: 1640.9888 | L14: 2374.9674 | M14: 3338.5094 | N14: 3469.8223 | O14: 2027.4542 | P14: 1140.2384 | Q14: 1501.6241 | R14: 2434.9525 | S14: 2355.7907 | T14: 1430.5684 | U14: 1323.2399 | V14: 1520.6066 | W14: 1676.1223 | X14: 1229.2087 | Y14: 421.9732 | Z14: 1668.012 | AA14: 2154.9804 | AB14: 1266.9532 | AC14: 1696.6485 | AD14: 1401.2037
A15: CX24 RADIO 1010 AM | B15: 312.15852 | C15: 0 | D15: 0 | E15: 0 | F15: 0 | G15: 0 | H15: 451.94106 | I15: 748.51525 | J15: 1624.2412 | K15: 1836.7558 | L15: 1425.0849 | M15: 2062.0213 | N15: 2556.6584 | O15: 1537.0496 | P15: 1601.0812 | Q15: 1575.6939 | R15: 2193.0992 | S15: 1194.4407 | T15: 959.3962 | U15: 787.43005 | V15: 393.15693 | W15: 115.09676 | X15: 115.09676 | Y15: 104.13951 | Z15: 1358.0932 | AA15: 1776.3372 | AB15: 412.38603 | AC15: 1182.2721 | AD15: 899.71072
A16: CX26 RADIO URUGUAY | B16: 461.84633 | C16: 570.05982 | D16: 675.13042 | E16: 685.03171 | F16: 693.2347 | G16: 537.42149 | H16: 864.37167 | I16: 1666.4659 | J16: 2893.4119 | K16: 3201.8193 | L16: 3370.8908 | M16: 3479.9226 | N16: 2311.8316 | O16: 1544.4913 | P16: 2706.82 | Q16: 2618.9679 | R16: 1669.4821 | S16: 1046.4166 | T16: 770.34957 | U16: 586.18948 | V16: 1081.4105 | W16: 966.43863 | X16: 371.83146 | Y16: 325.29286 | Z16: 2579.4804 | AA16: 1983.0016 | AB16: 683.58542 | AC16: 1748.6891 | AD16: 1462.4637
... A32: TOTAL GENERAL | B32: 28390.178 | C32: 23059.899 | D32: 18821.779 | E32: 17227.11 | F32: 22015.683 | G32: 49189.952 | H32: 127324.55 | I32: 255901.66 | J32: 354488.68 | K32: 410113.31 | L32: 402924.27 | M32: 406869.46 | N32: 352564.76 | O32: 320232.01 | P32: 325437.07 | Q32: 312293.57 | R32: 309125.25 | S32: 281610.48 | T32: 239409.85 | U32: 179310.09 | V32: 133001.52 | W32: 114194.42 | X32: 83214.361 | Y32: 59305.84 | Z32: 326270.32 | AA32: 316877.19 | AB32: 134739.35 | AC32: 259295.62 | AD32: 201084.41
A34: CUADRO 39: RESUMEN DE AUDIENCIA POR HORA | FM | LUNES A DOMINGO
A36: RADIOS | B36: HORAS | Z36: PROMEDIO
B37: 00:00 - 00:59 | C37: 01:00 - 01:59 | D37: 02:00 - 02:59 | E37: 03:00 - 03:59 | F37: 04:00 - 04:59 | G37: 05:00 - 05:59 | H37: 06:00 - 06:59 | I37: 07:00 - 07:59 | J37: 08:00 - 08:59 | K37: 09:00 - 09:59 | L37: 10:00 - 10:59 | M37: 11:00 - 11:59 | N37: 12:00 - 12:59 | O37: 13:00 - 13:59 | P37: 14:00 - 14:59 | Q37: 15:00 - 15:59 | R37: 16:00 - 16:59 | S37: 17:00 - 17:59 | T37: 18:00 - 18:59 | U37: 19:00 - 19:59 | V37: 20:00 - 20:59 | W37: 21:00 - 21:59 | X37: 22:00 - 22:59 | Y37: 23:00 - 23:59 | Z37: 06:00 - 11:59 | AA37: 12:00 - 17:59 | AB37: 18:00 - 23:59 | AC37: 06:00 - 23:59 | AD37: 00:00 - 24:00
A38: 88.3 LACOSTA | B38: 973.13522 | C38: 878.64769 | D38: 878.64769 | E38: 878.64769 | F38: 659.1285 | G38: 1170.2633 | H38: 1074.2808 | I38: 3003.3433 | J38: 3417.5924 | K38: 3001.1224 | L38: 2191.7619 | M38: 943.70452 | N38: 2485.428 | O38: 3505.044 | P38: 2742.3717 | Q38: 3480.4017 | R38: 3577.7655 | S38: 5062.261 | T38: 2177.5242 | U38: 3367.1168 | V38: 3019.0387 | W38: 2450.6142 | X38: 2531.0509 | Y38: 670.52382 | Z38: 2271.9676 | AA38: 3475.5453 | AB38: 2369.3114 | AC38: 2705.6081 | AD38: 2255.809
A39: 90.3 OLDIES | B39: 863.62219 | C39: 863.62219 | D39: 1048.8978 | E39: 991.99011 | F39: 180.92525 | G39: 298.10449 | H39: 1474.5168 | I39: 4041.4823 | J39: 7606.1866 | K39: 8655.1067 | L39: 11347.478 | M39: 11237.863 | N39: 12359.375 | O39: 12023.262 | P39: 11130.701 | Q39: 9743.2587 | R39: 8522.5062 | S39: 8145.5295 | T39: 7463.5996 | U39: 3378.9875 | V39: 2406.292 | W39: 2491.5038 | X39: 3153.8013 | Y39: 3301.6374 | Z39: 7393.7723 | AA39: 10320.772 | AB39: 3699.3036 | AC39: 7137.9493 | AD39: 5530.4271
A40: 91.1 RADIOFUTURA | B40: 329.77447 | C40: 329.77447 | D40: 167.04632 | E40: 272.21482 | F40: 344.90649 | G40: 563.9099 | H40: 1493.3079 | I40: 2193.9536 | J40: 4771.3021 | K40: 8602.0686 | L40: 9405.355 | M40: 11125.636 | N40: 8438.8577 | O40: 8929.1792 | P40: 8360.9014 | Q40: 7791.1936 | R40: 8250.9476 | S40: 7686.7113 | T40: 9456.0639 | U40: 8646.5213 | V40: 6992.9716 | W40: 4724.4274 | X40: 3431.3801 | Y40: 1991.3264 | Z40: 6265.2705 | AA40: 8242.9651 | AB40: 5873.7818 | AC40: 6794.0058 | AD40: 5179.1555
A41: 91.9 DISNEY | B41: 627.23243 | C41: 447.61794 | D41: 232.08704 | E41: 121.97128 | F41: 553.26284 | G41: 2357.0815 | H41: 6603.3374 | I41: 14184.91 | J41: 19010.839 | K41: 26242.832 | L41: 27503.97 | M41: 30619.189 | N41: 27698.393 | O41: 29043.457 | P41: 26147.383 | Q41: 26656.78 | R41: 24413.607 | S41: 22559.622 | T41: 17483.109 | U41: 14135.409 | V41: 9090.7284 | W41: 5834.9082 | X41: 3788.4202 | Y41: 2448.7124 | Z41: 20694.18 | AA41: 26086.54 | AB41: 8796.8812 | AC41: 18525.867 | AD41: 14075.202
A42: 92.5 CONCIERTO URBANA | B42: 60.972233 | C42: 60.972233 | D42: 112.86563 | E42: 0 | F42: 0 | G42: 0 | H42: 285.53969 | I42: 1738.5168 | J42: 3514.6191 | K42: 3844.2358 | L42: 2422.8781 | M42: 2417.5148 | N42: 2106.7079 | O42: 2204.2794 | P42: 2694.4449 | Q42: 2265.789 | R42: 2673.2884 | S42: 2484.7682 | T42: 2786.7652 | U42: 1813.8469 | V42: 1779.1076 | W42: 764.6828 | X42: 0 | Y42: 102.73659 | Z42: 2370.5507 | AA42: 2404.8796 | AB42: 1207.8565 | AC42: 1994.429 | AD42: 1505.6055
A43: 93.1 INOLVIDABLE | B43: 769.34885 | C43: 209.01375 | D43: 326.63697 | E43: 322.35246 | F43: 447.86008 | G43: 531.09645 | H43: 3305.6522 | I43: 6394.4881 | J43: 12584.937 | K43: 13870.239 | L43: 17200.541 | M43: 18020.176 | N43: 18820.795 | O43: 19061.308 | P43: 20352.786 | Q43: 15782.834 | R43: 17514.1 | S43: 13097.589 | T43: 13526.585 | U43: 14311.536 | V43: 11927.732 | W43: 9953.407 | X43: 4256.4121 | Y43: 1382.5165 | Z43: 11896.006 | AA43: 17438.235 | AB43: 9226.3647 | AC43: 12853.535 | AD43: 9748.7476
A44: 93.9 OCEANO | B44: 93.513741 | C44: 93.513741 | D44: 110.36439 | E44: 0 | F44: 0 | G44: 309.49559 | H44: 1418.5739 | I44: 6532.3831 | J44: 9658.6624 | K44: 9942.2697 | L44: 10696.964 | M44: 11232.646 | N44: 14796.225 | O44: 14288.047 | P44: 13754.118 | Q44: 11366.865 | R44: 10478.943 | S44: 8868.319 | T44: 4474.523 | U44: 3196.4667 | V44: 1564.2203 | W44: 1705.0893 | X44: 615.58582 | Y44: 474.74378 | Z44: 8246.9166 | AA44: 12258.753 | AB44: 2005.1048 | AC44: 7503.5914 | AD44: 5652.9805
A45: 94.7 E. DEL SUR | B45: 132.50126 | C45: 132.50126 | D45: 362.99011 | E45: 0 | F45: 0 | G45: 424.67759 | H45: 709.53339 | I45: 1254.7262 | J45: 967.08068 | K45: 2508.7953 | L45: 2094.8603 | M45: 2006.6826 | N45: 756.14705 | O45: 948.99725 | P45: 1048.2868 | Q45: 1394.6736 | R45: 1627.5906 | S45: 2215.4184 | T45: 1265.8421 | U45: 887.56451 | V45: 663.48968 | W45: 896.53609 | X45: 511.15196 | Y45: 812.51155 | Z45: 1590.2797 | AA45: 1331.8523 | AB45: 839.51598 | AC45: 1253.8827 | AD45: 984.27326
A46: 95.5 DEL PLATA | B46: 1721.1855 | C46: 1476.5966 | D46: 1393.0083 | E46: 1159.0686 | F46: 130.62863 | G46: 0 | H46: 551.03663 | I46: 1696.2857 | J46: 5178.8131 | K46: 8395.3496 | L46: 7869.8281 | M46: 9462.8352 | N46: 9331.0969 | O46: 9191.7139 | P46: 9047.3548 | Q46: 9132.4792 | R46: 10552.631 | S46: 10814.451 | T46: 8066.0791 | U46: 4973.7895 | V46: 4088.4371 | W46: 2999.712 | X46: 2774.514 | Y46: 2937.602 | Z46: 5525.6914 | AA46: 9678.2877 | AB46: 4306.689 | AC46: 6503.556 | AD46: 5122.6873
A47: 96.3 ALFA | B47: 0 | C47: 0 | D47: 0 | E47: 0 | F47: 0 | G47: 0 | H47: 0 | I47: 0 | J47: 1217.8056 | K47: 1234.6211 | L47: 2484.3284 | M47: 1516.1597 | N47: 2400.1565 | O47: 3294.588 | P47: 2477.0128 | Q47: 1973.7622 | R47: 1666.7078 | S47: 1502.7723 | T47: 925.04165 | U47: 1554.7799 | V47: 1556.5745 | W47: 1650.1432 | X47: 1231.0934 | Y47: 495.99166 | Z47: 1075.4858 | AA47: 2219.1666 | AB47: 1235.604 | AC47: 1510.0855 | AD47: 1132.5641
A48: 97.1 BABEL | B48: 0 | C48: 0 | D48: 153.04034 | E48: 113.33872 | F48: 722.91228 | G48: 991.22571 | H48: 1801.5959 | I48: 2074.2752 | J48: 2222.6377 | K48: 4225.1998 | L48: 3664.0581 | M48: 4025.7949 | N48: 2875.0247 | O48: 2703.0855 | P48: 2399.6072 | Q48: 2680.2172 | R48: 3393.0408 | S48: 4107.9168 | T48: 4456.5172 | U48: 5453.9479 | V48: 3606.2185 | W48: 3022.8157 | X48: 2048.8515 | Y48: 812.43174 | Z48: 3002.2603 | AA48: 3026.482 | AB48: 3233.4638 | AC48: 3087.402 | AD48: 2398.0731
A49: 97.9 M24 | B49: 130.34641 | C49: 0 | D49: 0 | E49: 0 | F49: 177.64824 | G49: 1761.1349 | H49: 2100.0832 | I49: 2935.0311 | J49: 4005.5888 | K49: 4150.1918 | L49: 3607.753 | M49: 3336.6766 | N49: 2272.9566 | O49: 1816.4955 | P49: 1532.5877 | Q49: 2300.1035 | R49: 2215.7937 | S49: 1331.6577 | T49: 1325.2059 | U49: 1320.8668 | V49: 587.74933 | W49: 1165.3829 | X49: 674.25792 | Y49: 674.25792 | Z49: 3355.8874 | AA49: 1911.5991 | AB49: 957.95345 | AC49: 2075.1467 | AD49: 1642.5737
... A65: TOTAL GENERAL | B65: 28390.178 | C65: 23059.899 | D65: 18821.779 | E65: 17227.11 | F65: 22015.683 | G65: 49189.952 | H65: 127324.55 | I65: 255901.66 | J65: 354488.68 | K65: 410113.31 | L65: 402924.27 | M65: 406869.46 | N65: 352564.76 | O65: 320232.01 | P65: 325437.07 | Q65: 312293.57 | R65: 309125.25 | S65: 281610.48 | T65: 239409.85 | U65: 179310.09 | V65: 133001.52 | W65: 114194.42 | X65: 83214.361 | Y65: 59305.84 | Z65: 326270.32 | AA65: 316877.19 | AB65: 134739.35 | AC65: 259295.62 | AD65: 201084.41

Sheet AudienciaxLV
A1: CUADRO 40: RESUMEN DE AUDIENCIA POR HORA | AM | LUNES A VIERNES
A3: RADIOS | B3: HORAS | Z3: PROMEDIO
B4: 00:00 - 00:59 | C4: 01:00 - 01:59 | D4: 02:00 - 02:59 | E4: 03:00 - 03:59 | F4: 04:00 - 04:59 | G4: 05:00 - 05:59 | H4: 06:00 - 06:59 | I4: 07:00 - 07:59 | J4: 08:00 - 08:59 | K4: 09:00 - 09:59 | L4: 10:00 - 10:59 | M4: 11:00 - 11:59 | N4: 12:00 - 12:59 | O4: 13:00 - 13:59 | P4: 14:00 - 14:59 | Q4: 15:00 - 15:59 | R4: 16:00 - 16:59 | S4: 17:00 - 17:59 | T4: 18:00 - 18:59 | U4: 19:00 - 19:59 | V4: 20:00 - 20:59 | W4: 21:00 - 21:59 | X4: 22:00 - 22:59 | Y4: 23:00 - 23:59 | Z4: 06:00 - 11:59 | AA4: 12:00 - 17:59 | AB4: 18:00 - 23:59 | AC4: 06:00 - 23:59 | AD4: 00:00 - 24:00
A5: CX4 RURAL | B5: 1768.8162 | C5: 1069.7591 | D5: 654.86346 | E5: 0 | F5: 0 | G5: 0 | H5: 1798.9539 | I5: 2430.1949 | J5: 1778.5535 | K5: 1287.4122 | L5: 1752.9558 | M5: 1910.6496 | N5: 1645.5415 | O5: 2389.2788 | P5: 3376.6795 | Q5: 3053.1197 | R5: 3300.7371 | S5: 1660.5812 | T5: 817.64888 | U5: 864.17449 | V5: 477.63023 | W5: 992.24887 | X5: 1457.7714 | Y5: 2156.5986 | Z5: 1826.4533 | AA5: 2570.9896 | AB5: 1127.6788 | AC5: 1841.7072 | AD5: 1526.8404
A6: CX6 CLÁSICA | B6: 0 | C6: 0 | D6: 0 | E6: 0 | F6: 0 | G6: 0 | H6: 0 | I6: 659.17445 | J6: 1264.6181 | K6: 994.73519 | L6: 389.29158 | M6: 230.90138 | N6: 0 | O6: 962.08694 | P6: 962.08694 | Q6: 356.64333 | R6: 0 | S6: 0 | T6: 0 | U6: 0 | V6: 114.74985 | W6: 0 | X6: 0 | Y6: 0 | Z6: 589.78678 | AA6: 380.1362 | AB6: 19.124976 | AC6: 329.68265 | AD6: 247.26199
A7: CX8 SARANDI | B7: 533.08265 | C7: 232.57638 | D7: 232.57638 | E7: 232.57638 | F7: 1077.9586 | G7: 4666.4041 | H7: 14750.91 | I7: 24531.047 | J7: 28218.944 | K7: 28167.35 | L7: 25099.308 | M7: 21964.103 | N7: 12600.105 | O7: 6979.3351 | P7: 5790.924 | Q7: 5613.3703 | R7: 7389.5755 | S7: 6022.7806 | T7: 3522.1832 | U7: 2047.3935 | V7: 1404.4945 | W7: 1472.9658 | X7: 1174.815 | Y7: 352.19657 | Z7: 23788.61 | AA7: 7399.3484 | AB7: 1662.3414 | AC7: 10950.1 | AD7: 8503.2073
A8: CX10 CONTINENTE | B8: 0 | C8: 0 | D8: 0 | E8: 0 | F8: 0 | G8: 0 | H8: 162.8413 | I8: 737.42268 | J8: 1946.0014 | K8: 1145.1391 | L8: 1317.1578 | M8: 1162.0706 | N8: 1388.1606 | O8: 920.45384 | P8: 2020.541 | Q8: 463.95771 | R8: 1177.5041 | S8: 159.07501 | T8: 159.07501 | U8: 648.98317 | V8: 1607.632 | W8: 1767.742 | X8: 2028.0047 | Y8: 1540.3714 | Z8: 1078.4388 | AA8: 1021.6154 | AB8: 1291.968 | AC8: 1130.6741 | AD8: 848.00556
A9: CX12 ORIENTAL | B9: 0 | C9: 0 | D9: 0 | E9: 0 | F9: 133.28211 | G9: 133.28211 | H9: 1411.3587 | I9: 5647.4619 | J9: 6651.2943 | K9: 7482.0803 | L9: 6453.1932 | M9: 4974.9271 | N9: 2961.918 | O9: 2791.0952 | P9: 2591.4568 | Q9: 1995.0947 | R9: 1995.0947 | S9: 2192.7388 | T9: 833.17446 | U9: 2082.1134 | V9: 1488.3786 | W9: 2197.8653 | X9: 1805.0071 | Y9: 2042.8568 | Z9: 5436.7193 | AA9: 2421.233 | AB9: 1741.5659 | AC9: 3199.8394 | AD9: 2410.9864
A10: CX14 EL ESPECTADOR | B10: 2058.4908 | C10: 326.55126 | D10: 327.07494 | E10: 0 | F10: 0 | G10: 1068.9895 | H10: 5173.3876 | I10: 6923.3412 | J10: 8901.2484 | K10: 10294.221 | L10: 8202.4416 | M10: 7503.4842 | N10: 5306.0335 | O10: 5872.1251 | P10: 2444.9504 | Q10: 2891.3411 | R10: 2064.5632 | S10: 966.57791 | T10: 696.48635 | U10: 1743.8507 | V10: 843.05725 | W10: 1053.0762 | X10: 2504.238 | Y10: 3925.3587 | Z10: 7833.0207 | AA10: 3257.5985 | AB10: 1794.3445 | AC10: 4294.9879 | AD10: 3378.7871
A11: CX16 CARVE | B11: 676.14294 | C11: 297.64267 | D11: 0 | E11: 0 | F11: 225.96308 | G11: 784.17518 | H11: 1899.7119 | I11: 1848.6238 | J11: 1966.7535 | K11: 1681.2805 | L11: 2284.2024 | M11: 1550.6942 | N11: 2650.1274 | O11: 2951.8922 | P11: 3627.5812 | Q11: 2858.4168 | R11: 3325.0272 | S11: 2261.4665 | T11: 2339.9215 | U11: 2436.3063 | V11: 2103.1823 | W11: 2334.7716 | X11: 1643.9531 | Y11: 1028.06 | Z11: 1871.8777 | AA11: 2945.7519 | AB11: 1981.0325 | AC11: 2266.2207 | AD11: 1782.329
A12: CX18 SPORT 890 | B12: 760.18083 | C12: 760.18083 | D12: 357.36919 | E12: 700.84705 | F12: 646.36075 | G12: 2294.6097 | H12: 5542.8349 | I12: 9574.2166 | J12: 12656.395 | K12: 13746.067 | L12: 10751.296 | M12: 11272.809 | N12: 8775.8936 | O12: 6997.9107 | P12: 7584.7106 | Q12: 8225.0149 | R12: 7791.8182 | S12: 7336.7337 | T12: 3704.7428 | U12: 2829.416 | V12: 2322.843 | W12: 1117.5069 | X12: 1170.2299 | Y12: 1102.8443 | Z12: 10590.603 | AA12: 7785.3469 | AB12: 2041.2638 | AC12: 6805.738 | AD12: 5334.2847
A13: CX20 MONTECARLO | B13: 3700.7335 | C13: 4470.2077 | D13: 2152.762 | E13: 1602.313 | F13: 2321.252 | G13: 8686.4926 | H13: 20855.458 | I13: 38732.164 | J13: 42443.061 | K13: 47814.708 | L13: 44947.931 | M13: 47678.147 | N13: 36955.569 | O13: 22066.15 | P13: 19863.746 | Q13: 14705.129 | R13: 11496.322 | S13: 10558.396 | T13: 11551.261 | U13: 8985.0601 | V13: 7504.5721 | W13: 6236.7063 | X13: 3683.5669 | Y13: 1870.2131 | Z13: 40411.912 | AA13: 19274.219 | AB13: 6638.5633 | AC13: 22108.231 | AD13: 17536.747
A14: CX22 UNIVERSAL | B14: 744.20505 | C14: 744.20505 | D14: 602.88895 | E14: 888.60305 | F14: 758.74162 | G14: 586.25917 | H14: 594.59996 | I14: 927.11053 | J14: 1241.2133 | K14: 1554.9745 | L14: 2735.7467 | M14: 3724.0872 | N14: 3658.1089 | O14: 1966.6955 | P14: 1146.2451 | Q14: 1357.7629 | R14: 2020.4762 | S14: 2207.2308 | T14: 798.72915 | U14: 1231.3989 | V14: 1835.2662 | W14: 1714.0003 | X14: 1240.9625 | Y14: 265.45626 | Z14: 1796.2887 | AA14: 2059.4199 | AB14: 1180.9689 | AC14: 1678.8925 | AD14: 1439.3737
A15: CX24 RADIO 1010 AM | B15: 437.02193 | C15: 0 | D15: 0 | E15: 0 | F15: 0 | G15: 0 | H15: 471.58203 | I15: 1047.9214 | J15: 1978.5494 | K15: 2276.0698 | L15: 1699.7304 | M15: 2303.9657 | N15: 3283.9334 | O15: 2151.8694 | P15: 1954.0379 | Q15: 2063.8328 | R15: 2788.7336 | S15: 1390.6117 | T15: 1343.1547 | U15: 941.26661 | V15: 389.28423 | W15: 0 | X15: 0 | Y15: 145.79531 | Z15: 1629.6364 | AA15: 2272.1698 | AB15: 469.9168 | AC15: 1457.241 | AD15: 1111.14
A16: CX26 RADIO URUGUAY | B16: 317.61655 | C16: 469.11544 | D16: 616.21428 | E16: 469.11544 | F16: 641.73508 | G16: 530.4707 | H16: 834.10421 | I16: 1433.2575 | J16: 2659.3179 | K16: 3002.6438 | L16: 3631.5363 | M16: 3786.9861 | N16: 2687.6328 | O16: 1428.5324 | P16: 2439.3339 | Q16: 2534.7561 | R16: 1756.6179 | S16: 1092.137 | T16: 767.59586 | U16: 301.96092 | V16: 1203.0812 | W16: 1203.0812 | X16: 370.63115 | Y16: 305.47711 | Z16: 2557.9743 | AA16: 1989.835 | AB16: 691.97124 | AC16: 1746.5935 | AD16: 1436.7896
... A32: TOTAL GENERAL | B32: 27461.848 | C32: 22350.048 | D32: 17670.754 | E32: 16479.451 | F32: 22177.843 | G32: 52749.059 | H32: 138641.84 | I32: 276998.51 | J32: 386740 | K32: 442902.07 | L32: 429289.09 | M32: 437592.25 | N32: 380660.98 | O32: 347906.5 | P32: 358033.92 | Q32: 346656.72 | R32: 339152.92 | S32: 309204.57 | T32: 262493.52 | U32: 191893.21 | V32: 141766.9 | W32: 118333.17 | X32: 86217.204 | Y32: 60393.992 | Z32: 352027.29 | AA32: 346935.93 | AB32: 143516.33 | AC32: 280826.52 | AD32: 217240.26
A34: CUADRO 41: RESUMEN DE AUDIENCIA POR HORA | FM | LUNES A VIERNES
A36: RADIOS | B36: HORAS | Z36: PROMEDIO
B37: 00:00 - 00:59 | C37: 01:00 - 01:59 | D37: 02:00 - 02:59 | E37: 03:00 - 03:59 | F37: 04:00 - 04:59 | G37: 05:00 - 05:59 | H37: 06:00 - 06:59 | I37: 07:00 - 07:59 | J37: 08:00 - 08:59 | K37: 09:00 - 09:59 | L37: 10:00 - 10:59 | M37: 11:00 - 11:59 | N37: 12:00 - 12:59 | O37: 13:00 - 13:59 | P37: 14:00 - 14:59 | Q37: 15:00 - 15:59 | R37: 16:00 - 16:59 | S37: 17:00 - 17:59 | T37: 18:00 - 18:59 | U37: 19:00 - 19:59 | V37: 20:00 - 20:59 | W37: 21:00 - 21:59 | X37: 22:00 - 22:59 | Y37: 23:00 - 23:59 | Z37: 06:00 - 11:59 | AA37: 12:00 - 17:59 | AB37: 18:00 - 23:59 | AC37: 06:00 - 23:59 | AD37: 00:00 - 24:00
A38: 88.3 LACOSTA | B38: 913.28791 | C38: 913.28791 | D38: 913.28791 | E38: 913.28791 | F38: 605.96106 | G38: 1321.5498 | H38: 853.28293 | I38: 3007.0037 | J38: 2749.9463 | K38: 2751.5983 | L38: 2276.3369 | M38: 1007.4094 | N38: 3221.4195 | O38: 4637.2648 | P38: 3011.7323 | Q38: 3672.0791 | R38: 3821.5235 | S38: 5833.5348 | T38: 2492.2605 | U38: 4012.2724 | V38: 3814.2805 | W38: 2873.0685 | X38: 3543.4712 | Y38: 938.73335 | Z38: 2107.5963 | AA38: 4032.9257 | AB38: 2945.6811 | AC38: 3028.7343 | AD38: 2504.0784
A39: 90.3 OLDIES | B39: 665.03194 | C39: 665.03194 | D39: 1074.6489 | E39: 918.32729 | F39: 253.29535 | G39: 417.34629 | H39: 1857.4285 | I39: 5289.0914 | J39: 8805.7577 | K39: 9742.9531 | L39: 12572.605 | M39: 11959.404 | N39: 12785.585 | O39: 12802.885 | P39: 11783.442 | Q39: 10884.563 | R39: 9605.5297 | S39: 9225.4463 | T39: 8421.7367 | U39: 3782.6377 | V39: 2803.3982 | W39: 2634.2554 | X39: 3062.5521 | Y39: 3156.6049 | Z39: 8371.2067 | AA39: 11181.242 | AB39: 3976.8642 | AC39: 7843.1042 | AD39: 6048.7316
A40: 91.1 RADIOFUTURA | B40: 233.86485 | C40: 233.86485 | D40: 233.86485 | E40: 233.86485 | F40: 335.63318 | G40: 361.14776 | H40: 2090.6311 | I40: 2747.5704 | J40: 5248.6549 | K40: 9599.3212 | L40: 9977.9636 | M40: 12464.008 | N40: 9708.2092 | O40: 10280.005 | P40: 9141.8895 | Q40: 8185.2862 | R40: 8578.6693 | S40: 8301.2416 | T40: 10698.736 | U40: 9955.6816 | V40: 7948.6068 | W40: 5085.2785 | X40: 3612.7796 | Y40: 2409.1881 | Z40: 7021.3582 | AA40: 9032.5502 | AB40: 6618.3784 | AC40: 7557.4289 | AD40: 5736.0817
A41: 91.9 DISNEY | B41: 450.95375 | C41: 626.66511 | D41: 324.92185 | E41: 170.75979 | F41: 434.81578 | G41: 2255.3873 | H41: 7757.1911 | I41: 16326.727 | J41: 20153.899 | K41: 27496.621 | L41: 28408.74 | M41: 33097.603 | N41: 29850.778 | O41: 31572.21 | P41: 30237.975 | Q41: 31113.907 | R41: 29228.779 | S41: 26947.992 | T41: 21194.481 | U41: 16179.555 | V41: 10028.577 | W41: 6296.6112 | X41: 3969.531 | Y41: 2700.0951 | Z41: 22206.797 | AA41: 29825.273 | AB41: 10061.475 | AC41: 20697.848 | AD41: 15701.032
A42: 92.5 CONCIERTO URBANA | B42: 85.361126 | C42: 85.361126 | D42: 0 | E42: 0 | F42: 0 | G42: 0 | H42: 0 | I42: 1338.4948 | J42: 3341.9672 | K42: 4263.914 | L42: 2939.1688 | M42: 2741.2415 | N42: 2360.1203 | O42: 2304.8361 | P42: 3319.3623 | Q42: 2443.6445 | R42: 2457.7742 | S42: 2351.8578 | T42: 3152.6559 | U42: 1958.2597 | V42: 1458.7751 | W42: 272.44278 | X42: 0 | Y42: 143.83122 | Z42: 2437.4644 | AA42: 2539.5992 | AB42: 1164.3274 | AC42: 2047.1303 | AD42: 1542.4612
A43: 93.1 INOLVIDABLE | B43: 707.82004 | C43: 292.61924 | D43: 457.29176 | E43: 451.29345 | F43: 510.18226 | G43: 626.71318 | H43: 3121.5782 | I43: 6534.4881 | J43: 13852.133 | K43: 14646.229 | L43: 18384.553 | M43: 19779.985 | N43: 20847.557 | O43: 20198.671 | P43: 23046.612 | Q43: 17199.412 | R43: 18972.415 | S43: 13684.051 | T43: 13907.195 | U43: 13687.82 | V43: 11566.882 | W43: 10316.33 | X43: 3947.8397 | Y43: 1184.3639 | Z43: 12719.828 | AA43: 18991.453 | AB43: 9101.7383 | AC43: 13604.34 | AD43: 10330.168
A44: 93.9 OCEANO | B44: 130.91924 | C44: 130.91924 | D44: 0 | E44: 0 | F44: 0 | G44: 433.29382 | H44: 1659.2531 | I44: 7348.3125 | J44: 12329.278 | K44: 11747.324 | L44: 11303.503 | M44: 12264.035 | N44: 17148.075 | O44: 16860.094 | P44: 16570.88 | Q44: 12950.874 | R44: 11942.429 | S44: 10143.344 | T44: 4681.0345 | U44: 3884.3615 | V44: 1582.342 | W44: 1720.5714 | X44: 595.02205 | Y44: 397.84321 | Z44: 9441.9508 | AA44: 14269.283 | AB44: 2143.5291 | AC44: 8618.2542 | AD44: 6492.6545
A45: 94.7 E. DEL SUR | B45: 0 | C45: 0 | D45: 164.67252 | E45: 0 | F45: 0 | G45: 376.18089 | H45: 774.97901 | I45: 1538.249 | J45: 1015.4807 | K45: 2431.9609 | L45: 1820.3734 | M45: 2093.2207 | N45: 459.7758 | O45: 729.76609 | P45: 1085.2898 | Q45: 1122.0372 | R45: 1510.7628 | S45: 2491.7336 | T45: 1203.3791 | U45: 623.39175 | V45: 529.69411 | W45: 752.58008 | X45: 358.45995 | Y45: 780.36337 | Z45: 1612.3773 | AA45: 1233.2275 | AB45: 707.97805 | AC45: 1184.5276 | AD45: 910.93127
A46: 95.5 DEL PLATA | B46: 1576.9278 | C46: 1234.5033 | D46: 1023.8266 | E46: 1023.8266 | F46: 182.88008 | G46: 0 | H46: 438.96361 | I46: 1551.7687 | J46: 6020.4889 | K46: 9449.2146 | L46: 7951.6472 | M46: 9918.348 | N46: 9139.1358 | O46: 9213.1068 | P46: 9892.0482 | Q46: 10820.575 | R46: 11925.931 | S46: 12498.033 | T46: 9195.9064 | U46: 5609.4238 | V46: 4503.4488 | W46: 3479.3847 | X46: 2870.4216 | Y46: 2574.7416 | Z46: 5888.4052 | AA46: 10581.472 | AB46: 4705.5545 | AC46: 7058.4771 | AD46: 5503.9397
A47: 96.3 ALFA | B47: 0 | C47: 0 | D47: 0 | E47: 0 | F47: 0 | G47: 0 | H47: 0 | I47: 0 | J47: 1232.9144 | K47: 1518.6238 | L47: 2451.1546 | M47: 1658.2145 | N47: 2233.8445 | O47: 3018.6602 | P47: 2580.0494 | Q47: 2032.5594 | R47: 1602.6831 | S47: 1635.3412 | T47: 826.5183 | U47: 1629.3821 | V47: 1631.8945 | W47: 1762.8907 | X47: 1175.3712 | Y47: 542.60187 | Z47: 1143.4845 | AA47: 2183.8563 | AB47: 1261.4431 | AC47: 1529.5947 | AD47: 1147.196
A48: 97.1 BABEL | B48: 0 | C48: 0 | D48: 214.25647 | E48: 158.67421 | F48: 647.53757 | G48: 647.53757 | H48: 1782.0559 | I48: 2190.4178 | J48: 2523.1963 | K48: 4384.3308 | L48: 2641.2031 | M48: 3713.6126 | N48: 2894.115 | O48: 2840.8123 | P48: 2350.5277 | Q48: 2188.6737 | R48: 3033.3344 | S48: 3945.5924 | T48: 4188.8767 | U48: 5070.1656 | V48: 3094.9586 | W48: 2536.439 | X48: 1711.9651 | Y48: 759.86267 | Z48: 2872.4694 | AA48: 2875.5093 | AB48: 2893.7113 | AC48: 2880.5633 | AD48: 2229.9227
