Workbook

Sheet INDICE CUADROS
A1: INDICE DE CUADROS
A3: =+RatABC1LV!A1 -> CUADRO 54: RESUMEN DE RATING POR HORA - SEGMENTO ABC1 | AM | LUNES A VIERNES
A4: =+RatABC1LV!A34 -> CUADRO 55: RESUMEN DE RATING POR HORA - SEGMENTO ABC1 | FM | LUNES A VIERNES
A5: =+RatABC1SD!A1 -> CUADRO 56: RESUMEN DE RATING POR HORA - SEGMENTO ABC1 | AM | SABADO A DOMINGO
A6: =+RatABC1SD!A34 -> CUADRO 57: RESUMEN DE RATING POR HORA - SEGMENTO ABC1 | FM | SABADO A DOMINGO
A7: =+RatC2C3D1LV!A1 -> CUADRO 58: RESUMEN DE RATING POR HORA - SEGMENTO C2C3D1 | AM | LUNES A VIERNES
A8: =+RatC2C3D1LV!A34 -> CUADRO 59: RESUMEN DE RATING POR HORA - SEGMENTO C2C3D1 | FM | LUNES A VIERNES
A9: =+RatC2C3D1SD!A1 -> CUADRO 60: RESUMEN DE RATING POR HORA - SEGMENTO C2C3D1 | AM | SABADO A DOMINGO
A10: =+RatC2C3D1SD!A34 -> CUADRO 61: RESUMEN DE RATING POR HORA - SEGMENTO C2C3D1 | FM | SABADO A DOMINGO
A11: =+RatD2ELV!A1 -> CUADRO 62: RESUMEN DE RATING POR HORA - SEGMENTO D2E | AM | LUNES A VIERNES
A12: =+RatD2ELV!A34 -> CUADRO 63: RESUMEN DE RATING POR HORA - SEGMENTO D2E | FM | LUNES A VIERNES
A13: =+RatD2ESD!A1 -> CUADRO 64: RESUMEN DE RATING POR HORA - SEGMENTO D2E | AM | SABADO A DOMINGO
A14: =+RatD2ESD!A34 -> CUADRO 65: RESUMEN DE RATING POR HORA - SEGMENTO D2E | FM | SABADO A DOMINGO
A15: =+RatxEdadxLVxAM!A1 -> CUADRO 66: RESUMEN DE RATING POR HORA SEGUN RADIO Y EDAD | AM | LUNES A VIERNES
A16: =+RatxEdadxSDxAM!A1 -> CUADRO 67: RESUMEN DE RATING POR HORA SEGUN RADIO Y EDAD | AM | SABADO A DOMINGO
A17: =+RatxEdadxLVxFM!A1 -> CUADRO 68: RESUMEN DE RATING POR HORA SEGUN RADIO Y EDAD | FM | LUNES A VIERNES
A18: =+RatxEdadxSDxFM!A1 -> CUADRO 69: RESUMEN DE RATING POR HORA SEGUN RADIO Y EDAD | FM | SABADO A DOMINGO
A19: =+RatxSexoxLV!A1 -> CUADRO 70: RESUMEN DE RATING POR HORA SEGUN RADIO Y SEXO | AM | LUNES A VIERNES
A20: =+RatxSexoxLV!A87 -> CUADRO 71: RESUMEN DE RATING POR HORA SEGUN RADIO Y SEXO | FM | LUNES A VIERNES
A21: =+RatxSexoxSD!A1 -> CUADRO 72: RESUMEN DE RATING POR HORA SEGUN RADIO Y SEXO | AM | SABADO A DOMINGO
A22: =+RatxSexoxSD!A87 -> CUADRO 73: RESUMEN DE RATING POR HORA SEGUN RADIO Y SEXO | FM | SABADO A DOMINGO
A23: =+PerfilNSExAM!A1 -> CUADROS 74 - 75: PERFIL POR NIVEL SOCIOECONOMICO SEGUN HORA | AM
A24: =+PerfilNSExFM!A1 -> CUADROS 76 - 77: PERFIL POR NIVEL SOCIOECONOMICO SEGUN HORA | FM
A25: =+PerfilEdadxAM!A1 -> CUADROS 78 - 79: PERFIL POR EDAD SEGUN HORA | AM
A26: =+PerfilEdadxFM!A1 -> CUADROS 80 - 81: PERFIL POR EDAD SEGUN HORA | FM
A27: =+PerfilSexoxAM!A1 -> CUADROS 82 - 83: PERFIL POR SEXO SEGUN HORA | AM
A28: =+PerfilSexoxFM!A1 -> CUADROS 84 - 85: PERFIL POR SEXO SEGUN HORA | FM

Sheet RatABC1LV
A1: CUADRO 54: RESUMEN DE RATING POR HORA - SEGMENTO ABC1 | AM | LUNES A VIERNES
A3: RADIOS | B3: HORAS | Z3: PROMEDIO
B4: 00:00 - 00:59 | C4: 01:00 - 01:59 | D4: 02:00 - 02:59 | E4: 03:00 - 03:59 | F4: 04:00 - 04:59 | G4: 05:00 - 05:59 | H4: 06:00 - 06:59 | I4: 07:00 - 07:59 | J4: 08:00 - 08:59 | K4: 09:00 - 09:59 | L4: 10:00 - 10:59 | M4: 11:00 - 11:59 | N4: 12:00 - 12:59 | O4: 13:00 - 13:59 | P4: 14:00 - 14:59 | Q4: 15:00 - 15:59 | R4: 16:00 - 16:59 | S4: 17:00 - 17:59 | T4: 18:00 - 18:59 | U4: 19:00 - 19:59 | V4: 20:00 - 20:59 | W4: 21:00 - 21:59 | X4: 22:00 - 22:59 | Y4: 23:00 - 23:59 | Z4: 06:00 - 11:59 | AA4: 12:00 - 17:59 | AB4: 18:00 - 23:59 | AC4: 06:00 - 23:59 | AD4: 00:00 - 24:00
A5: CX4 RURAL | B5: 0.11112022 | C5: 0 | D5: 0 | E5: 0 | F5: 0 | G5: 0 | H5: 0.32027033 | I5: 0.32027033 | J5: 0.32027033 | K5: 0.32027033 | L5: 0.50729196 | M5: 0.45530613 | N5: 0.39266691 | O5: 0.39266691 | P5: 0.32027033 | Q5: 0.32027033 | R5: 0.32027033 | S5: 0.32027033 | T5: 0.083727377 | U5: 0.083727377 | V5: 0.06467393 | W5: 0.06467393 | X5: 0.26291878 | Y5: 0.19921432 | Z5: 0.37394657 | AA5: 0.34440253 | AB5: 0.12648928 | AC5: 0.28161279 | AD5: 0.2158396
A6: CX6 CLÁSICA | B6: 0 | C6: 0 | D6: 0 | E6: 0 | F6: 0 | G6: 0 | H6: 0 | I6: 0.12108543 | J6: 0.12108543 | K6: 0.07397877 | L6: 0.07397877 | M6: 0.07397877 | N6: 0 | O6: 0 | P6: 0 | Q6: 0 | R6: 0 | S6: 0 | T6: 0 | U6: 0 | V6: 0 | W6: 0 | X6: 0 | Y6: 0 | Z6: 0.077351195 | AA6: 0 | AB6: 0 | AC6: 0.025783732 | AD6: 0.019337799
A7: CX8 SARANDI | B7: 0.074515425 | C7: 0.074515425 | D7: 0.074515425 | E7: 0.074515425 | F7: 0.34536845 | G7: 1.0355147 | H7: 2.5205422 | I7: 4.1174143 | J7: 3.8428652 | K7: 3.8749425 | L7: 3.326192 | M7: 2.8882754 | N7: 1.5489018 | O7: 0.19347989 | P7: 0.25995192 | Q7: 0.6427552 | R7: 1.0760077 | S7: 0.95216302 | T7: 0.60220117 | U7: 0.3517625 | V7: 0.063686005 | W7: 0.2199421 | X7: 0.16330331 | Y7: 0 | Z7: 3.4283719 | AA7: 0.77887659 | AB7: 0.23348251 | AC7: 1.4802437 | AD7: 1.1801388
A8: CX10 CONTINENTE | B8: 0 | C8: 0 | D8: 0 | E8: 0 | F8: 0 | G8: 0 | H8: 0 | I8: 0 | J8: 0 | K8: 0 | L8: 0 | M8: 0 | N8: 0 | O8: 0 | P8: 0 | Q8: 0 | R8: 0 | S8: 0 | T8: 0 | U8: 0 | V8: 0 | W8: 0 | X8: 0.081500034 | Y8: 0 | Z8: 0 | AA8: 0 | AB8: 0.013583339 | AC8: 0.0045277797 | AD8: 0.0033958348
A9: CX12 ORIENTAL | B9: 0 | C9: 0 | D9: 0 | E9: 0 | F9: 0 | G9: 0 | H9: 0.096425995 | I9: 0.98895738 | J9: 0.89066559 | K9: 1.6167098 | L9: 1.2415079 | M9: 0.8282319 | N9: 0.14138179 | O9: 0.19740272 | P9: 0.13743932 | Q9: 0.10965569 | R9: 0.10965569 | S9: 0 | T9: 0.056299567 | U9: 0.056299567 | V9: 0.056299567 | W9: 0.10405115 | X9: 0.26793952 | Y9: 0.43478423 | Z9: 0.94374975 | AA9: 0.11592253 | AB9: 0.16261227 | AC9: 0.40742818 | AD9: 0.30557114
A10: CX14 EL ESPECTADOR | B10: 0.13288371 | C10: 0 | D10: 0 | E10: 0 | F10: 0 | G10: 0 | H10: 1.009353 | I10: 1.5728844 | J10: 2.01225 | K10: 2.3337931 | L10: 1.9053511 | M10: 1.3026277 | N10: 1.3193925 | O10: 0.91031871 | P10: 0.11997666 | Q10: 0.13320475 | R10: 0.058791191 | S10: 0.11465271 | T10: 0.17273804 | U10: 0.21277194 | V10: 0.15691042 | W10: 0.14245908 | X10: 0.60890929 | Y10: 0.93379724 | Z10: 1.6893765 | AA10: 0.44272276 | AB10: 0.37126434 | AC10: 0.83445455 | AD10: 0.63137773
A11: CX16 CARVE | B11: 0 | C11: 0 | D11: 0 | E11: 0 | F11: 0.072396581 | G11: 0.072396581 | H11: 0.20030373 | I11: 0.26665247 | J11: 0.32517962 | K11: 0.19727247 | L11: 0.34440426 | M11: 0.20207755 | N11: 0.3044847 | O11: 0.19666605 | P11: 0.13235999 | Q11: 0.072396581 | R11: 0.072396581 | S11: 0 | T11: 0.42972039 | U11: 0.42972039 | V11: 0.42972039 | W11: 0.57930396 | X11: 0.14958357 | Y11: 0 | Z11: 0.25598168 | AA11: 0.12971732 | AB11: 0.33634145 | AC11: 0.24068015 | AD11: 0.18654316
A12: CX18 SPORT 890 | B12: 0 | C12: 0 | D12: 0 | E12: 0 | F12: 0 | G12: 0 | H12: 0.74376182 | I12: 0.8908639 | J12: 1.2263966 | K12: 1.2474374 | L12: 1.1896832 | M12: 0.94315512 | N12: 0.26174004 | O12: 0.39888214 | P12: 0.51493656 | Q12: 0.843435 | R12: 0.71338395 | S12: 0.56454194 | T12: 0.21350616 | U12: 0.43227466 | V12: 0.47336014 | W12: 0.25995894 | X12: 0.24468721 | Y12: 0.17818402 | Z12: 1.0402163 | AA12: 0.5494866 | AB12: 0.30032852 | AC12: 0.63001049 | AD12: 0.47250787
A13: CX20 MONTECARLO | B13: 0.79103912 | C13: 0.60593476 | D13: 0 | E13: 0 | F13: 0.16505944 | G13: 0.43249022 | H13: 1.6861017 | I13: 3.0716737 | J13: 2.9747164 | K13: 3.1647507 | L13: 3.2547658 | M13: 3.1650941 | N13: 2.9285969 | O13: 1.405578 | P13: 1.8139782 | Q13: 1.1890961 | R13: 0.50036555 | S13: 0.3640589 | T13: 1.0593999 | U13: 0.44096602 | V13: 0.61001477 | W13: 0.39530066 | X13: 0.32405676 | Y13: 0.059200735 | Z13: 2.8861837 | AA13: 1.3669456 | AB13: 0.48148981 | AC13: 1.5782064 | AD13: 1.2667599
A14: CX22 UNIVERSAL | B14: 0 | C14: 0 | D14: 0 | E14: 0 | F14: 0 | G14: 0 | H14: 0 | I14: 0 | J14: 0.0989613 | K14: 0.0989613 | L14: 0.37756561 | M14: 0.47754104 | N14: 0.24128371 | O14: 0 | P14: 0.088948061 | Q14: 0.29589659 | R14: 0.31991891 | S14: 0.36368438 | T14: 0.1885471 | U14: 0.054546157 | V14: 0.052768148 | W14: 0.052768148 | X14: 0.052768148 | Y14: 0 | Z14: 0.17550487 | AA14: 0.21828861 | AB14: 0.066899617 | AC14: 0.15356437 | AD14: 0.11517327
A15: CX24 RADIO 1010 AM | B15: 0 | C15: 0 | D15: 0 | E15: 0 | F15: 0 | G15: 0 | H15: 0 | I15: 0 | J15: 0.44925576 | K15: 0.45072743 | L15: 0.45072743 | M15: 0.45072743 | N15: 0.79283973 | O15: 0.37459014 | P15: 0.1742812 | Q15: 0 | R15: 0.17513914 | S15: 0.085727982 | T15: 0.085727982 | U15: 0.085727982 | V15: 0.085727982 | W15: 0 | X15: 0 | Y15: 0 | Z15: 0.30023968 | AA15: 0.26709637 | AB15: 0.042863991 | AC15: 0.20340001 | AD15: 0.15255001
A16: CX26 RADIO URUGUAY | B16: 0 | C16: 0 | D16: 0 | E16: 0 | F16: 0 | G16: 0.062779769 | H16: 0.11152236 | I16: 0.39741228 | J16: 0.50146343 | K16: 0.56806961 | L16: 0.46394224 | M16: 0.45746245 | N16: 0.25183998 | O16: 0.22975474 | P16: 0.47650125 | Q16: 0.60206234 | R16: 0.38105523 | S16: 0.25626718 | T16: 0.10067071 | U16: 0 | V16: 0 | W16: 0 | X16: 0 | Y16: 0.055403747 | Z16: 0.4166454 | AA16: 0.36624679 | AB16: 0.02601241 | AC16: 0.26963486 | AD16: 0.20484197
... A32: RATING GENERAL | B32: 1.3981113 | C32: 0.92371721 | D32: 0.28711027 | E32: 0.40388729 | F32: 1.3990931 | G32: 3.6328118 | H32: 12.081573 | I32: 23.917986 | J32: 34.072172 | K32: 39.296163 | L32: 37.400628 | M32: 36.246975 | N32: 30.506344 | O32: 23.765825 | P32: 23.99117 | Q32: 25.136621 | R32: 25.161099 | S32: 22.634374 | T32: 19.623433 | U32: 13.570832 | V32: 8.7310685 | W32: 6.3190906 | X32: 5.5682354 | Y32: 4.2671769 | Z32: 30.502583 | AA32: 25.199239 | AB32: 9.6799727 | AC32: 21.793931 | AD32: 16.680646
A34: CUADRO 55: RESUMEN DE RATING POR HORA - SEGMENTO ABC1 | FM | LUNES A VIERNES
A36: RADIOS | B36: HORAS | Z36: PROMEDIO
B37: 00:00 - 00:59 | C37: 01:00 - 01:59 | D37: 02:00 - 02:59 | E37: 03:00 - 03:59 | F37: 04:00 - 04:59 | G37: 05:00 - 05:59 | H37: 06:00 - 06:59 | I37: 07:00 - 07:59 | J37: 08:00 - 08:59 | K37: 09:00 - 09:59 | L37: 10:00 - 10:59 | M37: 11:00 - 11:59 | N37: 12:00 - 12:59 | O37: 13:00 - 13:59 | P37: 14:00 - 14:59 | Q37: 15:00 - 15:59 | R37: 16:00 - 16:59 | S37: 17:00 - 17:59 | T37: 18:00 - 18:59 | U37: 19:00 - 19:59 | V37: 20:00 - 20:59 | W37: 21:00 - 21:59 | X37: 22:00 - 22:59 | Y37: 23:00 - 23:59 | Z37: 06:00 - 11:59 | AA37: 12:00 - 17:59 | AB37: 18:00 - 23:59 | AC37: 06:00 - 23:59 | AD37: 00:00 - 24:00
A38: 88.3 LACOSTA | B38: 0 | C38: 0 | D38: 0 | E38: 0 | F38: 0 | G38: 0 | H38: 0 | I38: 0.55069064 | J38: 0.47695211 | K38: 0.47695211 | L38: 0.25606459 | M38: 0.18935736 | N38: 0.31310891 | O38: 0.31310891 | P38: 0.18935736 | Q38: 0.33559531 | R38: 0.48242399 | S38: 0.54382936 | T38: 0.2699895 | U38: 0 | V38: 0.12375155 | W38: 0 | X38: 0.12375155 | Y38: 0 | Z38: 0.3250028 | AA38: 0.36290397 | AB38: 0.086248767 | AC38: 0.25805185 | AD38: 0.19353888
A39: 90.3 OLDIES | B39: 0 | C39: 0 | D39: 0 | E39: 0 | F39: 0 | G39: 0 | H39: 0 | I39: 0.07609942 | J39: 0.33167677 | K39: 0.77402758 | L39: 1.4876666 | M39: 1.9867594 | N39: 2.3814278 | O39: 2.2345762 | P39: 1.6805714 | Q39: 1.601731 | R39: 1.3808303 | S39: 1.4558243 | T39: 1.1150304 | U39: 0.77695232 | V39: 0.5114957 | W39: 0.34599029 | X39: 0.38253759 | Y39: 0.22477986 | Z39: 0.77603828 | AA39: 1.7891602 | AB39: 0.55946435 | AC39: 1.0415543 | AD39: 0.7811657
A40: 91.1 RADIOFUTURA | B40: 0 | C40: 0 | D40: 0 | E40: 0 | F40: 0 | G40: 0 | H40: 0.3734592 | I40: 0.34474964 | J40: 0.31040279 | K40: 0.63244737 | L40: 0.40673344 | M40: 0.55127787 | N40: 0.17617816 | O40: 0.21097298 | P40: 0.41197718 | Q40: 0.11363361 | R40: 0.11363361 | S40: 0.05730429 | T40: 0.52180666 | U40: 1.0105079 | V40: 0.98381839 | W40: 0.54015877 | X40: 0.33710583 | Y40: 0.1699904 | Z40: 0.43651172 | AA40: 0.18061664 | AB40: 0.593898 | AC40: 0.40367545 | AD40: 0.30275659
A41: 91.9 DISNEY | B41: 0 | C41: 0 | D41: 0 | E41: 0 | F41: 0 | G41: 0 | H41: 0.31542549 | I41: 0.87971382 | J41: 1.2016164 | K41: 1.598212 | L41: 1.9951894 | M41: 2.2968884 | N41: 2.2037973 | O41: 2.4011486 | P41: 2.6387577 | Q41: 2.8692513 | R41: 2.6012368 | S41: 2.6043391 | T41: 2.4559365 | U41: 1.3967146 | V41: 0.65569205 | W41: 0.37462446 | X41: 0.22117394 | Y41: 0.15161375 | Z41: 1.3811743 | AA41: 2.5530885 | AB41: 0.87595922 | AC41: 1.6034073 | AD41: 1.2025555
A42: 92.5 CONCIERTO URBANA | B42: 0 | C42: 0 | D42: 0 | E42: 0 | F42: 0 | G42: 0 | H42: 0 | I42: 0.38026384 | J42: 1.0457008 | K42: 0.9906214 | L42: 0.5661847 | M42: 0.43876432 | N42: 0.30129128 | O42: 0.3213594 | P42: 0.60862399 | Q42: 0.52000432 | R42: 0.575847 | S42: 0.32513199 | T42: 0.56163201 | U42: 0.41580694 | V42: 0.30227305 | W42: 0 | X42: 0 | Y42: 0 | Z42: 0.57025584 | AA42: 0.442043 | AB42: 0.21328533 | AC42: 0.40852805 | AD42: 0.30639604
A43: 93.1 INOLVIDABLE | B43: 0 | C43: 0 | D43: 0 | E43: 0 | F43: 0 | G43: 0 | H43: 0.28238063 | I43: 0.32202164 | J43: 0.9640593 | K43: 1.2096782 | L43: 1.5016313 | M43: 1.9756435 | N43: 1.6828366 | O43: 1.3495933 | P43: 1.4761463 | Q43: 1.5774314 | R43: 1.5342836 | S43: 1.2470368 | T43: 1.0656465 | U43: 0.40667608 | V43: 0.47318458 | W43: 0.17299257 | X43: 0.11565513 | Y43: 0.22173042 | Z43: 1.0425691 | AA43: 1.477888 | AB43: 0.40931422 | AC43: 0.97659044 | AD43: 0.73244283
A44: 93.9 OCEANO | B44: 0 | C44: 0 | D44: 0 | E44: 0 | F44: 0 | G44: 0 | H44: 0.10304213 | I44: 0.64424952 | J44: 1.7054074 | K44: 1.7011494 | L44: 1.5078027 | M44: 1.2122845 | N44: 1.5798054 | O44: 1.4701223 | P44: 1.878582 | Q44: 1.5616292 | R44: 1.4852294 | S44: 1.1929897 | T44: 0.44226835 | U44: 0.52368673 | V44: 0.086568864 | W44: 0.18890357 | X44: 0.12140459 | Y44: 0.058230223 | Z44: 1.1456559 | AA44: 1.5280597 | AB44: 0.23684372 | AC44: 0.97018644 | AD44: 0.72763983
A45: 94.7 E. DEL SUR | B45: 0 | C45: 0 | D45: 0 | E45: 0 | F45: 0 | G45: 0 | H45: 0 | I45: 0.14422908 | J45: 0.14422908 | K45: 0.43058487 | L45: 0.3628122 | M45: 0.11263216 | N45: 0.049084302 | O45: 0.049084302 | P45: 0.10273625 | Q45: 0 | R45: 0.34533095 | S45: 0.44258276 | T45: 0.1851972 | U45: 0.088532074 | V45: 0.047106662 | W45: 0.14509939 | X45: 0 | Y45: 0 | Z45: 0.19908123 | AA45: 0.16480309 | AB45: 0.077655887 | AC45: 0.14718007 | AD45: 0.11038505
A46: 95.5 DEL PLATA | B46: 0.12629017 | C46: 0.067498977 | D46: 0 | E46: 0 | F46: 0 | G46: 0 | H46: 0.086348381 | I46: 0.26008794 | J46: 0.64104291 | K46: 0.76846111 | L46: 0.65705782 | M46: 0.79671488 | N46: 0.83038269 | O46: 0.74101613 | P46: 1.0433991 | Q46: 0.93302177 | R46: 1.0009668 | S46: 0.87678062 | T46: 1.0657685 | U46: 0.94471805 | V46: 0.46743295 | W46: 0.38498548 | X46: 0.26052678 | Y46: 0.16348592 | Z46: 0.53495217 | AA46: 0.90426118 | AB46: 0.54781961 | AC46: 0.66234432 | AD46: 0.50483279
A47: 96.3 ALFA | B47: 0 | C47: 0 | D47: 0 | E47: 0 | F47: 0 | G47: 0 | H47: 0 | I47: 0 | J47: 0.32094824 | K47: 0.19294151 | L47: 0.46000733 | M47: 0.17699409 | N47: 0.17699409 | O47: 0.16896109 | P47: 0.10618132 | Q47: 0.1944893 | R47: 0.1944893 | S47: 0.25726907 | T47: 0.11873472 | U47: 0.36623715 | V47: 0.3102822 | W47: 0.3102822 | X47: 0.3102822 | Y47: 0.12590362 | Z47: 0.1918152 | AA47: 0.18306403 | AB47: 0.25695368 | AC47: 0.21061097 | AD47: 0.15795823
A48: 97.1 BABEL | B48: 0 | C48: 0 | D48: 0.068645889 | E48: 0 | F48: 0 | G48: 0 | H48: 0 | I48: 0 | J48: 0 | K48: 0.5133963 | L48: 0.19852671 | M48: 0.43312467 | N48: 0.27006496 | O48: 0.13511792 | P48: 0.066472031 | Q48: 0.089811064 | R48: 0.41537449 | S48: 0.49293981 | T48: 0.56716814 | U48: 0.66751766 | V48: 0.28634236 | W48: 0.28634236 | X48: 0.23359236 | Y48: 0.069736963 | Z48: 0.19084128 | AA48: 0.24496338 | AB48: 0.35178331 | AC48: 0.26252932 | AD48: 0.19975724
A49: 97.9 M24 | B49: 0 | C49: 0 | D49: 0 | E49: 0 | F49: 0 | G49: 0 | H49: 0.066381425 | I49: 0.21251673 | J49: 0.26174072 | K49: 0.3716929 | L49: 0.3716929 | M49: 0.27465204 | N49: 0.31249216 | O49: 0.20827061 | P49: 0.059200735 | Q49: 0.1174601 | R49: 0.1174601 | S49: 0.058259369 | T49: 0.058259369 | U49: 0 | V49: 0 | W49: 0 | X49: 0 | Y49: 0 | Z49: 0.25977945 | AA49: 0.14552385 | AB49: 0.0097098949 | AC49: 0.13833773 | AD49: 0.1037533
... A65: RATING GENERAL | B65: 1.3981113 | C65: 0.92371721 | D65: 0.28711027 | E65: 0.40388729 | F65: 1.3990931 | G65: 3.6328118 | H65: 12.081573 | I65: 23.917986 | J65: 34.072172 | K65: 39.296163 | L65: 37.400628 | M65: 36.246975 | N65: 30.506344 | O65: 23.765825 | P65: 23.99117 | Q65: 25.136621 | R65: 25.161099 | S65: 22.634374 | T65: 19.623433 | U65: 13.570832 | V65: 8.7310685 | W65: 6.3190906 | X65: 5.5682354 | Y65: 4.2671769 | Z65: 30.502583 | AA65: 25.199239 | AB65: 9.6799727 | AC65: 21.793931 | AD65: 16.680646

Sheet RatABC1SD
A1: CUADRO 56: RESUMEN DE RATING POR HORA - SEGMENTO ABC1 | AM | SABADO A DOMINGO
A3: RADIOS | B3: HORAS | Z3: PROMEDIO
B4: 00:00 - 00:59 | C4: 01:00 - 01:59 | D4: 02:00 - 02:59 | E4: 03:00 - 03:59 | F4: 04:00 - 04:59 | G4: 05:00 - 05:59 | H4: 06:00 - 06:59 | I4: 07:00 - 07:59 | J4: 08:00 - 08:59 | K4: 09:00 - 09:59 | L4: 10:00 - 10:59 | M4: 11:00 - 11:59 | N4: 12:00 - 12:59 | O4: 13:00 - 13:59 | P4: 14:00 - 14:59 | Q4: 15:00 - 15:59 | R4: 16:00 - 16:59 | S4: 17:00 - 17:59 | T4: 18:00 - 18:59 | U4: 19:00 - 19:59 | V4: 20:00 - 20:59 | W4: 21:00 - 21:59 | X4: 22:00 - 22:59 | Y4: 23:00 - 23:59 | Z4: 06:00 - 11:59 | AA4: 12:00 - 17:59 | AB4: 18:00 - 23:59 | AC4: 06:00 - 23:59 | AD4: 00:00 - 24:00
A5: CX4 RURAL | B5: 0 | C5: 0 | D5: 0 | E5: 0 | F5: 0 | G5: 0 | H5: 0.18610177 | I5: 0.34771169 | J5: 0.34771169 | K5: 0.18610177 | L5: 0.18610177 | M5: 0.18610177 | N5: 0.18610177 | O5: 0.18610177 | P5: 0.18610177 | Q5: 0.18610177 | R5: 0.18610177 | S5: 0.18610177 | T5: 0 | U5: 0.16437714 | V5: 0.16437714 | W5: 0 | X5: 0 | Y5: 0 | Z5: 0.23997174 | AA5: 0.18610177 | AB5: 0.054792379 | AC5: 0.16028863 | AD5: 0.12021647
A6: CX6 CLÁSICA | B6: 0 | C6: 0 | D6: 0 | E6: 0 | F6: 0 | G6: 0 | H6: 0 | I6: 0 | J6: 0 | K6: 0 | L6: 0.20444865 | M6: 0.20444865 | N6: 0.20444865 | O6: 0.20444865 | P6: 0.20444865 | Q6: 0.20444865 | R6: 0.20444865 | S6: 0.20444865 | T6: 0.20444865 | U6: 0.20444865 | V6: 0.20444865 | W6: 0 | X6: 0 | Y6: 0 | Z6: 0.068149549 | AA6: 0.20444865 | AB6: 0.10222432 | AC6: 0.12494084 | AD6: 0.09370563
A7: CX8 SARANDI | B7: 0 | C7: 0 | D7: 0 | E7: 0 | F7: 0.26821039 | G7: 0.61733173 | H7: 2.2565132 | I7: 2.9425297 | J7: 3.0438994 | K7: 3.3213574 | L7: 3.2034496 | M7: 2.6492861 | N7: 1.3150518 | O7: 0.72204577 | P7: 0.52475898 | Q7: 0.52475898 | R7: 1.0016155 | S7: 0.81158314 | T7: 0.57498356 | U7: 0.39876269 | V7: 0.39574198 | W7: 0.88779471 | X7: 0.89490674 | Y7: 0.49582471 | Z7: 2.9028392 | AA7: 0.81663569 | AB7: 0.6080024 | AC7: 1.4424924 | AD7: 1.1187669
A8: CX10 CONTINENTE | B8: 0 | C8: 0 | D8: 0 | E8: 0 | F8: 0 | G8: 0 | H8: 0 | I8: 0 | J8: 0 | K8: 0 | L8: 0 | M8: 0 | N8: 0 | O8: 0 | P8: 0 | Q8: 0.13953242 | R8: 0.13953242 | S8: 0.13953242 | T8: 0.13953242 | U8: 0.13953242 | V8: 0.13953242 | W8: 0.13953242 | X8: 0.13953242 | Y8: 0.13953242 | Z8: 0 | AA8: 0.069766208 | AB8: 0.13953242 | AC8: 0.069766208 | AD8: 0.052324656
A9: CX12 ORIENTAL | B9: 0 | C9: 0 | D9: 0 | E9: 0 | F9: 0 | G9: 0 | H9: 0 | I9: 0.5107002 | J9: 0.63988601 | K9: 0.84890278 | L9: 1.1362789 | M9: 0.57893085 | N9: 0.60843565 | O9: 0.78465652 | P9: 0.64351301 | Q9: 0.46729214 | R9: 0.60843565 | S9: 0.23069256 | T9: 0.51495999 | U9: 0.37381648 | V9: 0.14312392 | W9: 0 | X9: 0 | Y9: 0.23790964 | Z9: 0.61911646 | AA9: 0.55717092 | AB9: 0.211635 | AC9: 0.46264079 | AD9: 0.3469806
A10: CX14 EL ESPECTADOR | B10: 0.16808181 | C10: 0 | D10: 0 | E10: 0 | F10: 0 | G10: 0.14312392 | H10: 0.3614303 | I10: 0.6303882 | J10: 0.62761016 | K10: 0.67180728 | L10: 1.1746367 | M10: 1.0468923 | N10: 0.43359206 | O10: 0.21528568 | P10: 0 | Q10: 0 | R10: 0.21528568 | S10: 0 | T10: 0.23659958 | U10: 0 | V10: 0 | W10: 0 | X10: 0.47195178 | Y10: 0.84448656 | Z10: 0.7521275 | AA10: 0.14402724 | AB10: 0.25883965 | AC10: 0.38499813 | AD10: 0.3017155
A11: CX16 CARVE | B11: 0 | C11: 0 | D11: 0 | E11: 0 | F11: 0 | G11: 0 | H11: 0 | I11: 0.31460835 | J11: 0.47634818 | K11: 0.60367999 | L11: 0.45068156 | M11: 0.28894172 | N11: 0 | O11: 0 | P11: 0.1804563 | Q11: 0.1804563 | R11: 0.1804563 | S11: 0.1804563 | T11: 0.60321133 | U11: 0.60321133 | V11: 0.60321133 | W11: 0.60321133 | X11: 0.18610177 | Y11: 0.18610177 | Z11: 0.35570997 | AA11: 0.1203042 | AB11: 0.46417481 | AC11: 0.31339633 | AD11: 0.23504725
A12: CX18 SPORT 890 | B12: 0 | C12: 0 | D12: 0 | E12: 0 | F12: 0 | G12: 0 | H12: 0.28894172 | I12: 0.44397263 | J12: 0.49519368 | K12: 0.79906365 | L12: 0.30386997 | M12: 0.78225063 | N12: 0.52960171 | O12: 0 | P12: 0.1804563 | Q12: 0.1804563 | R12: 0.1804563 | S12: 0.60321133 | T12: 0.1804563 | U12: 0.59216948 | V12: 0.59216948 | W12: 0.59216948 | X12: 0 | Y12: 0 | Z12: 0.51888205 | AA12: 0.27903032 | AB12: 0.32616079 | AC12: 0.37469105 | AD12: 0.28101829
A13: CX20 MONTECARLO | B13: 0.55408563 | C13: 0.79068521 | D13: 0.23659958 | E13: 0.23659958 | F13: 0 | G13: 0 | H13: 1.2985221 | I13: 3.1259496 | J13: 3.156674 | K13: 2.9458011 | L13: 2.4854368 | M13: 2.2284897 | N13: 2.0556944 | O13: 1.1653221 | P13: 1.6525525 | Q13: 1.8919707 | R13: 1.4949275 | S13: 1.4450885 | T13: 1.2144728 | U13: 0.12280802 | V13: 0.17442757 | W13: 0.36052934 | X13: 0 | Y13: 0 | Z13: 2.5401456 | AA13: 1.6175926 | AB13: 0.31203962 | AC13: 1.4899259 | AD13: 1.1931932
A14: CX22 UNIVERSAL | B14: 0 | C14: 0 | D14: 0 | E14: 0 | F14: 0 | G14: 0 | H14: 0 | I14: 0 | J14: 0 | K14: 0 | L14: 0 | M14: 0.16034614 | N14: 0.28735716 | O14: 0.12701101 | P14: 0 | Q14: 0 | R14: 0.21656003 | S14: 0.21656003 | T14: 0.22635879 | U14: 0.22635879 | V14: 0 | W14: 0 | X14: 0 | Y14: 0 | Z14: 0.026724357 | AA14: 0.14124804 | AB14: 0.075452931 | AC14: 0.081141776 | AD14: 0.060856332
A15: CX24 RADIO 1010 AM | B15: 0 | C15: 0 | D15: 0 | E15: 0 | F15: 0 | G15: 0 | H15: 0 | I15: 0 | J15: 0.23659958 | K15: 0.23659958 | L15: 0.23659958 | M15: 0.23659958 | N15: 0.23659958 | O15: 0 | P15: 0 | Q15: 0 | R15: 0 | S15: 0 | T15: 0 | U15: 0 | V15: 0 | W15: 0 | X15: 0 | Y15: 0 | Z15: 0.15773305 | AA15: 0.039433263 | AB15: 0 | AC15: 0.065722105 | AD15: 0.049291579
A16: CX26 RADIO URUGUAY | B16: 0 | C16: 0 | D16: 0 | E16: 0 | F16: 0 | G16: 0.17775254 | H16: 0.30118064 | I16: 0.647015 | J16: 0.77313243 | K16: 0.4369688 | L16: 0.13309883 | M16: 0 | N16: 0 | O16: 0.15299843 | P16: 0.77762008 | Q16: 0.77762008 | R16: 0.16971568 | S16: 0.16971568 | T16: 0 | U16: 0 | V16: 0 | W16: 0 | X16: 0 | Y16: 0 | Z16: 0.38189928 | AA16: 0.34127833 | AB16: 0 | AC16: 0.2410592 | AD16: 0.18820076
... A32: RATING GENERAL | B32: 1.5286417 | C32: 1.455218 | D32: 1.0227851 | E32: 0.98785176 | F32: 0.91350636 | G32: 2.4640613 | H32: 8.6216409 | I32: 16.339381 | J32: 22.690989 | K32: 26.186955 | L32: 27.548129 | M32: 24.854663 | N32: 21.038685 | O32: 15.749124 | P32: 15.790792 | Q32: 14.654745 | R32: 17.179219 | S32: 16.190577 | T32: 15.789244 | U32: 12.158728 | V32: 10.272096 | W32: 9.2694235 | X32: 5.8232428 | Y32: 5.0512924 | Z32: 21.040293 | AA32: 16.76719 | AB32: 9.7273377 | AC32: 15.84494 | AD32: 12.232541
A34: CUADRO 57: RESUMEN DE RATING POR HORA - SEGMENTO ABC1 | FM | SABADO A DOMINGO
A36: RADIOS | B36: HORAS | Z36: PROMEDIO
B37: 00:00 - 00:59 | C37: 01:00 - 01:59 | D37: 02:00 - 02:59 | E37: 03:00 - 03:59 | F37: 04:00 - 04:59 | G37: 05:00 - 05:59 | H37: 06:00 - 06:59 | I37: 07:00 - 07:59 | J37: 08:00 - 08:59 | K37: 09:00 - 09:59 | L37: 10:00 - 10:59 | M37: 11:00 - 11:59 | N37: 12:00 - 12:59 | O37: 13:00 - 13:59 | P37: 14:00 - 14:59 | Q37: 15:00 - 15:59 | R37: 16:00 - 16:59 | S37: 17:00 - 17:59 | T37: 18:00 - 18:59 | U37: 19:00 - 19:59 | V37: 20:00 - 20:59 | W37: 21:00 - 21:59 | X37: 22:00 - 22:59 | Y37: 23:00 - 23:59 | Z37: 06:00 - 11:59 | AA37: 12:00 - 17:59 | AB37: 18:00 - 23:59 | AC37: 06:00 - 23:59 | AD37: 00:00 - 24:00
A38: 88.3 LACOSTA | B38: 0 | C38: 0 | D38: 0 | E38: 0 | F38: 0 | G38: 0 | H38: 0 | I38: 0 | J38: 0.70378151 | K38: 0.70378151 | L38: 0 | M38: 0 | N38: 0 | O38: 0 | P38: 0.3303022 | Q38: 0.3303022 | R38: 0.3303022 | S38: 0.3303022 | T38: 0.3303022 | U38: 0.3303022 | V38: 0.3303022 | W38: 0.3303022 | X38: 0 | Y38: 0 | Z38: 0.23459384 | AA38: 0.22020147 | AB38: 0.22020147 | AC38: 0.22499892 | AD38: 0.16874919
A39: 90.3 OLDIES | B39: 0 | C39: 0 | D39: 0 | E39: 0 | F39: 0 | G39: 0 | H39: 0 | I39: 0 | J39: 0.28828446 | K39: 0.55049513 | L39: 1.366263 | M39: 1.8004403 | N39: 2.3667886 | O39: 2.0379832 | P39: 1.7460235 | Q39: 1.0635337 | R39: 0.84983425 | S39: 0.8723901 | T39: 0.71570554 | U39: 0.29658732 | V39: 0 | W39: 0.14264476 | X39: 0.426457 | Y39: 0.426457 | Z39: 0.66758048 | AA39: 1.4894256 | AB39: 0.33464194 | AC39: 0.83054933 | AD39: 0.622912
A40: 91.1 RADIOFUTURA | B40: 0 | C40: 0 | D40: 0 | E40: 0 | F40: 0 | G40: 0 | H40: 0 | I40: 0.12315809 | J40: 0.39735708 | K40: 0.274199 | L40: 0.274199 | M40: 0.41373141 | N40: 0.14835717 | O40: 0.14835717 | P40: 0.14835717 | Q40: 0 | R40: 0.17568706 | S40: 0.41300576 | T40: 0.58869283 | U40: 0.46598156 | V40: 0 | W40: 0 | X40: 0 | Y40: 0 | Z40: 0.24710743 | AA40: 0.17229405 | AB40: 0.17577906 | AC40: 0.19839352 | AD40: 0.14879514
A41: 91.9 DISNEY | B41: 0 | C41: 0 | D41: 0 | E41: 0 | F41: 0 | G41: 0 | H41: 0 | I41: 0.39345029 | J41: 0.95509862 | K41: 1.5481772 | L41: 1.8332113 | M41: 1.6634956 | N41: 1.7183868 | O41: 1.6429394 | P41: 1.0488755 | Q41: 0.89325727 | R41: 0.89325727 | S41: 0.9719903 | T41: 1.3543663 | U41: 1.3719692 | V41: 0.80173513 | W41: 0.33060426 | X41: 0.16034614 | Y41: 0 | Z41: 1.0655722 | AA41: 1.1947844 | AB41: 0.66983683 | AC41: 0.97673113 | AD41: 0.73254835
A42: 92.5 CONCIERTO URBANA | B42: 0 | C42: 0 | D42: 0 | E42: 0 | F42: 0 | G42: 0 | H42: 0.32019542 | I42: 0.69661951 | J42: 1.0835487 | K42: 0.76335326 | L42: 0.23057821 | M42: 0.38309945 | N42: 0.33983986 | O42: 0.49353488 | P42: 0.23057821 | Q42: 0.1399273 | R42: 0.45900295 | S42: 0.45900295 | T42: 0.15252124 | U42: 0.15252124 | V42: 0.82658969 | W42: 0.63927107 | X42: 0 | Y42: 0 | Z42: 0.57956575 | AA42: 0.35364769 | AB42: 0.29515054 | AC42: 0.40945466 | AD42: 0.307091
A43: 93.1 INOLVIDABLE | B43: 0.13152607 | C43: 0 | D43: 0 | E43: 0 | F43: 0 | G43: 0 | H43: 0.30087841 | I43: 0.31596435 | J43: 0.61886646 | K43: 0.61886646 | L43: 0.94436175 | M43: 0.78778879 | N43: 0.64159409 | O43: 1.3312989 | P43: 1.0597217 | Q43: 1.0555649 | R43: 1.2252234 | S43: 1.0924655 | T43: 1.4383569 | U43: 1.6071036 | V43: 1.1953297 | W43: 0.54617938 | X43: 0.32549528 | Y43: 0.3004484 | Z43: 0.5977877 | AA43: 1.0676448 | AB43: 0.90215222 | AC43: 0.85586156 | AD43: 0.64737642
A44: 93.9 OCEANO | B44: 0 | C44: 0 | D44: 0 | E44: 0 | F44: 0 | G44: 0 | H44: 0 | I44: 0 | J44: 0 | K44: 0 | L44: 0.94352854 | M44: 0.72305073 | N44: 0.71575219 | O44: 0.54305388 | P44: 0.60608829 | Q44: 0.5422705 | R44: 0.60608829 | S44: 0.38561048 | T44: 0 | U44: 0 | V44: 0.32019542 | W44: 0.53389481 | X44: 0.2136994 | Y44: 0.2136994 | Z44: 0.27776321 | AA44: 0.56647727 | AB44: 0.2135815 | AC44: 0.35260733 | AD44: 0.2644555
A45: 94.7 E. DEL SUR | B45: 0 | C45: 0 | D45: 0 | E45: 0 | F45: 0 | G45: 0 | H45: 0 | I45: 0 | J45: 0 | K45: 0.46948289 | L45: 0.30056056 | M45: 0.17775254 | N45: 0 | O45: 0 | P45: 0 | Q45: 0.16437714 | R45: 0 | S45: 0 | T45: 0.19864041 | U45: 0.17622087 | V45: 0 | W45: 0 | X45: 0 | Y45: 0 | Z45: 0.157966 | AA45: 0.02739619 | AB45: 0.062476881 | AC45: 0.082613023 | AD45: 0.061959767
A46: 95.5 DEL PLATA | B46: 0.18731862 | C46: 0.18731862 | D46: 0 | E46: 0 | F46: 0 | G46: 0 | H46: 0 | I46: 0 | J46: 0 | K46: 0.28303415 | L46: 0.62692572 | M46: 0.48578221 | N46: 0.90251297 | O46: 0.3781651 | P46: 0.47529497 | Q46: 0.26839848 | R46: 0.81328587 | S46: 0.80642356 | T46: 0.48482375 | U46: 0.27641353 | V46: 0.45686983 | W46: 0.46373215 | X46: 0.5951235 | Y46: 0.64697916 | Z46: 0.23262368 | AA46: 0.60734683 | AB46: 0.48732365 | AC46: 0.44243139 | AD46: 0.34743342
A47: 96.3 ALFA | B47: 0 | C47: 0 | D47: 0 | E47: 0 | F47: 0 | G47: 0 | H47: 0 | I47: 0 | J47: 0.37807241 | K47: 0.16808181 | L47: 0.61862884 | M47: 0.16808181 | N47: 0.38855962 | O47: 0.76292736 | P47: 0.37436774 | Q47: 0.2099906 | R47: 0.2099906 | S47: 0 | T47: 0 | U47: 0.31748605 | V47: 0.31748605 | W47: 0.31748605 | X47: 0.31748605 | Y47: 0 | Z47: 0.22214415 | AA47: 0.32430599 | AB47: 0.21165737 | AC47: 0.2527025 | AD47: 0.18952687
A48: 97.1 BABEL | B48: 0 | C48: 0 | D48: 0 | E48: 0 | F48: 0 | G48: 0.30087841 | H48: 0.30087841 | I48: 0.30087841 | J48: 0.15252124 | K48: 0.64430603 | L48: 0.73310464 | M48: 0.29239382 | N48: 0.23659958 | O48: 0.16808181 | P48: 0.22047781 | Q48: 0.36239942 | R48: 0.45707739 | S48: 0.22047781 | T48: 0.2711253 | U48: 0.41304691 | V48: 0.87763369 | W48: 0.92181385 | X48: 0.64898354 | Y48: 0.18610177 | Z48: 0.40401376 | AA48: 0.27751897 | AB48: 0.55311751 | AC48: 0.41155008 | AD48: 0.32119916
A49: 97.9 M24 | B49: 0 | C49: 0 | D49: 0 | E49: 0 | F49: 0 | G49: 0 | H49: 0 | I49: 0 | J49: 0.34602297 | K49: 0.36293637 | L49: 0.36293637 | M49: 0.36293637 | N49: 0.17952059 | O49: 0.34400641 | P49: 0.34400641 | Q49: 0.34400641 | R49: 0 | S49: 0 | T49: 0 | U49: 0 | V49: 0 | W49: 0 | X49: 0 | Y49: 0 | Z49: 0.23913868 | AA49: 0.2019233 | AB49: 0 | AC49: 0.14702066 | AD49: 0.1102655
... A65: RATING GENERAL | B65: 1.5286417 | C65: 1.455218 | D65: 1.0227851 | E65: 0.98785176 | F65: 0.91350636 | G65: 2.4640613 | H65: 8.6216409 | I65: 16.339381 | J65: 22.690989 | K65: 26.186955 | L65: 27.548129 | M65: 24.854663 | N65: 21.038685 | O65: 15.749124 | P65: 15.790792 | Q65: 14.654745 | R65: 17.179219 | S65: 16.190577 | T65: 15.789244 | U65: 12.158728 | V65: 10.272096 | W65: 9.2694235 | X65: 5.8232428 | Y65: 5.0512924 | Z65: 21.040293 | AA65: 16.76719 | AB65: 9.7273377 | AC65: 15.84494 | AD65: 12.232541

Sheet RatC2C3D1LV
A1: CUADRO 58: RESUMEN DE RATING POR HORA - SEGMENTO C2C3D1 | AM | LUNES A VIERNES
A3: RADIOS | B3: HORAS | Z3: PROMEDIO
B4: 00:00 - 00:59 | C4: 01:00 - 01:59 | D4: 02:00 - 02:59 | E4: 03:00 - 03:59 | F4: 04:00 - 04:59 | G4: 05:00 - 05:59 | H4: 06:00 - 06:59 | I4: 07:00 - 07:59 | J4: 08:00 - 08:59 | K4: 09:00 - 09:59 | L4: 10:00 - 10:59 | M4: 11:00 - 11:59 | N4: 12:00 - 12:59 | O4: 13:00 - 13:59 | P4: 14:00 - 14:59 | Q4: 15:00 - 15:59 | R4: 16:00 - 16:59 | S4: 17:00 - 17:59 | T4: 18:00 - 18:59 | U4: 19:00 - 19:59 | V4: 20:00 - 20:59 | W4: 21:00 - 21:59 | X4: 22:00 - 22:59 | Y4: 23:00 - 23:59 | Z4: 06:00 - 11:59 | AA4: 12:00 - 17:59 | AB4: 18:00 - 23:59 | AC4: 06:00 - 23:59 | AD4: 00:00 - 24:00
A5: CX4 RURAL | B5: 0.16262303 | C5: 0.13572788 | D5: 0.083087143 | E5: 0 | F5: 0 | G5: 0 | H5: 0.10141678 | I5: 0.11919221 | J5: 0.03651387 | K5: 0.03651387 | L5: 0.021518863 | M5: 0.062113318 | N5: 0.041930351 | O5: 0.12708875 | P5: 0.24683845 | Q5: 0.17639751 | R5: 0.20996205 | S5: 0.05093453 | T5: 0.037658353 | U5: 0.076487309 | V5: 0.034989007 | W5: 0.090318932 | X5: 0.070876779 | Y5: 0.174945 | Z5: 0.062878152 | AA5: 0.14219194 | AB5: 0.08087923 | AC5: 0.095316441 | AD5: 0.087380583
A6: CX6 CLÁSICA | B6: 0 | C6: 0 | D6: 0 | E6: 0 | F6: 0 | G6: 0 | H6: 0 | I6: 0.035683471 | J6: 0.11250037 | K6: 0.096912979 | L6: 0.020096081 | M6: 0 | N6: 0 | O6: 0.12206675 | P6: 0.12206675 | Q6: 0.045249852 | R6: 0 | S6: 0 | T6: 0 | U6: 0 | V6: 0.014559123 | W6: 0 | X6: 0 | Y6: 0 | Z6: 0.044198817 | AA6: 0.048230559 | AB6: 0.0024265204 | AC6: 0.031618632 | AD6: 0.023713974
A7: CX8 SARANDI | B7: 0.025409455 | C7: 0 | D7: 0 | E7: 0 | F7: 0 | G7: 0.14968859 | H7: 0.82276689 | I7: 1.3902873 | J7: 2.0224693 | K7: 1.9912057 | L7: 1.797263 | M7: 1.5625825 | N7: 0.97277036 | O7: 0.79503374 | P7: 0.61792828 | Q7: 0.44380815 | R7: 0.49759697 | S7: 0.37322537 | T7: 0.19454416 | U7: 0.10660258 | V7: 0.13911367 | W7: 0.073204757 | X7: 0.084387857 | Y7: 0.044685661 | Z7: 1.5977624 | AA7: 0.61672714 | AB7: 0.10708978 | AC7: 0.77385979 | AD7: 0.58769059
A8: CX10 CONTINENTE | B8: 0 | C8: 0 | D8: 0 | E8: 0 | F8: 0 | G8: 0 | H8: 0.020660823 | I8: 0.093562012 | J8: 0.18732264 | K8: 0.14529187 | L8: 0.16711709 | M8: 0.14744009 | N8: 0.16719229 | O8: 0.095325238 | P8: 0.20037238 | Q8: 0.049932156 | R8: 0.14046482 | S8: 0.020182967 | T8: 0.020182967 | U8: 0.055207688 | V8: 0.17683822 | W8: 0.19715251 | X8: 0.19789931 | Y8: 0.16830439 | Z8: 0.12689909 | AA8: 0.11224498 | AB8: 0.13593085 | AC8: 0.12502497 | AD8: 0.093768728
A9: CX12 ORIENTAL | B9: 0 | C9: 0 | D9: 0 | E9: 0 | F9: 0.016910441 | G9: 0.016910441 | H9: 0.14088369 | I9: 0.32489958 | J9: 0.49118708 | K9: 0.30907644 | L9: 0.3163598 | M9: 0.20704345 | N9: 0.23439294 | O9: 0.22720112 | P9: 0.2642863 | Q9: 0.18387739 | R9: 0.18387739 | S9: 0.21383822 | T9: 0.019045707 | U9: 0.18404933 | V9: 0.14725807 | W9: 0.21836571 | X9: 0.10362013 | Y9: 0.055790529 | Z9: 0.29824167 | AA9: 0.21791223 | AB9: 0.12135491 | AC9: 0.21250294 | AD9: 0.16078641
A10: CX14 EL ESPECTADOR | B10: 0.11174529 | C10: 0.018125165 | D10: 0.041498303 | E10: 0 | F10: 0 | G10: 0.13563024 | H10: 0.23959076 | I10: 0.24590433 | J10: 0.30617967 | K10: 0.34026469 | L10: 0.17470699 | M10: 0.38136874 | N10: 0.11872361 | O10: 0.36786162 | P10: 0.23832437 | Q10: 0.30640669 | R10: 0.23097581 | S10: 0.020572401 | T10: 0.019962718 | U10: 0.13699553 | V10: 0.022034466 | W10: 0.043328124 | X10: 0.043328124 | Y10: 0.040624374 | Z10: 0.28133586 | AA10: 0.21381075 | AB10: 0.051045555 | AC10: 0.18206406 | AD10: 0.14933967
A11: CX16 CARVE | B11: 0.08578702 | C11: 0.037764023 | D11: 0 | E11: 0 | F11: 0 | G11: 0.070824303 | H11: 0.15104237 | I11: 0.11828591 | J11: 0.10029669 | K11: 0.11472881 | L11: 0.11987502 | M11: 0.080880631 | N11: 0.17982058 | O11: 0.26080451 | P11: 0.37199956 | Q11: 0.32333312 | R11: 0.38253527 | S11: 0.26469068 | T11: 0.10478558 | U11: 0.1059003 | V11: 0.063634517 | W11: 0.044896075 | X11: 0.12741921 | Y11: 0.10851259 | Z11: 0.11418491 | AA11: 0.29719728 | AB11: 0.092524713 | AC11: 0.16796897 | AD11: 0.1340757
A12: CX18 SPORT 890 | B12: 0.096449499 | C12: 0.096449499 | D12: 0.045341947 | E12: 0.088921405 | F12: 0.082008343 | G12: 0.28344514 | H12: 0.35822306 | I12: 0.76298022 | J12: 0.98679567 | K12: 1.111847 | L12: 0.75475032 | M12: 0.91854506 | N12: 0.87433037 | O12: 0.65920226 | P12: 0.70924443 | Q12: 0.70187157 | R12: 0.69840994 | S12: 0.69961258 | T12: 0.37780881 | U12: 0.1878043 | V12: 0.1072617 | W12: 0.038840504 | X12: 0.051577548 | Y12: 0.069363573 | Z12: 0.81552355 | AA12: 0.72377852 | AB12: 0.13877607 | AC12: 0.55935938 | AD12: 0.44837853
A13: CX20 MONTECARLO | B13: 0.14859322 | C13: 0.31952439 | D13: 0.26544792 | E13: 0.20329674 | F13: 0.18459068 | G13: 0.77885775 | H13: 1.7538491 | I13: 3.2678557 | J13: 3.7232242 | K13: 4.1087784 | L13: 3.7093398 | M13: 4.1047822 | N13: 2.8801366 | O13: 1.7072195 | P13: 1.325863 | Q13: 0.96131204 | R13: 0.82692996 | S13: 0.7752372 | T13: 0.73798058 | U13: 0.68240223 | V13: 0.40898484 | W13: 0.32550699 | X13: 0.30606507 | Y13: 0.21384323 | Z13: 3.4446382 | AA13: 1.412783 | AB13: 0.44579716 | AC13: 1.7677395 | AD13: 1.4049842
A14: CX22 UNIVERSAL | B14: 0.094422539 | C14: 0.094422539 | D14: 0.076492769 | E14: 0.11274333 | F14: 0.096266897 | G14: 0.074382832 | H14: 0.075441088 | I14: 0.11762905 | J14: 0.11829214 | K14: 0.15810124 | L14: 0.18649787 | M14: 0.27263483 | N14: 0.31522426 | O14: 0.18160592 | P14: 0.057653077 | Q14: 0.055091931 | R14: 0.11857493 | S14: 0.12493839 | T14: 0.015587389 | U14: 0.12354852 | V14: 0.20086952 | W14: 0.18548366 | X14: 0.12546602 | Y14: 0.033680306 | Z14: 0.15476604 | AA14: 0.14218142 | AB14: 0.1141059 | AC14: 0.13701779 | AD14: 0.12562713
A15: CX24 RADIO 1010 AM | B15: 0.055448052 | C15: 0 | D15: 0 | E15: 0 | F15: 0 | G15: 0 | H15: 0.059832935 | I15: 0.13295717 | J15: 0.073124232 | K15: 0.11028995 | L15: 0.037165715 | M15: 0.1138293 | N15: 0.056365489 | O15: 0.078362171 | P15: 0.11801882 | Q15: 0.18187209 | R15: 0.25080958 | S15: 0.10882742 | T15: 0.10280621 | U15: 0.085476276 | V15: 0.015442382 | W15: 0 | X15: 0 | Y15: 0.018498078 | Z15: 0.08786655 | AA15: 0.13237593 | AB15: 0.037037158 | AC15: 0.085759878 | AD15: 0.066630244
A16: CX26 RADIO URUGUAY | B16: 0.040298251 | C16: 0.059519982 | D16: 0.078183448 | E16: 0.059519982 | F16: 0.081421453 | G16: 0.04244335 | H16: 0.061665081 | I16: 0 | J16: 0.11435397 | K16: 0.13153765 | L16: 0.25256481 | M16: 0.27485387 | N16: 0.24126861 | O16: 0.090263572 | P16: 0.12079782 | Q16: 0.083181682 | R16: 0.071974081 | S16: 0.037083605 | T16: 0.057524025 | U16: 0.03831191 | V16: 0.15264339 | W16: 0.15264339 | X16: 0.047024586 | Y16: 0.016817781 | Z16: 0.13916256 | AA16: 0.10742823 | AB16: 0.07749418 | AC16: 0.10802832 | AD16: 0.096079012
... A31: SUB TOTAL AM | B31: 1.0764197 | C31: 0.99577898 | D31: 0.79046813 | E31: 0.76954045 | F31: 0.90587219 | G31: 2.2183429 | H31: 4.723335 | I31: 7.900959 | J31: 9.9280419 | K31: 10.31994 | L31: 9.0636646 | M31: 9.6670822 | N31: 6.7220321 | O31: 5.3777984 | P31: 5.139759 | Q31: 4.3195367 | R31: 4.5485627 | S31: 3.4644459 | T31: 2.3895073 | U31: 2.4059297 | V31: 2.0778951 | W31: 1.8223303 | X31: 1.4771159 | Y31: 1.1827051 | Z31: 8.6005037 | AA31: 4.9286891 | AB31: 1.8925805 | AC31: 5.1405911 | AD31: 4.1369609
A32: RATING GENERAL
A34: CUADRO 59: RESUMEN DE RATING POR HORA - SEGMENTO C2C3D1 | FM | LUNES A VIERNES
A36: RADIOS | B36: HORAS | Z36: PROMEDIO
B37: 00:00 - 00:59 | C37: 01:00 - 01:59 | D37: 02:00 - 02:59 | E37: 03:00 - 03:59 | F37: 04:00 - 04:59 | G37: 05:00 - 05:59 | H37: 06:00 - 06:59 | I37: 07:00 - 07:59 | J37: 08:00 - 08:59 | K37: 09:00 - 09:59 | L37: 10:00 - 10:59 | M37: 11:00 - 11:59 | N37: 12:00 - 12:59 | O37: 13:00 - 13:59 | P37: 14:00 - 14:59 | Q37: 15:00 - 15:59 | R37: 16:00 - 16:59 | S37: 17:00 - 17:59 | T37: 18:00 - 18:59 | U37: 19:00 - 19:59 | V37: 20:00 - 20:59 | W37: 21:00 - 21:59 | X37: 22:00 - 22:59 | Y37: 23:00 - 23:59 | Z37: 06:00 - 11:59 | AA37: 12:00 - 17:59 | AB37: 18:00 - 23:59 | AC37: 06:00 - 23:59 | AD37: 00:00 - 24:00
A38: 88.3 LACOSTA | B38: 0 | C38: 0 | D38: 0 | E38: 0 | F38: 0 | G38: 0.09079179 | H38: 0.03137947 | I38: 0.018479333 | J38: 0.091003905 | K38: 0.092157737 | L38: 0.17245001 | M38: 0.037868738 | N38: 0.2702198 | O38: 0.44985806 | P38: 0.2918149 | Q38: 0.20131415 | R38: 0.2045542 | S38: 0.33122663 | T38: 0.13211042 | U38: 0.41171011 | V38: 0.32984269 | W38: 0.32984269 | X38: 0.32984269 | Y38: 0.09079179 | Z38: 0.073889865 | AA38: 0.29149796 | AB38: 0.27069007 | AC38: 0.21202596 | AD38: 0.16280246
A39: 90.3 OLDIES | B39: 0.084377289 | C39: 0.084377289 | D39: 0.11651465 | E39: 0.11651465 | F39: 0.032137366 | G39: 0.052951665 | H39: 0.19410452 | I39: 0.62426162 | J39: 0.92767499 | K39: 0.87213881 | L39: 0.94801733 | M39: 0.68451607 | N39: 0.60374812 | O39: 0.69577924 | P39: 0.7442721 | Q39: 0.5731172 | R39: 0.47553138 | S39: 0.38192639 | T39: 0.48864304 | U39: 0.17225161 | V39: 0.15313119 | W39: 0.18756582 | X39: 0.23708013 | Y39: 0.31148639 | Z39: 0.70845222 | AA39: 0.57906241 | AB39: 0.2583597 | AC39: 0.51529144 | AD39: 0.40675495
A40: 91.1 RADIOFUTURA | B40: 0.029672081 | C40: 0.029672081 | D40: 0.029672081 | E40: 0.029672081 | F40: 0.029672081 | G40: 0.017321346 | H40: 0.080825991 | I40: 0.17020867 | J40: 0.49076974 | K40: 0.9413161 | L40: 1.0787414 | M40: 1.336803 | N40: 1.1053862 | O40: 1.1233106 | P40: 0.79384009 | Q40: 0.83334836 | R40: 0.92228342 | S40: 0.93908244 | T40: 0.96987157 | U40: 0.79597122 | V40: 0.55188872 | W40: 0.3798782 | X40: 0.32488265 | Y40: 0.23835334 | Z40: 0.68311081 | AA40: 0.95287518 | AB40: 0.54347428 | AC40: 0.72648676 | AD40: 0.55176848
A41: 91.9 DISNEY | B41: 0.05721568 | C41: 0.079509419 | D41: 0.041225125 | E41: 0.021665498 | F41: 0.041628216 | G41: 0.27261696 | H41: 0.775217 | I41: 1.4760633 | J41: 1.8294966 | K41: 2.5263728 | L41: 2.5077431 | M41: 2.9795405 | N41: 2.6467103 | O41: 2.4851524 | P41: 2.3265949 | Q41: 2.2647664 | R41: 2.2679379 | S41: 2.0676259 | T41: 1.5011732 | U41: 1.2115949 | V41: 0.78115118 | W41: 0.40335637 | X41: 0.39952841 | Y41: 0.26601244 | Z41: 2.0157389 | AA41: 2.3431313 | AB41: 0.76046942 | AC41: 1.7064465 | AD41: 1.3012458
A42: 92.5 CONCIERTO URBANA | B42: 0 | C42: 0 | D42: 0 | E42: 0 | F42: 0 | G42: 0 | H42: 0 | I42: 0.019237255 | J42: 0 | K42: 0.12382429 | L42: 0.12382429 | M42: 0.12382429 | N42: 0.083795889 | O42: 0.083795889 | P42: 0.083795889 | Q42: 0.083795889 | R42: 0.083795889 | S42: 0.16964234 | T42: 0.17758966 | U42: 0.083795889 | V42: 0.050912282 | W42: 0.020096081 | X42: 0 | Y42: 0.018248881 | Z42: 0.065118354 | AA42: 0.09810363 | AB42: 0.058440466 | AC42: 0.073887483 | AD42: 0.055415613
A43: 93.1 INOLVIDABLE | B43: 0.037126666 | C43: 0.037126666 | D43: 0.058019828 | E43: 0.05725878 | F43: 0.037126666 | G43: 0.037126666 | H43: 0.26667845 | I43: 0.61522823 | J43: 1.1773112 | K43: 1.1327509 | L43: 1.4308717 | M43: 1.3734418 | N43: 1.6060323 | O43: 1.6470223 | P43: 1.7432382 | Q43: 1.0171591 | R43: 1.207005 | S43: 0.80491144 | T43: 0.96272923 | U43: 1.2961717 | V43: 1.0969376 | W43: 1.0295969 | X43: 0.41802682 | Y43: 0.040556197 | Z43: 0.99938036 | AA43: 1.3375614 | AB43: 0.8073364 | AC43: 1.0480927 | AD43: 0.79706059
A44: 93.9 OCEANO | B44: 0.016610646 | C44: 0.016610646 | D44: 0 | E44: 0 | F44: 0 | G44: 0.039883754 | H44: 0.15462447 | I44: 0.62146301 | J44: 0.83109247 | K44: 0.74777127 | L44: 0.76850289 | M44: 1.0544498 | N44: 1.5221371 | O44: 1.505045 | P44: 1.3065975 | Q44: 0.94271928 | R44: 0.85619638 | S44: 0.7436627 | T44: 0.34791161 | U44: 0.27464592 | V44: 0.15567406 | W44: 0.13268698 | X44: 0.016610646 | Y44: 0.016610646 | Z44: 0.69631732 | AA44: 1.1460597 | AB44: 0.15735664 | AC44: 0.66657787 | AD44: 0.50297945
A45: 94.7 E. DEL SUR | B45: 0 | C45: 0 | D45: 0.020893163 | E45: 0 | F45: 0 | G45: 0.020967516 | H45: 0.040696036 | I45: 0.080421804 | J45: 0.056168192 | K45: 0.12248823 | L45: 0.087287552 | M45: 0.22097858 | N45: 0.038897286 | O45: 0.073152856 | P45: 0.09701412 | Q45: 0.13226178 | R45: 0.04482878 | S45: 0.1307791 | T45: 0.069242876 | U45: 0.044034814 | V45: 0.048551474 | W45: 0.038024814 | X45: 0.04548034 | Y45: 0.0990102 | Z45: 0.10134007 | AA45: 0.086155653 | AB45: 0.057390753 | AC45: 0.081628824 | AD45: 0.062965813
A46: 95.5 DEL PLATA | B46: 0.097384751 | C46: 0.077220645 | D46: 0.077220645 | E46: 0.077220645 | F46: 0.023203285 | G46: 0 | H46: 0.021499873 | I46: 0.093887276 | J46: 0.40054218 | K46: 0.78511032 | L46: 0.63921984 | M46: 0.8334439 | N46: 0.8079828 | O46: 0.84240768 | P46: 0.80845921 | Q46: 0.90076913 | R46: 0.95359758 | S46: 1.1568834 | T46: 0.733986 | U46: 0.3375925 | V46: 0.38627773 | W46: 0.28899724 | X46: 0.26102028 | Y46: 0.26193409 | Z46: 0.4622839 | AA46: 0.9116833 | AB46: 0.37830131 | AC46: 0.5840895 | AD46: 0.45274421
A47: 96.3 ALFA | B47: 0 | C47: 0 | D47: 0 | E47: 0 | F47: 0 | G47: 0 | H47: 0 | I47: 0 | J47: 0.017920574 | K47: 0.093323542 | L47: 0.093323542 | M47: 0.093323542 | N47: 0.16215891 | O47: 0.26491513 | P47: 0.24553702 | Q47: 0.16932755 | R47: 0.12632465 | S47: 0.10560699 | T47: 0.057846462 | U47: 0.061698845 | V47: 0.084176144 | W47: 0.10079655 | X47: 0.026253816 | Y47: 0.018985049 | Z47: 0.049648533 | AA47: 0.17897838 | AB47: 0.058292812 | AC47: 0.095639907 | AD47: 0.07172993
A48: 97.1 BABEL | B48: 0 | C48: 0 | D48: 0 | E48: 0.020132115 | F48: 0.082157655 | G48: 0.082157655 | H48: 0.22610199 | I48: 0.27791374 | J48: 0.32013569 | K48: 0.35296259 | L48: 0.25649015 | M48: 0.29965194 | N48: 0.26024925 | O48: 0.30692628 | P48: 0.27190465 | Q48: 0.24212668 | R48: 0.22036945 | S48: 0.30539767 | T48: 0.30686995 | U48: 0.3789462 | V48: 0.27928573 | W48: 0.20842242 | X48: 0.12470495 | Y48: 0.06879283 | Z48: 0.28887602 | AA48: 0.267829 | AB48: 0.22783701 | AC48: 0.26151401 | AD48: 0.20382082
A49: 97.9 M24 | B49: 0.023153155 | C49: 0 | D49: 0 | E49: 0 | F49: 0.015098298 | G49: 0.27806527 | H49: 0.24653013 | I49: 0.25287629 | J49: 0.3339013 | K49: 0.29820799 | L49: 0.27992998 | M49: 0.26392431 | N49: 0.14263417 | O49: 0.093404042 | P49: 0.12519829 | Q49: 0.23845938 | R49: 0.23539024 | S49: 0.14392123 | T49: 0.12396359 | U49: 0.14626394 | V49: 0.075495604 | W49: 0.1891222 | X49: 0.119767 | Y49: 0.119767 | Z49: 0.27922833 | AA49: 0.16316789 | AB49: 0.12906322 | AC49: 0.19048648 | AD49: 0.15604473
... A65: RATING GENERAL | B65: 0 | C65: 1.8860725 | D65: 1.5766997 | E65: 1.5523756 | F65: 1.7484492 | G65: 4.4356658 | H65: 11.062256 | I65: 22.320962 | J65: 31.091004 | K65: 34.978714 | L65: 34.374748 | M65: 34.957603 | N65: 29.727443 | O65: 27.648962 | P65: 28.141108 | Q65: 26.23746 | R65: 25.965716 | S65: 23.858558 | T65: 19.827898 | U65: 14.49594 | V65: 10.682261 | W65: 9.2047268 | X65: 6.8556175 | Y65: 4.6592794 | Z65: 28.130881 | AA65: 26.929874 | AB65: 10.954287 | AC65: 22.005014 | AD65: 16.970397

Sheet RatC2C3D1SD
A1: CUADRO 60: RESUMEN DE RATING POR HORA - SEGMENTO C2C3D1 | AM | SABADO A DOMINGO
A3: RADIOS | B3: HORAS | Z3: PROMEDIO
B4: 00:00 - 00:59 | C4: 01:00 - 01:59 | D4: 02:00 - 02:59 | E4: 03:00 - 03:59 | F4: 04:00 - 04:59 | G4: 05:00 - 05:59 | H4: 06:00 - 06:59 | I4: 07:00 - 07:59 | J4: 08:00 - 08:59 | K4: 09:00 - 09:59 | L4: 10:00 - 10:59 | M4: 11:00 - 11:59 | N4: 12:00 - 12:59 | O4: 13:00 - 13:59 | P4: 14:00 - 14:59 | Q4: 15:00 - 15:59 | R4: 16:00 - 16:59 | S4: 17:00 - 17:59 | T4: 18:00 - 18:59 | U4: 19:00 - 19:59 | V4: 20:00 - 20:59 | W4: 21:00 - 21:59 | X4: 22:00 - 22:59 | Y4: 23:00 - 23:59 | Z4: 06:00 - 11:59 | AA4: 12:00 - 17:59 | AB4: 18:00 - 23:59 | AC4: 06:00 - 23:59 | AD4: 00:00 - 24:00
A5: CX4 RURAL | B5: 0.16530053 | C5: 0.16530053 | D5: 0.064995819 | E5: 0 | F5: 0 | G5: 0 | H5: 0.099097408 | I5: 0.14520167 | J5: 0.099097408 | K5: 0.088815801 | L5: 0.14607239 | M5: 0.14607239 | N5: 0 | O5: 0.045760943 | P5: 0.18019187 | Q5: 0.045194407 | R5: 0.13443093 | S5: 0.045194407 | T5: 0 | U5: 0.042790041 | V5: 0.042790041 | W5: 0.095467823 | X5: 0.042790041 | Y5: 0.16046364 | Z5: 0.12072618 | AA5: 0.07512876 | AB5: 0.064050265 | AC5: 0.086635067 | AD5: 0.081459503
A6: CX6 CLÁSICA | B6: 0 | C6: 0 | D6: 0 | E6: 0 | F6: 0 | G6: 0 | H6: 0 | I6: 0 | J6: 0.099761624 | K6: 0.14788041 | L6: 0.048118787 | M6: 0 | N6: 0 | O6: 0.099761624 | P6: 0.099761624 | Q6: 0 | R6: 0.048118787 | S6: 0 | T6: 0 | U6: 0.05333109 | V6: 0 | W6: 0 | X6: 0 | Y6: 0.05333109 | Z6: 0.04929347 | AA6: 0.041273672 | AB6: 0.01777703 | AC6: 0.036114724 | AD6: 0.027086043
A7: CX8 SARANDI | B7: 0.11193911 | C7: 0.10658907 | D7: 0.060828126 | E7: 0.060828126 | F7: 0.10658907 | G7: 0.14005211 | H7: 0.42582186 | I7: 0.83582077 | J7: 1.20009 | K7: 1.2360165 | L7: 0.83941586 | M7: 0.78576198 | N7: 0.41927232 | O7: 0.40543822 | P7: 0.19442495 | Q7: 0.14796872 | R7: 0.14796872 | S7: 0.15735734 | T7: 0.062674786 | U7: 0.040487556 | V7: 0.038736426 | W7: 0.051818187 | X7: 0 | Y7: 0 | Z7: 0.8871545 | AA7: 0.24540505 | AB7: 0.032286159 | AC7: 0.3882819 | AD7: 0.31566249
A8: CX10 CONTINENTE | B8: 0 | C8: 0 | D8: 0 | E8: 0 | F8: 0.066730263 | G8: 0.066730263 | H8: 0.046104258 | I8: 0.046104258 | J8: 0.086960727 | K8: 0.11110008 | L8: 0.046104258 | M8: 0.04085647 | N8: 0 | O8: 0 | P8: 0.077099197 | Q8: 0 | R8: 0.077099197 | S8: 0 | T8: 0.04085647 | U8: 0.046104258 | V8: 0.17864513 | W8: 0.18011241 | X8: 0.18011241 | Y8: 0.13778866 | Z8: 0.062871675 | AA8: 0.025699732 | AB8: 0.12726989 | AC8: 0.071947098 | AD8: 0.059521179
A9: CX12 ORIENTAL | B9: 0.065918337 | C9: 0 | D9: 0 | E9: 0 | F9: 0 | G9: 0.042642187 | H9: 0 | I9: 0.11465556 | J9: 0.21882375 | K9: 0.11465556 | L9: 0.16647374 | M9: 0.16700557 | N9: 0 | O9: 0.11963111 | P9: 0.27464577 | Q9: 0.20521577 | R9: 0.20521577 | S9: 0.24905972 | T9: 0.11732122 | U9: 0.18192913 | V9: 0.050649454 | W9: 0.13549872 | X9: 0 | Y9: 0.065918337 | Z9: 0.13026903 | AA9: 0.17562802 | AB9: 0.091886144 | AC9: 0.1325944 | AD9: 0.10396915
A10: CX14 EL ESPECTADOR | B10: 0.19933497 | C10: 0.10373219 | D10: 0.05333109 | E10: 0 | F10: 0 | G10: 0.051607814 | H10: 0.05323534 | I10: 0.17199602 | J10: 0.22052281 | K10: 0.25200436 | L10: 0.048526798 | M10: 0.14895291 | N10: 0.05323534 | O10: 0.28910006 | P10: 0.14014715 | Q10: 0.25806383 | R10: 0.11762974 | S10: 0.075305997 | T10: 0.075305997 | U10: 0.29597043 | V10: 0.24329264 | W10: 0.24329264 | X10: 0.22539805 | Y10: 0.1107425 | Z10: 0.14920637 | AA10: 0.15558035 | AB10: 0.19900038 | AC10: 0.16792903 | AD10: 0.14294703
A11: CX16 CARVE | B11: 0.054585036 | C11: 0.10048093 | D11: 0.15229912 | E11: 0.15229912 | F11: 0.10640322 | G11: 0.054585036 | H11: 0.054585036 | I11: 0.09693232 | J11: 0.33808759 | K11: 0.27015841 | L11: 0.15893136 | M11: 0.10782038 | N11: 0.054585036 | O11: 0 | P11: 0.1370931 | Q11: 0.14146008 | R11: 0.23378492 | S11: 0.089942919 | T11: 0 | U11: 0 | V11: 0 | W11: 0 | X11: 0 | Y11: 0 | Z11: 0.17108585 | AA11: 0.10947768 | AB11: 0 | AC11: 0.093521174 | AD11: 0.096001401
A12: CX18 SPORT 890 | B12: 0 | C12: 0 | D12: 0 | E12: 0.090432396 | F12: 0.042323747 | G12: 0.2712042 | H12: 0.17472683 | I12: 0.3679855 | J12: 0.40553298 | K12: 0.36390831 | L12: 0.31224426 | M12: 0.4290905 | N12: 0.43285738 | O12: 0.43747243 | P12: 0.4771277 | Q12: 0.55040591 | R12: 0.61721853 | S12: 0.62860166 | T12: 0.67164145 | U12: 0.44613498 | V12: 0.18971938 | W12: 0.10487011 | X12: 0.046030325 | Y12: 0 | Z12: 0.34224806 | AA12: 0.52394727 | AB12: 0.24306604 | AC12: 0.36975379 | AD12: 0.29414702
A13: CX20 MONTECARLO | B13: 0.13273702 | C13: 0.12025761 | D13: 0.077933864 | E13: 0.20102326 | F13: 0.077933864 | G13: 0.52349347 | H13: 1.6122049 | I13: 2.3381875 | J13: 2.6322055 | K13: 3.542968 | L13: 2.8877292 | M13: 3.2345342 | N13: 2.1003271 | O13: 1.3532649 | P13: 1.2342737 | Q13: 1.1455289 | R13: 1.1232461 | S13: 0.99643049 | T13: 0.53173854 | U13: 0.51501003 | V13: 0.17769549 | W13: 0.19785203 | X13: 0.23761463 | Y13: 0.14547287 | Z13: 2.7079715 | AA13: 1.3255119 | AB13: 0.30089727 | AC13: 1.4447936 | AD13: 1.1308193
A14: CX22 UNIVERSAL | B14: 0 | C14: 0 | D14: 0 | E14: 0 | F14: 0 | G14: 0 | H14: 0 | I14: 0.15149294 | J14: 0.15051417 | K14: 0.23548691 | L14: 0.18689234 | M14: 0.23777967 | N14: 0.26672234 | O14: 0.22621239 | P14: 0.11908088 | Q14: 0.23615335 | R14: 0.30195407 | S14: 0.20756355 | T14: 0.23958632 | U14: 0.10738045 | V14: 0.093122348 | W14: 0.20064683 | X14: 0.15223015 | Y14: 0.10318473 | Z14: 0.160361 | AA14: 0.2262811 | AB14: 0.14935847 | AC14: 0.17866686 | AD14: 0.13400014
A15: CX24 RADIO 1010 AM | B15: 0 | C15: 0 | D15: 0 | E15: 0 | F15: 0 | G15: 0 | H15: 0.05111098 | I15: 0 | J15: 0 | K15: 0 | L15: 0 | M15: 0.091185179 | N15: 0 | O15: 0 | P15: 0.091185179 | Q15: 0 | R15: 0.08932311 | S15: 0.08932311 | T15: 0 | U15: 0.05111098 | V15: 0.05111098 | W15: 0.05111098 | X15: 0.05111098 | Y15: 0 | Z15: 0.023716027 | AA15: 0.0449719 | AB15: 0.034073987 | AC15: 0.034253971 | AD15: 0.025690478
A16: CX26 RADIO URUGUAY | B16: 0.10434632 | C16: 0.10434632 | D16: 0.10434632 | E16: 0.15540185 | F16: 0.10429087 | G16: 0 | H16: 0 | I16: 0 | J16: 0.10600887 | K16: 0.26718581 | L16: 0.2631198 | M16: 0.31493798 | N16: 0.174117 | O16: 0.1721534 | P16: 0.12033521 | Q16: 0.051055529 | R16: 0.11697158 | S16: 0.051055529 | T16: 0.098613136 | U16: 0.16452919 | V16: 0.098613136 | W16: 0.047557607 | X16: 0.047557607 | Y16: 0.047557607 | Z16: 0.15854208 | AA16: 0.11428137 | AB16: 0.084071381 | AC16: 0.11896494 | AD16: 0.11308753
... A32: RATING GENERAL | B32: 0 | C32: 1.9561681 | D32: 1.8302899 | E32: 1.6105536 | F32: 1.8920187 | G32: 3.26255 | H32: 7.8731204 | I32: 16.033474 | J32: 22.141284 | K32: 27.513411 | L32: 27.187974 | M32: 27.034864 | N32: 22.520508 | O32: 20.482446 | P32: 20.164773 | Q32: 18.798846 | R32: 18.637588 | S32: 16.469778 | T32: 13.571463 | U32: 10.998541 | V32: 7.7855106 | W32: 7.1711093 | X32: 6.023187 | Y32: 4.1345475 | Z32: 21.297354 | AA32: 19.512323 | AB32: 8.2807265 | AC32: 16.363468 | AD32: 12.71225
A34: CUADRO 61: RESUMEN DE RATING POR HORA - SEGMENTO C2C3D1 | FM | SABADO A DOMINGO
A36: RADIOS | B36: HORAS | Z36: PROMEDIO
B37: 00:00 - 00:59 | C37: 01:00 - 01:59 | D37: 02:00 - 02:59 | E37: 03:00 - 03:59 | F37: 04:00 - 04:59 | G37: 05:00 - 05:59 | H37: 06:00 - 06:59 | I37: 07:00 - 07:59 | J37: 08:00 - 08:59 | K37: 09:00 - 09:59 | L37: 10:00 - 10:59 | M37: 11:00 - 11:59 | N37: 12:00 - 12:59 | O37: 13:00 - 13:59 | P37: 14:00 - 14:59 | Q37: 15:00 - 15:59 | R37: 16:00 - 16:59 | S37: 17:00 - 17:59 | T37: 18:00 - 18:59 | U37: 19:00 - 19:59 | V37: 20:00 - 20:59 | W37: 21:00 - 21:59 | X37: 22:00 - 22:59 | Y37: 23:00 - 23:59 | Z37: 06:00 - 11:59 | AA37: 12:00 - 17:59 | AB37: 18:00 - 23:59 | AC37: 06:00 - 23:59 | AD37: 00:00 - 24:00
A38: 88.3 LACOSTA | B38: 0.041959049 | C38: 0 | D38: 0 | E38: 0 | F38: 0 | G38: 0 | H38: 0.10590788 | I38: 0.12767172 | J38: 0.19065504 | K38: 0.10568194 | L38: 0.063722888 | M38: 0.063722888 | N38: 0.081892689 | O38: 0.085577581 | P38: 0.13170299 | Q38: 0.20582394 | R38: 0.20165758 | S38: 0.22268185 | T38: 0.045643942 | U38: 0.091769349 | V38: 0 | W38: 0.046125408 | X38: 0 | Y38: 0 | Z38: 0.10956039 | AA38: 0.15488944 | AB38: 0.030589783 | AC38: 0.098346538 | AD38: 0.075508197
A39: 90.3 OLDIES | B39: 0.1725652 | C39: 0.1725652 | D39: 0.12491299 | E39: 0.12491299 | F39: 0 | G39: 0 | H39: 0.04085647 | I39: 0.091057585 | J39: 0.41964239 | K39: 0.50909643 | L39: 0.45452067 | M39: 0.39986702 | N39: 0.44114192 | O39: 0.44514902 | P39: 0.48776751 | Q39: 0.45301624 | R39: 0.40124336 | S39: 0.31692407 | T39: 0.3596213 | U39: 0.18323053 | V39: 0.17934408 | W39: 0.21434661 | X39: 0.26020879 | Y39: 0.29602546 | Z39: 0.31917343 | AA39: 0.42420702 | AB39: 0.24879613 | AC39: 0.33072553 | AD39: 0.27283399
A40: 91.1 RADIOFUTURA | B40: 0.072262636 | C40: 0.072262636 | D40: 0 | E40: 0.04670214 | F40: 0.04670214 | G40: 0.094321312 | H40: 0 | I40: 0.053987749 | J40: 0.29659986 | K40: 0.66649926 | L40: 0.87575679 | M40: 0.79587056 | N40: 0.57582855 | O40: 0.61219607 | P40: 0.69137324 | Q40: 0.77457989 | R40: 0.78439119 | S40: 0.55731896 | T40: 0.57246485 | U40: 0.49725731 | V40: 0.44442865 | W40: 0.34526355 | X40: 0.37782481 | Y40: 0.12011097 | Z40: 0.44811904 | AA40: 0.66594798 | AB40: 0.39289169 | AC40: 0.50231957 | AD40: 0.39058346
A41: 91.9 DISNEY | B41: 0.1354957 | C41: 0 | D41: 0 | E41: 0 | F41: 0.070126693 | G41: 0.293676 | H41: 0.44404907 | I41: 0.87174883 | J41: 1.5784305 | K41: 2.1800658 | L41: 2.3002702 | M41: 2.2635804 | N41: 1.8740495 | O41: 1.6989554 | P41: 1.2917935 | Q41: 1.2575446 | R41: 0.99906679 | S41: 0.91641584 | T41: 0.39473473 | U41: 0.40344555 | V41: 0.45666668 | W41: 0.38117858 | X41: 0.27795138 | Y41: 0.23094867 | Z41: 1.6063575 | AA41: 1.3396376 | AB41: 0.3574876 | AC41: 1.1011609 | AD41: 0.84667477
A42: 92.5 CONCIERTO URBANA | B42: 0 | C42: 0 | D42: 0.050120202 | E42: 0 | F42: 0 | G42: 0 | H42: 0 | I42: 0.071595937 | J42: 0.071595937 | K42: 0.052333499 | L42: 0.052333499 | M42: 0.052333499 | N42: 0.052333499 | O42: 0.052333499 | P42: 0.052333499 | Q42: 0.17565004 | R42: 0.22577024 | S42: 0.17565004 | T42: 0.17711928 | U42: 0.12392944 | V42: 0 | W42: 0 | X42: 0 | Y42: 0 | Z42: 0.050032062 | AA42: 0.12234514 | AB42: 0.050174787 | AC42: 0.074183995 | AD42: 0.057726338
A43: 93.1 INOLVIDABLE | B43: 0 | C43: 0 | D43: 0 | E43: 0 | F43: 0 | G43: 0 | H43: 0.29862942 | I43: 0.39839104 | J43: 0.58481312 | K43: 1.0617 | L43: 1.10652 | M43: 1.1262495 | N43: 1.2700622 | O43: 1.1875323 | P43: 1.0130763 | Q43: 0.81528836 | R43: 1.0237313 | S43: 0.83092827 | T43: 0.78513107 | U43: 1.1068547 | V43: 0.97478864 | W43: 0.7602723 | X43: 0.50901959 | Y43: 0.11928258 | Z43: 0.76271718 | AA43: 1.0234365 | AB43: 0.70922482 | AC43: 0.83179282 | AD43: 0.62384461
A44: 93.9 OCEANO | B44: 0 | C44: 0 | D44: 0.049009479 | E44: 0 | F44: 0 | G44: 0 | H44: 0.10364282 | I44: 0.54613653 | J44: 0.35449677 | K44: 0.6650297 | L44: 0.76729985 | M44: 0.78781722 | N44: 0.82400326 | O44: 0.72351883 | P44: 0.58774455 | Q44: 0.65512029 | R44: 0.57973282 | S44: 0.52247075 | T44: 0.42207512 | U44: 0.18736309 | V44: 0.065916055 | W44: 0 | X44: 0 | Y44: 0 | Z44: 0.53740381 | AA44: 0.64876508 | AB44: 0.11255904 | AC44: 0.43290931 | AD44: 0.32672405
A45: 94.7 E. DEL SUR | B45: 0.05883979 | C45: 0.05883979 | D45: 0.10895999 | E45: 0 | F45: 0 | G45: 0 | H45: 0 | I45: 0 | J45: 0.10734823 | K45: 0.15676149 | L45: 0.23383093 | M45: 0.15676149 | N45: 0.16036241 | O45: 0.16036241 | P45: 0.0916844 | Q45: 0.16875384 | R45: 0.21397874 | S45: 0.16385854 | T45: 0.072174138 | U45: 0.12662058 | V45: 0.12662058 | W45: 0.15941164 | X45: 0.11328623 | Y45: 0.11328623 | Z45: 0.10911702 | AA45: 0.15983339 | AB45: 0.11856656 | AC45: 0.12917233 | AD45: 0.10632256
A46: 95.5 DEL PLATA | B46: 0.12491299 | C46: 0.12491299 | D46: 0.17392247 | E46: 0.12491299 | F46: 0 | G46: 0 | H46: 0.10546264 | I46: 0.26105946 | J46: 0.35817236 | K46: 0.58300164 | L46: 0.68846742 | M46: 0.82794434 | N46: 0.83251349 | O46: 0.97774913 | P46: 0.63687513 | Q46: 0.51696289 | R46: 0.46633781 | S46: 0.46574672 | T46: 0.44435723 | U46: 0.2364268 | V46: 0.17748991 | W46: 0.044804973 | X46: 0.085928075 | Y46: 0.20988663 | Z46: 0.47068464 | AA46: 0.6493642 | AB46: 0.1998156 | AC46: 0.43995481 | AD46: 0.352827
A47: 96.3 ALFA | B47: 0 | C47: 0 | D47: 0 | E47: 0 | F47: 0 | G47: 0 | H47: 0 | I47: 0 | J47: 0 | K47: 0 | L47: 0.048145546 | M47: 0.048145546 | N47: 0.17080547 | O47: 0.17080547 | P47: 0.10074142 | Q47: 0.14861743 | R47: 0.14861743 | S47: 0.14861743 | T47: 0.14861743 | U47: 0.04787601 | V47: 0.04787601 | W47: 0.04787601 | X47: 0.048145546 | Y47: 0.048145546 | Z47: 0.016048515 | AA47: 0.14803411 | AB47: 0.064756092 | AC47: 0.076279572 | AD47: 0.057209679
A48: 97.1 BABEL | B48: 0 | C48: 0 | D48: 0 | E48: 0 | F48: 0.11562928 | G48: 0.11562928 | H48: 0.11562928 | I48: 0.10718847 | J48: 0.12626734 | K48: 0.2304562 | L48: 0.49901263 | M48: 0.49401302 | N48: 0.26502432 | O48: 0.20127194 | P48: 0.20127194 | Q48: 0.32101931 | R48: 0.33214943 | S48: 0.48537778 | T48: 0.54295591 | U48: 0.65014438 | V48: 0.27216541 | W48: 0.17275661 | X48: 0.1098083 | Y48: 0.046055922 | Z48: 0.26209449 | AA48: 0.30101912 | AB48: 0.29898109 | AC48: 0.2873649 | AD48: 0.22515945
A49: 97.9 M24 | B49: 0 | C49: 0 | D49: 0 | E49: 0 | F49: 0.04114245 | G49: 0.086903393 | H49: 0.25053919 | I49: 0.43516884 | J49: 0.49122633 | K49: 0.52912111 | L49: 0.36532779 | M49: 0.38103722 | N49: 0.24706829 | O49: 0.20548668 | P49: 0.14750786 | Q49: 0.14750786 | R49: 0.25397014 | S49: 0.14863438 | T49: 0.22089702 | U49: 0.22089702 | V49: 0.072262636 | W49: 0.044705667 | X49: 0 | Y49: 0 | Z49: 0.40873675 | AA49: 0.19169587 | AB49: 0.093127057 | AC49: 0.23118656 | AD49: 0.17872516
... A65: RATING GENERAL | B65: 0 | C65: 1.9561681 | D65: 1.8302899 | E65: 1.6105536 | F65: 1.8920187 | G65: 3.26255 | H65: 7.8731204 | I65: 16.033474 | J65: 22.141284 | K65: 27.513411 | L65: 27.187974 | M65: 27.034864 | N65: 22.520508 | O65: 20.482446 | P65: 20.164773 | Q65: 18.798846 | R65: 18.637588 | S65: 16.469778 | T65: 13.571463 | U65: 10.998541 | V65: 7.7855106 | W65: 7.1711093 | X65: 6.023187 | Y65: 4.1345475 | Z65: 21.297354 | AA65: 19.512323 | AB65: 8.2807265 | AC65: 16.363468 | AD65: 12.71225

Sheet RatD2ELV
A1: CUADRO 62: RESUMEN DE RATING POR HORA - SEGMENTO D2E | AM | LUNES A VIERNES
A3: RADIOS | B3: HORAS | Z3: PROMEDIO
B4: 00:00 - 00:59 | C4: 01:00 - 01:59 | D4: 02:00 - 02:59 | E4: 03:00 - 03:59 | F4: 04:00 - 04:59 | G4: 05:00 - 05:59 | H4: 06:00 - 06:59 | I4: 07:00 - 07:59 | J4: 08:00 - 08:59 | K4: 09:00 - 09:59 | L4: 10:00 - 10:59 | M4: 11:00 - 11:59 | N4: 12:00 - 12:59 | O4: 13:00 - 13:59 | P4: 14:00 - 14:59 | Q4: 15:00 - 15:59 | R4: 16:00 - 16:59 | S4: 17:00 - 17:59 | T4: 18:00 - 18:59 | U4: 19:00 - 19:59 | V4: 20:00 - 20:59 | W4: 21:00 - 21:59 | X4: 22:00 - 22:59 | Y4: 23:00 - 23:59 | Z4: 06:00 - 11:59 | AA4: 12:00 - 17:59 | AB4: 18:00 - 23:59 | AC4: 06:00 - 23:59 | AD4: 00:00 - 24:00
A5: CX4 RURAL | B5: 0.066426534 | C5: 0 | D5: 0 | E5: 0 | F5: 0 | G5: 0 | H5: 0 | I5: 0.23261523 | J5: 0.23261523 | K5: 0 | L5: 0 | M5: 0 | N5: 0.042377524 | O5: 0.0767383 | P5: 0.2043978 | Q5: 0.31410321 | R5: 0.30608647 | S5: 0.12290982 | T5: 0.12290982 | U5: 0 | V5: 0 | W5: 0.03719245 | X5: 0.03719245 | Y5: 0.073865782 | Z5: 0.07753841 | AA5: 0.17776885 | AB5: 0.045193416 | AC5: 0.10016689 | AD5: 0.077892942
A6: CX6 CLÁSICA | B6: 0 | C6: 0 | D6: 0 | E6: 0 | F6: 0 | G6: 0 | H6: 0 | I6: 0 | J6: 0 | K6: 0 | L6: 0 | M6: 0 | N6: 0 | O6: 0 | P6: 0 | Q6: 0 | R6: 0 | S6: 0 | T6: 0 | U6: 0 | V6: 0 | W6: 0 | X6: 0 | Y6: 0 | Z6: 0 | AA6: 0 | AB6: 0 | AC6: 0 | AD6: 0
A7: CX8 SARANDI | B7: 0.047474872 | C7: 0 | D7: 0 | E7: 0 | F7: 0 | G7: 0.12057435 | H7: 0.18901101 | I7: 0.3419952 | J7: 0.13463449 | K7: 0.17948424 | L7: 0.26156176 | M7: 0.30005859 | N7: 0.046729797 | O7: 0.051754557 | P7: 0.051754557 | Q7: 0.051754557 | R7: 0.051754557 | S7: 0.051754557 | T7: 0.051754557 | U7: 0.051754557 | V7: 0.051754557 | W7: 0.099229429 | X7: 0 | Y7: 0 | Z7: 0.23445755 | AA7: 0.050917097 | AB7: 0.042415517 | AC7: 0.10926339 | AD7: 0.088949591
A8: CX10 CONTINENTE | B8: 0 | C8: 0 | D8: 0 | E8: 0 | F8: 0 | G8: 0 | H8: 0 | I8: 0 | J8: 0.22240834 | K8: 0 | L8: 0 | M8: 0 | N8: 0.033347767 | O8: 0.080105563 | P8: 0.20899831 | Q8: 0.033347767 | R8: 0.033347767 | S8: 0 | T8: 0 | U8: 0.10128672 | V8: 0.10128672 | W8: 0.10128672 | X8: 0.10128672 | Y8: 0.10128672 | Z8: 0.037068056 | AA8: 0.064857861 | AB8: 0.0844056 | AC8: 0.062110506 | AD8: 0.046582879
A9: CX12 ORIENTAL | B9: 0 | C9: 0 | D9: 0 | E9: 0 | F9: 0 | G9: 0 | H9: 0 | I9: 0 | J9: 0 | K9: 0 | L9: 0.040154723 | M9: 0.35901451 | N9: 0.31885979 | O9: 0.18198728 | P9: 0.037639772 | Q9: 0.096421095 | R9: 0.096421095 | S9: 0.24028803 | T9: 0.24028803 | U9: 0.21586749 | V9: 0.072000549 | W9: 0.072000549 | X9: 0.072000549 | Y9: 0.11655538 | Z9: 0.066528206 | AA9: 0.16193618 | AB9: 0.13145209 | AC9: 0.11997216 | AD9: 0.089979118
A10: CX14 EL ESPECTADOR | B10: 0.36137314 | C10: 0.08700201 | D10: 0 | E10: 0 | F10: 0 | G10: 0 | H10: 0.063769026 | I10: 0.035970648 | J10: 0.098250705 | K10: 0.15543165 | L10: 0.41608183 | M10: 0.20457122 | N10: 0.119461 | O10: 0.062280057 | P10: 0.090979339 | Q10: 0.028699281 | R10: 0.028699281 | S10: 0.21151061 | T10: 0 | U10: 0 | V10: 0.085082854 | W10: 0.12642776 | X10: 0.12419446 | Y10: 0.32709194 | Z10: 0.16234585 | AA10: 0.090271595 | AB10: 0.11046617 | AC10: 0.12102787 | AD10: 0.1094532
A11: CX16 CARVE | B11: 0 | C11: 0 | D11: 0 | E11: 0 | F11: 0 | G11: 0 | H11: 0.039814792 | I11: 0.039814792 | J11: 0.076397524 | K11: 0.076397524 | L11: 0.12524488 | M11: 0.13379836 | N11: 0.13379453 | O11: 0.13379453 | P11: 0.13379453 | Q11: 0.039810967 | R11: 0.039810967 | S11: 0.083010868 | T11: 0.081842835 | U11: 0.12333157 | V11: 0.12333157 | W11: 0.081842835 | X11: 0.081842835 | Y11: 0.081842835 | Z11: 0.081911311 | AA11: 0.094002733 | AB11: 0.095672414 | AC11: 0.09052882 | AD11: 0.067896615
A12: CX18 SPORT 890 | B12: 0 | C12: 0 | D12: 0 | E12: 0 | F12: 0 | G12: 0.028699281 | H12: 0.18851555 | I12: 0.3694846 | J12: 0.49778179 | K12: 0.51596379 | L12: 0.51596379 | M12: 0.51596379 | N12: 0.50572952 | O12: 0.26396223 | P12: 0.18352132 | Q12: 0.028699281 | R12: 0.028699281 | S12: 0.028699281 | T12: 0.028699281 | U12: 0 | V12: 0 | W12: 0 | X12: 0 | Y12: 0 | Z12: 0.43394555 | AA12: 0.17321849 | AB12: 0.0047832136 | AC12: 0.20398242 | AD12: 0.15418262
A13: CX20 MONTECARLO | B13: 0.028699281 | C13: 0.028699281 | D13: 0.028699281 | E13: 0 | F13: 0.16633248 | G13: 0.56736556 | H13: 0.83812396 | I13: 1.6050198 | J13: 1.8060555 | K13: 2.6300217 | L13: 2.63026 | M13: 2.5797532 | N13: 2.4224146 | O13: 2.0002858 | P13: 1.7770303 | Q13: 1.6183748 | R13: 1.6183748 | S13: 1.5686141 | T13: 1.1500373 | U13: 1.0563049 | V13: 1.1258604 | W13: 1.1543911 | X13: 0.12306088 | Y13: 0 | Z13: 2.0148724 | AA13: 1.8341824 | AB13: 0.76827575 | AC13: 1.5391102 | AD13: 1.1884908
A14: CX22 UNIVERSAL | B14: 0 | C14: 0 | D14: 0 | E14: 0 | F14: 0 | G14: 0 | H14: 0 | I14: 0 | J14: 0 | K14: 0 | L14: 0.041387249 | M14: 0.040154723 | N14: 0.19917306 | O14: 0.25354958 | P14: 0.19618392 | Q14: 0 | R14: 0.041387249 | S14: 0.041387249 | T14: 0.041387249 | U14: 0.041387249 | V14: 0.041387249 | W14: 0.041387249 | X14: 0.041387249 | Y14: 0 | Z14: 0.013590329 | AA14: 0.12194684 | AB14: 0.034489374 | AC14: 0.056675515 | AD14: 0.042506637
A15: CX24 RADIO 1010 AM | B15: 0 | C15: 0 | D15: 0 | E15: 0 | F15: 0 | G15: 0 | H15: 0 | I15: 0 | J15: 0 | K15: 0 | L15: 0 | M15: 0 | N15: 0.1729106 | O15: 0.1729106 | P15: 0.22728712 | Q15: 0.2985623 | R15: 0.12565171 | S15: 0.12565171 | T15: 0.12565171 | U15: 0 | V15: 0 | W15: 0 | X15: 0 | Y15: 0 | Z15: 0 | AA15: 0.18716234 | AB15: 0.020941951 | AC15: 0.069368096 | AD15: 0.052026072
A16: CX26 RADIO URUGUAY | B16: 0 | C16: 0 | D16: 0 | E16: 0 | F16: 0 | G16: 0 | H16: 0 | I16: 0.091342956 | J16: 0.091342956 | K16: 0.091342956 | L16: 0.091342956 | M16: 0.091342956 | N16: 0 | O16: 0 | P16: 0 | Q16: 0 | R16: 0 | S16: 0 | T16: 0 | U16: 0 | V16: 0 | W16: 0 | X16: 0 | Y16: 0 | Z16: 0.07611913 | AA16: 0 | AB16: 0 | AC16: 0.025373043 | AD16: 0.019029783
... A32: RATING GENERAL | B32: 3.386807 | C32: 2.1794177 | D32: 2.0591373 | E32: 1.4130832 | F32: 1.8308601 | G32: 3.0548771 | H32: 6.4315639 | I32: 12.513154 | J32: 16.74072 | K32: 20.966835 | L32: 19.654089 | M32: 23.176821 | N32: 24.222846 | O32: 26.432663 | P32: 29.058971 | Q32: 29.083366 | R32: 26.507618 | S32: 23.795404 | T32: 21.169121 | U32: 16.642894 | V32: 14.292574 | W32: 12.199552 | X32: 6.9362325 | Y32: 4.807296 | Z32: 16.580531 | AA32: 26.516811 | AB32: 12.674611 | AC32: 18.590651 | AD32: 14.523163
A34: CUADRO 63: RESUMEN DE RATING POR HORA - SEGMENTO D2E | FM | LUNES A VIERNES
A36: RADIOS | B36: HORAS | Z36: PROMEDIO
B37: 00:00 - 00:59 | C37: 01:00 - 01:59 | D37: 02:00 - 02:59 | E37: 03:00 - 03:59 | F37: 04:00 - 04:59 | G37: 05:00 - 05:59 | H37: 06:00 - 06:59 | I37: 07:00 - 07:59 | J37: 08:00 - 08:59 | K37: 09:00 - 09:59 | L37: 10:00 - 10:59 | M37: 11:00 - 11:59 | N37: 12:00 - 12:59 | O37: 13:00 - 13:59 | P37: 14:00 - 14:59 | Q37: 15:00 - 15:59 | R37: 16:00 - 16:59 | S37: 17:00 - 17:59 | T37: 18:00 - 18:59 | U37: 19:00 - 19:59 | V37: 20:00 - 20:59 | W37: 21:00 - 21:59 | X37: 22:00 - 22:59 | Y37: 23:00 - 23:59 | Z37: 06:00 - 11:59 | AA37: 12:00 - 17:59 | AB37: 18:00 - 23:59 | AC37: 06:00 - 23:59 | AD37: 00:00 - 24:00
A38: 88.3 LACOSTA | B38: 0.43255304 | C38: 0.43255304 | D38: 0.43255304 | E38: 0.43255304 | F38: 0.28699635 | G38: 0.28699635 | H38: 0.28699635 | I38: 0.54113616 | J38: 0.25766456 | K38: 0.25413981 | L38: 0.055850517 | M38: 0.055850517 | N38: 0.054169095 | O38: 0.054169095 | P38: 0.057180942 | Q38: 0.49158972 | R38: 0.33322393 | S38: 0.72252517 | T38: 0.28811639 | U38: 0.36341898 | V38: 0.39231309 | W38: 0.12947169 | X38: 0.26405193 | Y38: 0.10568613 | Z38: 0.24193965 | AA38: 0.28547632 | AB38: 0.25717637 | AC38: 0.26153078 | AD38: 0.29215662
A39: 90.3 OLDIES | B39: 0 | C39: 0 | D39: 0.074037312 | E39: 0 | F39: 0 | G39: 0 | H39: 0.1551421 | I39: 0.062215834 | J39: 0.21735793 | K39: 0.21463626 | L39: 0.21662811 | M39: 0.17204246 | N39: 0.28141699 | O39: 0.16315099 | P39: 0.3182641 | Q39: 0.6479894 | R39: 0.73304032 | S39: 0.79158371 | T39: 0.5163471 | U39: 0 | V39: 0 | W39: 0.036008778 | X39: 0 | Y39: 0 | Z39: 0.17300378 | AA39: 0.48924092 | AB39: 0.092059313 | AC39: 0.25143467 | AD39: 0.19166089
A40: 91.1 RADIOFUTURA | B40: 0 | C40: 0 | D40: 0 | E40: 0 | F40: 0.048199701 | G40: 0.10638825 | H40: 0.13638138 | I40: 0.15630406 | J40: 0.19501714 | K40: 0.097668301 | L40: 0.097668301 | M40: 0.098115505 | N40: 0.21126468 | O40: 0.36373334 | P40: 0.7574472 | Q40: 0.59792753 | R40: 0.45225492 | S40: 0.34141914 | T40: 0.67533558 | U40: 0.25013696 | V40: 0.25013696 | W40: 0.1919484 | X40: 0 | Y40: 0 | Z40: 0.13019245 | AA40: 0.4540078 | AB40: 0.22792632 | AC40: 0.27070885 | AD40: 0.20947281
A41: 91.9 DISNEY | B41: 0 | C41: 0 | D41: 0 | E41: 0 | F41: 0.050543455 | G41: 0.050543455 | H41: 0.31387101 | I41: 0.92222204 | J41: 0.93965983 | K41: 1.2296782 | L41: 1.1443847 | M41: 1.1579607 | N41: 1.0002351 | O41: 2.1268887 | P41: 1.7356002 | Q41: 2.0405318 | R41: 1.5320507 | S41: 1.1949828 | T41: 0.80389422 | U41: 1.0754951 | V41: 0.86449422 | W41: 0.92272272 | X41: 0.061696204 | Y41: 0.061696204 | Z41: 0.95129609 | AA41: 1.6050482 | AB41: 0.63166644 | AC41: 1.0626703 | AD41: 0.80121464
A42: 92.5 CONCIERTO URBANA | B42: 0.040428888 | C42: 0.040428888 | D42: 0 | E42: 0 | F42: 0 | G42: 0 | H42: 0 | I42: 0 | J42: 0.037009915 | K42: 0.092859586 | L42: 0.092859586 | M42: 0.18747747 | N42: 0.35961394 | O42: 0.30376427 | P42: 0.35961394 | Q42: 0.075857913 | R42: 0 | S42: 0 | T42: 0 | U42: 0 | V42: 0.054017784 | W42: 0.054017784 | X42: 0 | Y42: 0 | Z42: 0.06836776 | AA42: 0.18314168 | AB42: 0.018005928 | AC42: 0.089838455 | AD42: 0.070747916
A43: 93.1 INOLVIDABLE | B43: 0.19664814 | C43: 0 | D43: 0 | E43: 0 | F43: 0.10304258 | G43: 0.15823416 | H43: 0.065526032 | I43: 0.32224655 | J43: 0.74073318 | K43: 0.92008534 | L43: 1.1461934 | M43: 1.3207679 | N43: 1.3909962 | O43: 1.4232781 | P43: 2.2258807 | Q43: 2.017188 | R43: 2.2120254 | S43: 1.6329496 | T43: 1.4176562 | U43: 1.0431719 | V43: 0.68405742 | W43: 0.78690811 | X43: 0.13835401 | Y43: 0.081772117 | Z43: 0.75259207 | AA43: 1.817053 | AB43: 0.69198663 | AC43: 1.0872106 | AD43: 0.83448812
A44: 93.9 OCEANO | B44: 0 | C44: 0 | D44: 0 | E44: 0 | F44: 0 | G44: 0.056334556 | H44: 0.056334556 | I44: 0.20808069 | J44: 0.2159765 | K44: 0.25767608 | L44: 0.2559 | M44: 0.080265042 | N44: 0.10432222 | O44: 0.19387212 | P44: 0.19387212 | Q44: 0.30622551 | R44: 0.26452593 | S44: 0.26452593 | T44: 0.26452593 | U44: 0.040341542 | V44: 0.040341542 | W44: 0.040341542 | X44: 0.040341542 | Y44: 0.040341542 | Z44: 0.17903881 | AA44: 0.22122397 | AB44: 0.077705606 | AC44: 0.1593228 | AD44: 0.12183937
A45: 94.7 E. DEL SUR | B45: 0 | C45: 0 | D45: 0 | E45: 0 | F45: 0 | G45: 0.099897414 | H45: 0.21513192 | I45: 0.21513192 | J45: 0.058074225 | K45: 0.058074225 | L45: 0 | M45: 0 | N45: 0 | O45: 0 | P45: 0 | Q45: 0.037698686 | R45: 0.037698686 | S45: 0.037698686 | T45: 0.037698686 | U45: 0 | V45: 0 | W45: 0 | X45: 0 | Y45: 0 | Z45: 0.091068714 | AA45: 0.018849343 | AB45: 0.0062831143 | AC45: 0.038733724 | AD45: 0.033212685
A46: 95.5 DEL PLATA | B46: 0.19664814 | C46: 0.19664814 | D46: 0.19664814 | E46: 0.19664814 | F46: 0 | G46: 0 | H46: 0 | I46: 0 | J46: 0.40861434 | K46: 0.40861434 | L46: 0.40861434 | M46: 0.40861434 | N46: 0.084836912 | O46: 0.12347295 | P46: 0.12476041 | Q46: 0.38311187 | R46: 0.60898787 | S46: 0.30467757 | T46: 0.039987161 | U46: 0 | V46: 0 | W46: 0 | X46: 0 | Y46: 0 | Z46: 0.27240956 | AA46: 0.27164126 | AB46: 0.0066645268 | AC46: 0.18357178 | AD46: 0.17045353
A47: 96.3 ALFA | B47: 0 | C47: 0 | D47: 0 | E47: 0 | F47: 0 | G47: 0 | H47: 0 | I47: 0 | J47: 0.0425938 | K47: 0.085666192 | L47: 0.1325401 | M47: 0.1753538 | N47: 0.19102781 | O47: 0.19102781 | P47: 0.14843401 | Q47: 0.043072393 | R47: 0 | S47: 0 | T47: 0 | U47: 0 | V47: 0 | W47: 0 | X47: 0 | Y47: 0 | Z47: 0.072692315 | AA47: 0.095593673 | AB47: 0 | AC47: 0.056095329 | AD47: 0.042071497
A48: 97.1 BABEL | B48: 0 | C48: 0 | D48: 0 | E48: 0 | F48: 0 | G48: 0 | H48: 0 | I48: 0 | J48: 0 | K48: 0 | L48: 0 | M48: 0 | N48: 0 | O48: 0 | P48: 0 | Q48: 0 | R48: 0 | S48: 0 | T48: 0 | U48: 0 | V48: 0 | W48: 0 | X48: 0 | Y48: 0 | Z48: 0 | AA48: 0 | AB48: 0 | AC48: 0 | AD48: 0
A49: 97.9 M24 | B49: 0 | C49: 0 | D49: 0 | E49: 0 | F49: 0 | G49: 0 | H49: 0 | I49: 0 | J49: 0.084551862 | K49: 0.084551862 | L49: 0.037677956 | M49: 0.037677956 | N49: 0.037677956 | O49: 0.037677956 | P49: 0.037677956 | Q49: 0.037677956 | R49: 0.037677956 | S49: 0.037677956 | T49: 0 | U49: 0 | V49: 0 | W49: 0 | X49: 0 | Y49: 0 | Z49: 0.040743273 | AA49: 0.037677956 | AB49: 0 | AC49: 0.02614041 | AD49: 0.019605307
... A65: RATING GENERAL | B65: 3.386807 | C65: 2.1794177 | D65: 2.0591373 | E65: 1.4130832 | F65: 1.8308601 | G65: 3.0548771 | H65: 6.4315639 | I65: 12.513154 | J65: 16.74072 | K65: 20.966835 | L65: 19.654089 | M65: 23.176821 | N65: 24.222846 | O65: 26.432663 | P65: 29.058971 | Q65: 29.083366 | R65: 26.507618 | S65: 23.795404 | T65: 21.169121 | U65: 16.642894 | V65: 14.292574 | W65: 12.199552 | X65: 6.9362325 | Y65: 4.807296 | Z65: 16.580531 | AA65: 26.516811 | AB65: 12.674611 | AC65: 18.590651 | AD65: 14.523163

Sheet RatD2ESD
A1: CUADRO 64: RESUMEN DE RATING POR HORA - SEGMENTO D2E | AM | SABADO A DOMINGO
A3: RADIOS | B3: HORAS | Z3: PROMEDIO
B4: 00:00 - 00:59 | C4: 01:00 - 01:59 | D4: 02:00 - 02:59 | E4: 03:00 - 03:59 | F4: 04:00 - 04:59 | G4: 05:00 - 05:59 | H4: 06:00 - 06:59 | I4: 07:00 - 07:59 | J4: 08:00 - 08:59 | K4: 09:00 - 09:59 | L4: 10:00 - 10:59 | M4: 11:00 - 11:59 | N4: 12:00 - 12:59 | O4: 13:00 - 13:59 | P4: 14:00 - 14:59 | Q4: 15:00 - 15:59 | R4: 16:00 - 16:59 | S4: 17:00 - 17:59 | T4: 18:00 - 18:59 | U4: 19:00 - 19:59 | V4: 20:00 - 20:59 | W4: 21:00 - 21:59 | X4: 22:00 - 22:59 | Y4: 23:00 - 23:59 | Z4: 06:00 - 11:59 | AA4: 12:00 - 17:59 | AB4: 18:00 - 23:59 | AC4: 06:00 - 23:59 | AD4: 00:00 - 24:00
A5: CX4 RURAL | B5: 0 | C5: 0 | D5: 0 | E5: 0 | F5: 0 | G5: 0 | H5: 0 | I5: 0.12402331 | J5: 0.12402331 | K5: 0 | L5: 0 | M5: 0 | N5: 0 | O5: 0 | P5: 0 | Q5: 0 | R5: 0 | S5: 0.12402331 | T5: 0.12402331 | U5: 0 | V5: 0 | W5: 0 | X5: 0 | Y5: 0 | Z5: 0.041341102 | AA5: 0.020670551 | AB5: 0.020670551 | AC5: 0.027560735 | AD5: 0.020670551
A6: CX6 CLÁSICA | B6: 0 | C6: 0 | D6: 0 | E6: 0 | F6: 0 | G6: 0 | H6: 0 | I6: 0 | J6: 0 | K6: 0 | L6: 0 | M6: 0 | N6: 0 | O6: 0 | P6: 0 | Q6: 0 | R6: 0 | S6: 0 | T6: 0 | U6: 0 | V6: 0 | W6: 0 | X6: 0 | Y6: 0 | Z6: 0 | AA6: 0 | AB6: 0 | AC6: 0 | AD6: 0
A7: CX8 SARANDI | B7: 0 | C7: 0 | D7: 0 | E7: 0 | F7: 0 | G7: 0.092408564 | H7: 0.081064929 | I7: 0.1939586 | J7: 0.31132201 | K7: 0.31132201 | L7: 0.41498143 | M7: 0.60786968 | N7: 0.10365942 | O7: 0 | P7: 0 | Q7: 0 | R7: 0 | S7: 0 | T7: 0 | U7: 0 | V7: 0 | W7: 0.11289367 | X7: 0 | Y7: 0.097163056 | Z7: 0.32008644 | AA7: 0.01727657 | AB7: 0.035009454 | AC7: 0.12412416 | AD7: 0.096943473
A8: CX10 CONTINENTE | B8: 0 | C8: 0 | D8: 0 | E8: 0 | F8: 0 | G8: 0 | H8: 0 | I8: 0 | J8: 0.11752001 | K8: 0.10848521 | L8: 0 | M8: 0 | N8: 0 | O8: 0 | P8: 0.22600521 | Q8: 0 | R8: 0 | S8: 0 | T8: 0 | U8: 0.081064929 | V8: 0.081064929 | W8: 0.081064929 | X8: 0.081064929 | Y8: 0.081064929 | Z8: 0.037667536 | AA8: 0.037667536 | AB8: 0.067554108 | AC8: 0.047629726 | AD8: 0.035722295
A9: CX12 ORIENTAL | B9: 0 | C9: 0 | D9: 0 | E9: 0 | F9: 0 | G9: 0 | H9: 0 | I9: 0 | J9: 0 | K9: 0 | L9: 0 | M9: 0 | N9: 0 | O9: 0 | P9: 0 | Q9: 0 | R9: 0 | S9: 0 | T9: 0 | U9: 0 | V9: 0 | W9: 0 | X9: 0.095353581 | Y9: 0.095353581 | Z9: 0 | AA9: 0 | AB9: 0.031784527 | AC9: 0.010594842 | AD9: 0.0079461318
A10: CX14 EL ESPECTADOR | B10: 0.10135303 | C10: 0 | D10: 0 | E10: 0 | F10: 0 | G10: 0 | H10: 0 | I10: 0 | J10: 0 | K10: 0 | L10: 0.23666146 | M10: 0 | N10: 0 | O10: 0 | P10: 0 | Q10: 0 | R10: 0 | S10: 0.23666146 | T10: 0 | U10: 0 | V10: 0 | W10: 0.23666146 | X10: 0.10135303 | Y10: 0.10135303 | Z10: 0.039443577 | AA10: 0.039443577 | AB10: 0.073227922 | AC10: 0.050705026 | AD10: 0.042251812
A11: CX16 CARVE | B11: 0 | C11: 0 | D11: 0 | E11: 0 | F11: 0 | G11: 0 | H11: 0.10135303 | I11: 0.10135303 | J11: 0 | K11: 0.10135303 | L11: 0.22597611 | M11: 0.22597611 | N11: 0 | O11: 0 | P11: 0.095353581 | Q11: 0.095353581 | R11: 0.095353581 | S11: 0.095353581 | T11: 0 | U11: 0 | V11: 0 | W11: 0 | X11: 0 | Y11: 0 | Z11: 0.12600189 | AA11: 0.063569054 | AB11: 0 | AC11: 0.063190314 | AD11: 0.047392736
A12: CX18 SPORT 890 | B12: 0 | C12: 0 | D12: 0 | E12: 0 | F12: 0 | G12: 0 | H12: 0.18905334 | I12: 0.40512979 | J12: 0.40512979 | K12: 0.40512979 | L12: 0.40512979 | M12: 0.51802345 | N12: 0.88722611 | O12: 0.23579813 | P12: 0.23579813 | Q12: 0.15600632 | R12: 0.15600632 | S12: 0.15600632 | T12: 0.15600632 | U12: 0.46237464 | V12: 0 | W12: 0 | X12: 0 | Y12: 0 | Z12: 0.38793266 | AA12: 0.30447356 | AB12: 0.10306349 | AC12: 0.26515657 | AD12: 0.19886743
A13: CX20 MONTECARLO | B13: 0 | C13: 0 | D13: 0 | E13: 0 | F13: 0.081064929 | G13: 0.45657559 | H13: 0.70428129 | I13: 1.0436843 | J13: 1.224294 | K13: 1.4446303 | L13: 1.9461572 | M13: 1.9296412 | N13: 2.1560067 | O13: 1.9959198 | P13: 1.5007012 | Q13: 1.2776352 | R13: 1.6699466 | S13: 1.7795307 | T13: 0.97996906 | U13: 0.85594575 | V13: 0.58690976 | W13: 0.58690976 | X13: 0 | Y13: 0 | Z13: 1.3821147 | AA13: 1.7299567 | AB13: 0.50162239 | AC13: 1.2045646 | AD13: 0.92582513
A14: CX22 UNIVERSAL | B14: 0 | C14: 0 | D14: 0 | E14: 0 | F14: 0 | G14: 0 | H14: 0 | I14: 0 | J14: 0 | K14: 0 | L14: 0 | M14: 0 | N14: 0 | O14: 0 | P14: 0.088410193 | Q14: 0 | R14: 0.19670662 | S14: 0.19670662 | T14: 0.19670662 | U14: 0 | V14: 0 | W14: 0 | X14: 0 | Y14: 0 | Z14: 0 | AA14: 0.080303904 | AB14: 0.032784436 | AC14: 0.037696113 | AD14: 0.028272085
A15: CX24 RADIO 1010 AM | B15: 0 | C15: 0 | D15: 0 | E15: 0 | F15: 0 | G15: 0 | H15: 0 | I15: 0 | J15: 0 | K15: 0 | L15: 0 | M15: 0 | N15: 0 | O15: 0 | P15: 0 | Q15: 0.16829999 | R15: 0 | S15: 0 | T15: 0 | U15: 0 | V15: 0 | W15: 0 | X15: 0 | Y15: 0 | Z15: 0 | AA15: 0.028049999 | AB15: 0 | AC15: 0.0093499997 | AD15: 0.0070124997
A16: CX26 RADIO URUGUAY | B16: 0 | C16: 0 | D16: 0 | E16: 0 | F16: 0 | G16: 0 | H16: 0 | I16: 0.10894905 | J16: 0.10894905 | K16: 0.10894905 | L16: 0.10894905 | M16: 0.10894905 | N16: 0 | O16: 0 | P16: 0 | Q16: 0 | R16: 0 | S16: 0 | T16: 0 | U16: 0 | V16: 0 | W16: 0 | X16: 0 | Y16: 0 | Z16: 0.090790877 | AA16: 0 | AB16: 0 | AC16: 0.030263626 | AD16: 0.022697719
... A32: RATING GENERAL | B32: 3.9530086 | C32: 2.3087634 | D32: 1.9330126 | E32: 1.5720351 | F32: 1.8219469 | G32: 3.261895 | H32: 4.7686358 | I32: 12.215256 | J32: 13.292926 | K32: 13.998423 | L32: 17.402505 | M32: 18.664139 | N32: 18.546995 | O32: 19.160109 | P32: 16.921251 | Q32: 15.383094 | R32: 15.88607 | S32: 15.289711 | T32: 12.055598 | U32: 10.995624 | V32: 8.2162648 | W32: 8.5627274 | X32: 4.6143139 | Y32: 3.8990466 | Z32: 13.390314 | AA32: 16.864538 | AB32: 8.0572626 | AC32: 12.770705 | AD32: 10.196806
A34: CUADRO 65: RESUMEN DE RATING POR HORA - SEGMENTO D2E | FM | SABADO A DOMINGO
A36: RADIOS | B36: HORAS | Z36: PROMEDIO
B37: 00:00 - 00:59 | C37: 01:00 - 01:59 | D37: 02:00 - 02:59 | E37: 03:00 - 03:59 | F37: 04:00 - 04:59 | G37: 05:00 - 05:59 | H37: 06:00 - 06:59 | I37: 07:00 - 07:59 | J37: 08:00 - 08:59 | K37: 09:00 - 09:59 | L37: 10:00 - 10:59 | M37: 11:00 - 11:59 | N37: 12:00 - 12:59 | O37: 13:00 - 13:59 | P37: 14:00 - 14:59 | Q37: 15:00 - 15:59 | R37: 16:00 - 16:59 | S37: 17:00 - 17:59 | T37: 18:00 - 18:59 | U37: 19:00 - 19:59 | V37: 20:00 - 20:59 | W37: 21:00 - 21:59 | X37: 22:00 - 22:59 | Y37: 23:00 - 23:59 | Z37: 06:00 - 11:59 | AA37: 12:00 - 17:59 | AB37: 18:00 - 23:59 | AC37: 06:00 - 23:59 | AD37: 00:00 - 24:00
A38: 88.3 LACOSTA | B38: 0.37513076 | C38: 0.37513076 | D38: 0.37513076 | E38: 0.37513076 | F38: 0.37513076 | G38: 0.37513076 | H38: 0.37513076 | I38: 0.94152645 | J38: 0.65710299 | K38: 0.28197223 | L38: 0.70005225 | M38: 0.13365656 | N38: 0 | O38: 0 | P38: 0 | Q38: 0.16484066 | R38: 0.16484066 | S38: 0.16484066 | T38: 0 | U38: 0 | V38: 0 | W38: 0 | X38: 0 | Y38: 0 | Z38: 0.51490687 | AA38: 0.082420328 | AB38: 0 | AC38: 0.19910907 | AD38: 0.24311449
A39: 90.3 OLDIES | B39: 0 | C39: 0 | D39: 0 | E39: 0.090758803 | F39: 0 | G39: 0 | H39: 0.092460993 | I39: 0.096986307 | J39: 0.1894473 | K39: 0.096986307 | L39: 0.20741377 | M39: 0.31396149 | N39: 0.20353403 | O39: 0.096986307 | P39: 0.096986307 | Q39: 0 | R39: 0 | S39: 0.10654772 | T39: 0 | U39: 0 | V39: 0 | W39: 0 | X39: 0 | Y39: 0 | Z39: 0.16620936 | AA39: 0.08400906 | AB39: 0 | AC39: 0.083406141 | AD39: 0.066336222
A40: 91.1 RADIOFUTURA | B40: 0 | C40: 0 | D40: 0 | E40: 0 | F40: 0 | G40: 0.15506758 | H40: 0 | I40: 0 | J40: 0 | K40: 0 | L40: 0.10211407 | M40: 0.10211407 | N40: 0.12501327 | O40: 0.12501327 | P40: 0.23502139 | Q40: 0.33200769 | R40: 0.33200769 | S40: 0.22199958 | T40: 0 | U40: 0 | V40: 0.52148336 | W40: 0.52148336 | X40: 0 | Y40: 0 | Z40: 0.034038024 | AA40: 0.22851048 | AB40: 0.17382779 | AC40: 0.14545876 | AD40: 0.11555522
A41: 91.9 DISNEY | B41: 0 | C41: 0 | D41: 0 | E41: 0 | F41: 0.14050781 | G41: 0.14050781 | H41: 0.10365942 | I41: 0.34646342 | J41: 0.34646342 | K41: 0.51800262 | L41: 0.65849487 | M41: 0.65849487 | N41: 1.034123 | O41: 1.9906757 | P41: 1.1678136 | Q41: 1.332971 | R41: 0.81148766 | S41: 0.63089686 | T41: 0.4102961 | U41: 0.74029911 | V41: 0.30522979 | W41: 0.30522979 | X41: 0.30522979 | Y41: 0 | Z41: 0.43859644 | AA41: 1.161328 | AB41: 0.34438076 | AC41: 0.64810172 | AD41: 0.49778528
A42: 92.5 CONCIERTO URBANA | B42: 0 | C42: 0 | D42: 0 | E42: 0 | F42: 0 | G42: 0 | H42: 0 | I42: 0 | J42: 0 | K42: 0 | L42: 0 | M42: 0 | N42: 0 | O42: 0 | P42: 0 | Q42: 0 | R42: 0 | S42: 0 | T42: 0 | U42: 0 | V42: 0 | W42: 0 | X42: 0 | Y42: 0 | Z42: 0 | AA42: 0 | AB42: 0 | AC42: 0 | AD42: 0
A43: 93.1 INOLVIDABLE | B43: 0.242804 | C43: 0 | D43: 0 | E43: 0 | F43: 0.13832343 | G43: 0.13832343 | H43: 0.22404629 | I43: 0.90856184 | J43: 1.3621647 | K43: 0.77234739 | L43: 1.2180523 | M43: 1.0822818 | N43: 0.82466001 | O43: 1.280181 | P43: 1.101609 | Q43: 1.1939834 | R43: 0.93562833 | S43: 0.79216271 | T43: 0.89872459 | U43: 1.009251 | V43: 0.67068322 | W43: 0.63899946 | X43: 0 | Y43: 0 | Z43: 0.92790905 | AA43: 1.0213707 | AB43: 0.53627638 | AC43: 0.82851873 | AD43: 0.64303283
A44: 93.9 OCEANO | B44: 0 | C44: 0 | D44: 0 | E44: 0 | F44: 0 | G44: 0 | H44: 0 | I44: 0.08909059 | J44: 0.08909059 | K44: 0.08909059 | L44: 0.08909059 | M44: 0.08909059 | N44: 0.08909059 | O44: 0.21807332 | P44: 0.08909059 | Q44: 0.26091432 | R44: 0.17015552 | S44: 0.17015552 | T44: 0.29913825 | U44: 0 | V44: 0 | W44: 0 | X44: 0 | Y44: 0 | Z44: 0.074242158 | AA44: 0.16624664 | AB44: 0.049856374 | AC44: 0.096781725 | AD44: 0.072586294
A45: 94.7 E. DEL SUR | B45: 0 | C45: 0 | D45: 0 | E45: 0 | F45: 0 | G45: 0.25855929 | H45: 0.25855929 | I45: 0.25855929 | J45: 0 | K45: 0 | L45: 0 | M45: 0 | N45: 0.11042747 | O45: 0.11042747 | P45: 0.11042747 | Q45: 0.11042747 | R45: 0.11042747 | S45: 0.11042747 | T45: 0.11042747 | U45: 0 | V45: 0 | W45: 0 | X45: 0 | Y45: 0 | Z45: 0.086186431 | AA45: 0.11042747 | AB45: 0.018404578 | AC45: 0.071672825 | AD45: 0.064527923
A46: 95.5 DEL PLATA | B46: 0.242804 | C46: 0.242804 | D46: 0.44765176 | E46: 0.242804 | F46: 0 | G46: 0 | H46: 0 | I46: 0 | J46: 0.11918024 | K46: 0.13369058 | L46: 0.13369058 | M46: 0.13369058 | N46: 0.20484776 | O46: 0.11918024 | P46: 0.20484776 | Q46: 0 | R46: 0.42884344 | S46: 0.19780693 | T46: 0.10704813 | U46: 0.31189588 | V46: 0.10704813 | W46: 0 | X46: 0 | Y46: 0.081064929 | Z46: 0.086708666 | AA46: 0.19258769 | AB46: 0.10117618 | AC46: 0.12682418 | AD46: 0.14412079
A47: 96.3 ALFA | B47: 0 | C47: 0 | D47: 0 | E47: 0 | F47: 0 | G47: 0 | H47: 0 | I47: 0 | J47: 0 | K47: 0 | L47: 0.12169342 | M47: 0.12169342 | N47: 0.12169342 | O47: 0.12169342 | P47: 0.12169342 | Q47: 0 | R47: 0 | S47: 0 | T47: 0 | U47: 0 | V47: 0 | W47: 0 | X47: 0 | Y47: 0 | Z47: 0.040564473 | AA47: 0.060846709 | AB47: 0 | AC47: 0.033803727 | AD47: 0.025352795
A48: 97.1 BABEL | B48: 0 | C48: 0 | D48: 0 | E48: 0 | F48: 0 | G48: 0 | H48: 0 | I48: 0 | J48: 0 | K48: 0 | L48: 0 | M48: 0 | N48: 0 | O48: 0.11736341 | P48: 0.11736341 | Q48: 0.11736341 | R48: 0.11736341 | S48: 0 | T48: 0 | U48: 0 | V48: 0 | W48: 0 | X48: 0 | Y48: 0 | Z48: 0 | AA48: 0.078242275 | AB48: 0 | AC48: 0.026080758 | AD48: 0.019560569
A49: 97.9 M24 | B49: 0 | C49: 0 | D49: 0 | E49: 0 | F49: 0 | G49: 0 | H49: 0 | I49: 0.095576272 | J49: 0 | K49: 0 | L49: 0 | M49: 0 | N49: 0 | O49: 0 | P49: 0 | Q49: 0 | R49: 0 | S49: 0 | T49: 0 | U49: 0 | V49: 0 | W49: 0 | X49: 0 | Y49: 0 | Z49: 0.015929379 | AA49: 0 | AB49: 0 | AC49: 0.0053097929 | AD49: 0.0039823447
... A65: RATING GENERAL | B65: 3.9530086 | C65: 2.3087634 | D65: 1.9330126 | E65: 1.5720351 | F65: 1.8219469 | G65: 3.261895 | H65: 4.7686358 | I65: 12.215256 | J65: 13.292926 | K65: 13.998423 | L65: 17.402505 | M65: 18.664139 | N65: 18.546995 | O65: 19.160109 | P65: 16.921251 | Q65: 15.383094 | R65: 15.88607 | S65: 15.289711 | T65: 12.055598 | U65: 10.995624 | V65: 8.2162648 | W65: 8.5627274 | X65: 4.6143139 | Y65: 3.8990466 | Z65: 13.390314 | AA65: 16.864538 | AB65: 8.0572626 | AC65: 12.770705 | AD65: 10.196806

Sheet RatxEdadxLVxAM
A1: CUADRO 66: RESUMEN DE RATING POR HORA SEGUN RADIO Y EDAD | AM | LUNES A VIERNES
A3: RADIOS | B3: EDAD | C3: HORAS | AA3: PROMEDIO
C4: 00:00 - 00:59 | D4: 01:00 - 01:59 | E4: 02:00 - 02:59 | F4: 03:00 - 03:59 | G4: 04:00 - 04:59 | H4: 05:00 - 05:59 | I4: 06:00 - 06:59 | J4: 07:00 - 07:59 | K4: 08:00 - 08:59 | L4: 09:00 - 09:59 | M4: 10:00 - 10:59 | N4: 11:00 - 11:59 | O4: 12:00 - 12:59 | P4: 13:00 - 13:59 | Q4: 14:00 - 14:59 | R4: 15:00 - 15:59 | S4: 16:00 - 16:59 | T4: 17:00 - 17:59 | U4: 18:00 - 18:59 | V4: 19:00 - 19:59 | W4: 20:00 - 20:59 | X4: 21:00 - 21:59 | Y4: 22:00 - 22:59 | Z4: 23:00 - 23:59 | AA4: 06:00 - 11:59 | AB4: 12:00 - 17:59 | AC4: 18:00 - 23:59 | AD4: 06:00 - 23:59 | AE4: 00:00 - 24:00
A5: CX4 RURAL | B5: TOTAL | C5: 0.13487773 | D5: 0.081572454 | E5: 0.049935373 | F5: 0 | G5: 0 | H5: 0 | I5: 0.13717582 | J5: 0.18530991 | K5: 0.13562023 | L5: 0.098169175 | M5: 0.13366832 | N5: 0.14569296 | O5: 0.12547765 | P5: 0.18218993 | Q5: 0.2574823 | R5: 0.23280986 | S5: 0.25169145 | T5: 0.12662447 | U5: 0.062348266 | V5: 0.065895989 | W5: 0.036420788 | X5: 0.075662058 | Y5: 0.1111596 | Z5: 0.16444734 | AA5: 0.13927274 | AB5: 0.19604594 | AC5: 0.085989007 | AD5: 0.1404359 | AE5: 0.11642632
B6: 12 A 17 | C6: 0 | D6: 0 | E6: 0 | F6: 0 | G6: 0 | H6: 0 | I6: 0 | J6: 0 | K6: 0 | L6: 0 | M6: 0 | N6: 0 | O6: 0 | P6: 0 | Q6: 0 | R6: 0 | S6: 0 | T6: 0 | U6: 0 | V6: 0 | W6: 0 | X6: 0 | Y6: 0 | Z6: 0 | AA6: 0 | AB6: 0 | AC6: 0 | AD6: 0 | AE6: 0
B7: 18 A 29 | C7: 0 | D7: 0 | E7: 0 | F7: 0 | G7: 0 | H7: 0 | I7: 0 | J7: 0 | K7: 0 | L7: 0 | M7: 0 | N7: 0 | O7: 0 | P7: 0 | Q7: 0 | R7: 0 | S7: 0 | T7: 0 | U7: 0 | V7: 0 | W7: 0 | X7: 0 | Y7: 0 | Z7: 0 | AA7: 0 | AB7: 0 | AC7: 0 | AD7: 0 | AE7: 0
B8: 30 A 39 | C8: 0 | D8: 0 | E8: 0 | F8: 0 | G8: 0 | H8: 0 | I8: 0 | J8: 0 | K8: 0 | L8: 0 | M8: 0.08468132 | N8: 0.18027158 | O8: 0.1883304 | P8: 0 | Q8: 0 | R8: 0 | S8: 0 | T8: 0 | U8: 0 | V8: 0 | W8: 0 | X8: 0 | Y8: 0 | Z8: 0 | AA8: 0.044158817 | AB8: 0.0313884 | AC8: 0 | AD8: 0.025182406 | AE8: 0.018886804
B9: 40 A 49 | C9: 0 | D9: 0 | E9: 0 | F9: 0 | G9: 0 | H9: 0 | I9: 0.37737802 | J9: 0.35316927 | K9: 0 | L9: 0 | M9: 0.34135468 | N9: 0.12490817 | O9: 0 | P9: 0 | Q9: 0.23875222 | R9: 0.15788368 | S9: 0.24035112 | T9: 0.14255148 | U9: 0 | V9: 0 | W9: 0.088979415 | X9: 0.096844185 | Y9: 0.37322645 | Z9: 0.32673533 | AA9: 0.19946836 | AB9: 0.12992308 | AC9: 0.1476309 | AD9: 0.15900745 | AE9: 0.11925558
B10: 50 A 59 | C10: 0.42062588 | D10: 0.31531378 | E10: 0.091914567 | F10: 0 | G10: 0 | H10: 0 | I10: 0 | J10: 0.29143135 | K10: 0.31515186 | L10: 0 | M10: 0 | N10: 0 | O10: 0 | P10: 0 | Q10: 0.35619532 | R10: 0.24966859 | S10: 0.32014315 | T10: 0.25017894 | U10: 0.22828326 | V10: 0.17282532 | W10: 0.12954531 | X10: 0.28561307 | Y10: 0.27076005 | Z10: 0.35619246 | AA10: 0.1010972 | AB10: 0.196031 | AC10: 0.24053658 | AD10: 0.17922159 | AE10: 0.16891012
B11: 60 + | C11: 0.38864048 | D11: 0.17412095 | E11: 0.20769767 | F11: 0 | G11: 0 | H11: 0 | I11: 0.44567693 | J11: 0.46725882 | K11: 0.4985695 | L11: 0.58901505 | M11: 0.37597394 | N11: 0.56897803 | O11: 0.56453548 | P11: 1.0931396 | Q11: 0.94994623 | R11: 0.9893069 | S11: 0.94965445 | T11: 0.36701642 | U11: 0.14580634 | V11: 0.22255061 | W11: 0 | X11: 0.071515089 | Y11: 0.022971085 | Z11: 0.30375627 | AA11: 0.49091205 | AB11: 0.81893317 | AC11: 0.12776657 | AD11: 0.47920393 | AE11: 0.39150541
A12: CX6 CLÁSICA | B12: TOTAL | C12: 0 | D12: 0 | E12: 0 | F12: 0 | G12: 0 | H12: 0 | I12: 0 | J12: 0.050264099 | K12: 0.096431054 | L12: 0.075851647 | M12: 0.029684692 | N12: 0.017606947 | O12: 0 | P12: 0.073362116 | Q12: 0.073362116 | R12: 0.027195161 | S12: 0 | T12: 0 | U12: 0 | V12: 0 | W12: 0.0087500327 | X12: 0 | Y12: 0 | Z12: 0 | AA12: 0.044973073 | AB12: 0.028986566 | AC12: 0.0014583388 | AD12: 0.025139326 | AE12: 0.018854494
B13: 12 A 17 | C13: 0 | D13: 0 | E13: 0 | F13: 0 | G13: 0 | H13: 0 | I13: 0 | J13: 0 | K13: 0 | L13: 0 | M13: 0 | N13: 0 | O13: 0 | P13: 0 | Q13: 0 | R13: 0 | S13: 0 | T13: 0 | U13: 0 | V13: 0 | W13: 0 | X13: 0 | Y13: 0 | Z13: 0 | AA13: 0 | AB13: 0 | AC13: 0 | AD13: 0 | AE13: 0
B14: 18 A 29 | C14: 0 | D14: 0 | E14: 0 | F14: 0 | G14: 0 | H14: 0 | I14: 0 | J14: 0 | K14: 0 | L14: 0 | M14: 0 | N14: 0 | O14: 0 | P14: 0 | Q14: 0 | R14: 0 | S14: 0 | T14: 0 | U14: 0 | V14: 0 | W14: 0 | X14: 0 | Y14: 0 | Z14: 0 | AA14: 0 | AB14: 0 | AC14: 0 | AD14: 0 | AE14: 0
B15: 30 A 39 | C15: 0 | D15: 0 | E15: 0 | F15: 0 | G15: 0 | H15: 0 | I15: 0 | J15: 0 | K15: 0 | L15: 0 | M15: 0 | N15: 0 | O15: 0 | P15: 0.070019695 | Q15: 0.070019695 | R15: 0.089128269 | S15: 0 | T15: 0 | U15: 0 | V15: 0 | W15: 0 | X15: 0 | Y15: 0 | Z15: 0 | AA15: 0 | AB15: 0.03819461 | AC15: 0 | AD15: 0.012731537 | AE15: 0.0095486525
B16: 40 A 49 | C16: 0 | D16: 0 | E16: 0 | F16: 0 | G16: 0 | H16: 0 | I16: 0 | J16: 0 | K16: 0 | L16: 0 | M16: 0 | N16: 0 | O16: 0 | P16: 0 | Q16: 0 | R16: 0 | S16: 0 | T16: 0 | U16: 0 | V16: 0 | W16: 0.052500196 | X16: 0 | Y16: 0 | Z16: 0 | AA16: 0 | AB16: 0 | AC16: 0.0087500327 | AD16: 0.0029166776 | AE16: 0.0021875082
B17: 50 A 59 | C17: 0 | D17: 0 | E17: 0 | F17: 0 | G17: 0 | H17: 0 | I17: 0 | J17: 0.17750288 | K17: 0.46872118 | L17: 0.38489015 | M17: 0.094747544 | N17: 0 | O17: 0 | P17: 0.31198462 | Q17: 0.31198462 | R17: 0 | S17: 0 | T17: 0 | U17: 0 | V17: 0 | W17: 0 | X17: 0 | Y17: 0 | Z17: 0 | AA17: 0.18764363 | AB17: 0.10399487 | AC17: 0 | AD17: 0.097212834 | AE17: 0.072909625
B18: 60 + | C18: 0 | D18: 0 | E18: 0 | F18: 0 | G18: 0 | H18: 0 | I18: 0 | J18: 0.12408171 | K18: 0.10986514 | L18: 0.070219731 | M18: 0.083360609 | N18: 0.10564168 | O18: 0 | P18: 0.05816838 | Q18: 0.05816838 | R18: 0.074042697 | S18: 0 | T18: 0 | U18: 0 | V18: 0 | W18: 0 | X18: 0 | Y18: 0 | Z18: 0 | AA18: 0.082194813 | AB18: 0.03172991 | AC18: 0 | AD18: 0.037974908 | AE18: 0.028481181
A19: CX8 SARANDI | B19: TOTAL | C19: 0.040649208 | D19: 0.017734671 | E19: 0.017734671 | F19: 0.017734671 | G19: 0.082197691 | H19: 0.35582781 | I19: 1.1248027 | J19: 1.8705685 | K19: 2.1517821 | L19: 2.1478479 | M19: 1.9139002 | N19: 1.674831 | O19: 0.96079712 | P19: 0.53219598 | Q19: 0.44157594 | R19: 0.42803692 | S19: 0.56347808 | T19: 0.45925573 | U19: 0.2685774 | V19: 0.15612011 | W19: 0.10709707 | X19: 0.11231822 | Y19: 0.08958329 | Z19: 0.026856082 | AA19: 1.8139554 | AB19: 0.56422329 | AC19: 0.12675869 | AD19: 0.83497913 | AE19: 0.64839596
B20: 12 A 17 | C20: 0 | D20: 0 | E20: 0 | F20: 0 | G20: 0 | H20: 0 | I20: 0 | J20: 0 | K20: 0.36281893 | L20: 0 | M20: 0 | N20: 0 | O20: 0.36184716 | P20: 0 | Q20: 0 | R20: 0 | S20: 0 | T20: 0 | U20: 0 | V20: 0 | W20: 0 | X20: 0 | Y20: 0 | Z20: 0 | AA20: 0.060469822 | AB20: 0.06030786 | AC20: 0 | AD20: 0.040259227 | AE20: 0.03019442
B21: 18 A 29 | C21: 0 | D21: 0 | E21: 0 | F21: 0 | G21: 0 | H21: 0 | I21: 0.091777962 | J21: 0.10637206 | K21: 0.10433488 | L21: 0.21846529 | M21: 0.21475752 | N21: 0.10851304 | O21: 0.14633296 | P21: 0.043140002 | Q21: 0.14388749 | R21: 0.041077863 | S21: 0.040897254 | T21: 0.042843477 | U21: 0.041842927 | V21: 0.042258389 | W21: 0.038330683 | X21: 0.035975722 | Y21: 0 | Z21: 0 | AA21: 0.14070346 | AB21: 0.076363173 | AC21: 0.026401287 | AD21: 0.081155973 | AE21: 0.06086698
B22: 30 A 39 | C22: 0 | D22: 0 | E22: 0 | F22: 0 | G22: 0 | H22: 0 | I22: 0.84413107 | J22: 2.027163 | K22: 2.5416419 | L22: 2.671411 | M22: 2.3569808 | N22: 1.9165904 | O22: 0.73480163 | P22: 0.77035098 | Q22: 0.79044772 | R22: 0.71381835 | S22: 1.0460907 | T22: 0.61644651 | U22: 0.60205027 | V22: 0.22430309 | W22: 0.30608431 | X22: 0 | Y22: 0 | Z22: 0 | AA22: 2.059653 | AB22: 0.77865931 | AC22: 0.18873961 | AD22: 1.0090173 | AE22: 0.75676299
B23: 40 A 49 | C23: 0 | D23: 0 | E23: 0 | F23: 0 | G23: 0 | H23: 0.96956512 | I23: 2.1723009 | J23: 2.7671337 | K23: 2.9403931 | L23: 2.8980066 | M23: 2.5005534 | N23: 2.5818068 | O23: 0.77588892 | P23: 0.50020465 | Q23: 0.37052343 | R23: 0.68143489 | S23: 0.5857721 | T23: 0.60511121 | U23: 0.21596496 | V23: 0.21810929 | W23: 0.067892061 | X23: 0.34174817 | Y23: 0.19393552 | Z23: 0 | AA23: 2.6433658 | AB23: 0.5864892 | AC23: 0.17294167 | AD23: 1.1342655 | AE23: 0.8910977
B24: 50 A 59 | C24: 0.17891825 | D24: 0.10640803 | E24: 0.10640803 | F24: 0.10640803 | G24: 0.49318615 | H24: 0.78671659 | I24: 1.1984375 | J24: 1.6717722 | K24: 2.0088507 | L24: 2.494129 | M24: 2.1676727 | N24: 1.9067217 | O24: 1.3703491 | P24: 0.44599377 | Q24: 0.16071264 | R24: 0.30480531 | S24: 0.64610521 | T24: 0.29784575 | U24: 0.22444564 | V24: 0.10469184 | W24: 0.17200873 | X24: 0.21395311 | Y24: 0 | Z24: 0 | AA24: 1.9079306 | AB24: 0.53763529 | AC24: 0.11918322 | AD24: 0.85491638 | AE24: 0.7152725
B25: 60 + | C25: 0.064976997 | D25: 0 | E25: 0 | F25: 0 | G25: 0 | H25: 0.37868512 | I25: 2.4421688 | J25: 4.6509699 | K25: 4.9526532 | L25: 4.6050755 | M25: 4.2434368 | N25: 3.5353543 | O25: 2.375563 | P25: 1.4334865 | Q25: 1.1838843 | R25: 0.82708511 | S25: 1.0620032 | T25: 1.1932874 | U25: 0.52716062 | V25: 0.34735804 | W25: 0.058266616 | X25: 0.08223229 | Y25: 0.34356421 | Z25: 0.16113649 | AA25: 4.0716097 | AB25: 1.3458849 | AC25: 0.25328638 | AD25: 1.8902604 | AE25: 1.4361812
A26: CX10 CONTINENTE | B26: TOTAL | C26: 0 | D26: 0 | E26: 0 | F26: 0 | G26: 0 | H26: 0 | I26: 0.012417155 | J26: 0.056230769 | K26: 0.14838865 | L26: 0.087320416 | M26: 0.10043737 | N26: 0.088611493 | O26: 0.10585156 | P26: 0.070187464 | Q26: 0.15407253 | R26: 0.035378216 | S26: 0.089788347 | T26: 0.012129963 | U26: 0.012129963 | V26: 0.049486982 | W26: 0.12258693 | X26: 0.13479582 | Y26: 0.15464166 | Z26: 0.1174581 | AA26: 0.082234309 | AB26: 0.077901346 | AC26: 0.098516576 | AD26: 0.08621741 | AE26: 0.064663058
B27: 12 A 17 | C27: 0 | D27: 0 | E27: 0 | F27: 0 | G27: 0 | H27: 0 | I27: 0 | J27: 0 | K27: 0 | L27: 0 | M27: 0 | N27: 0 | O27: 0 | P27: 0 | Q27: 0 | R27: 0 | S27: 0 | T27: 0 | U27: 0 | V27: 0 | W27: 0 | X27: 0 | Y27: 0 | Z27: 0 | AA27: 0 | AB27: 0 | AC27: 0 | AD27: 0 | AE27: 0
B28: 18 A 29 | C28: 0 | D28: 0 | E28: 0 | F28: 0 | G28: 0 | H28: 0 | I28: 0 | J28: 0 | K28: 0 | L28: 0 | M28: 0.13703969 | N28: 0 | O28: 0 | P28: 0 | Q28: 0 | R28: 0 | S28: 0 | T28: 0 | U28: 0 | V28: 0 | W28: 0.08074708 | X28: 0.08279712 | Y28: 0.085597438 | Z28: 0 | AA28: 0.022839948 | AB28: 0 | AC28: 0.041523606 | AD28: 0.021454518 | AE28: 0.016090888
B29: 30 A 39 | C29: 0 | D29: 0 | E29: 0 | F29: 0 | G29: 0 | H29: 0 | I29: 0 | J29: 0 | K29: 0 | L29: 0 | M29: 0 | N29: 0 | O29: 0 | P29: 0 | Q29: 0 | R29: 0 | S29: 0 | T29: 0 | U29: 0 | V29: 0 | W29: 0 | X29: 0 | Y29: 0 | Z29: 0 | AA29: 0 | AB29: 0 | AC29: 0 | AD29: 0 | AE29: 0
B30: 40 A 49 | C30: 0 | D30: 0 | E30: 0 | F30: 0 | G30: 0 | H30: 0 | I30: 0.074502928 | J30: 0.094544225 | K30: 0.15841773 | L30: 0.08512323 | M30: 0.085658017 | N30: 0.07864045 | O30: 0.12077024 | P30: 0.12257899 | Q30: 0.58010771 | R30: 0.2122693 | S30: 0.53873008 | T30: 0 | U30: 0 | V30: 0.12861293 | W30: 0.11053943 | X30: 0.11334585 | Y30: 0.11717937 | Z30: 0.1097281 | AA30: 0.096147763 | AB30: 0.26240939 | AC30: 0.096567613 | AD30: 0.15170825 | AE30: 0.11378119
B31: 50 A 59 | C31: 0 | D31: 0 | E31: 0 | F31: 0 | G31: 0 | H31: 0 | I31: 0 | J31: 0.071329136 | K31: 0.42637749 | L31: 0.077219818 | M31: 0.077704952 | N31: 0.17556656 | O31: 0.17196096 | P31: 0.062652734 | Q31: 0.19471361 | R31: 0 | S31: 0 | T31: 0 | U31: 0 | V31: 0 | W31: 0.39957795 | X31: 0.4097226 | Y31: 0.42358001 | Z31: 0.39664515 | AA31: 0.13803299 | AB31: 0.071554551 | AC31: 0.27158762 | AD31: 0.16039172 | AE31: 0.12029379
B32: 60 + | C32: 0 | D32: 0 | E32: 0 | F32: 0 | G32: 0 | H32: 0 | I32: 0 | J32: 0.17151125 | K32: 0.30553668 | L32: 0.36157944 | M32: 0.30222157 | N32: 0.27746195 | O32: 0.34237815 | P32: 0.23589306 | Q32: 0.14961383 | R32: 0 | S32: 0 | T32: 0.07277978 | U32: 0.07277978 | V32: 0.16830897 | W32: 0.14465714 | X32: 0.20290934 | Y32: 0.30149311 | Z32: 0.19837536 | AA32: 0.23638515 | AB32: 0.13344414 | AC32: 0.18142062 | AD32: 0.18374997 | AE32: 0.13781248
A33: CX12 ORIENTAL | B33: TOTAL | C33: 0 | D33: 0 | E33: 0 | F33: 0 | G33: 0.010163175 | H33: 0.010163175 | I33: 0.10762049 | J33: 0.43063651 | K33: 0.50718184 | L33: 0.57053186 | M33: 0.49207602 | N33: 0.37935364 | O33: 0.22585545 | P33: 0.21282968 | Q33: 0.19760663 | R33: 0.15213216 | S33: 0.15213216 | T33: 0.16720314 | U33: 0.06353214 | V33: 0.15876761 | W33: 0.11349349 | X33: 0.16759406 | Y33: 0.13763739 | Z33: 0.15577417 | AA33: 0.41456673 | AB33: 0.18462654 | AC33: 0.13279981 | AD33: 0.24399769 | AE33: 0.1838452
B34: 12 A 17 | C34: 0 | D34: 0 | E34: 0 | F34: 0 | G34: 0 | H34: 0 | I34: 0 | J34: 0 | K34: 0 | L34: 0 | M34: 0 | N34: 0 | O34: 0 | P34: 0 | Q34: 0 | R34: 0 | S34: 0 | T34: 0 | U34: 0 | V34: 0 | W34: 0 | X34: 0 | Y34: 0 | Z34: 0 | AA34: 0 | AB34: 0 | AC34: 0 | AD34: 0 | AE34: 0
B35: 18 A 29 | C35: 0 | D35: 0 | E35: 0 | F35: 0 | G35: 0 | H35: 0 | I35: 0 | J35: 0 | K35: 0 | L35: 0 | M35: 0 | N35: 0 | O35: 0 | P35: 0 | Q35: 0 | R35: 0 | S35: 0 | T35: 0.10281211 | U35: 0.11544169 | V35: 0.099958825 | W35: 0.080298477 | X35: 0.081095507 | Y35: 0.107965 | Z35: 0 | AA35: 0 | AB35: 0.017135352 | AC35: 0.080793251 | AD35: 0.032642868 | AE35: 0.024482151
B36: 30 A 39 | C36: 0 | D36: 0 | E36: 0 | F36: 0 | G36: 0 | H36: 0 | I36: 0 | J36: 0 | K36: 0.096225849 | L36: 0 | M36: 0.090775061 | N36: 0 | O36: 0.079006973 | P36: 0 | Q36: 0 | R36: 0 | S36: 0 | T36: 0 | U36: 0 | V36: 0 | W36: 0 | X36: 0 | Y36: 0.077843917 | Z36: 0.078463056 | AA36: 0.031166818 | AB36: 0.013167829 | AC36: 0.026051162 | AD36: 0.023461936 | AE36: 0.017596452
B37: 40 A 49 | C37: 0 | D37: 0 | E37: 0 | F37: 0 | G37: 0 | H37: 0 | I37: 0.44075547 | J37: 1.3350137 | K37: 1.3669011 | L37: 0.83475043 | M37: 0.18014613 | N37: 0.42080952 | O37: 0.36118679 | P37: 0.3800125 | Q37: 0.52895801 | R37: 0.3428058 | S37: 0.3428058 | T37: 0.35110789 | U37: 0.085182624 | V37: 0.32704038 | W37: 0.41351696 | X37: 0.34551927 | Y37: 0 | Z37: 0 | AA37: 0.76306274 | AB37: 0.38447946 | AC37: 0.19520987 | AD37: 0.44758402 | AE37: 0.33568802
B38: 50 A 59 | C38: 0 | D38: 0 | E38: 0 | F38: 0 | G38: 0 | H38: 0 | I38: 0 | J38: 0.11855052 | K38: 0.50660953 | L38: 0.59279353 | M38: 0.77531151 | N38: 0.88190613 | O38: 0.46593008 | P38: 0.533846 | Q38: 0.53550177 | R38: 0.39675963 | S38: 0.39675963 | T38: 0.40636838 | U38: 0.10626586 | V38: 0.43872521 | W38: 0.096257287 | X38: 0.36630195 | Y38: 0 | Z38: 0 | AA38: 0.4791952 | AB38: 0.45586091 | AC38: 0.16792505 | AD38: 0.36766039 | AE38: 0.27574529
B39: 60 + | C39: 0 | D39: 0 | E39: 0 | F39: 0 | G39: 0.06097905 | H39: 0.06097905 | I39: 0.20496745 | J39: 1.1302548 | K39: 1.0733545 | L39: 1.9956472 | M39: 1.9062234 | N39: 0.97340618 | O39: 0.44900883 | P39: 0.36311956 | Q39: 0.12117999 | R39: 0.17322756 | S39: 0.17322756 | T39: 0.14293049 | U39: 0.074302664 | V39: 0.086881248 | W39: 0.090888192 | X39: 0.21264761 | Y39: 0.64001544 | Z39: 0.85618197 | AA39: 1.2139756 | AB39: 0.23711566 | AC39: 0.32681952 | AD39: 0.59263693 | AE39: 0.44955928
A40: CX14 EL ESPECTADOR | B40: TOTAL | C40: 0.15696632 | D40: 0.024900548 | E40: 0.02494048 | F40: 0 | G40: 0 | H40: 0.081513773 | I40: 0.39448687 | J40: 0.52792627 | K40: 0.67874783 | L40: 0.78496633 | M40: 0.62546164 | N40: 0.57216397 | O40: 0.40460153 | P40: 0.44776778 | Q40: 0.18643506 | R40: 0.22047374 | S40: 0.15742935 | T40: 0.073704567 | U40: 0.053109247 | V40: 0.13297403 | W40: 0.064285733 | X40: 0.080300332 | Y40: 0.19095592 | Z40: 0.29932079 | AA40: 0.59729215 | AB40: 0.248402 | AC40: 0.13682434 | AD40: 0.32750617 | AE40: 0.25764301
B41: 12 A 17 | C41: 0 | D41: 0 | E41: 0 | F41: 0 | G41: 0 | H41: 0 | I41: 0 | J41: 0 | K41: 0 | L41: 0 | M41: 0 | N41: 0 | O41: 0 | P41: 0 | Q41: 0 | R41: 0 | S41: 0 | T41: 0 | U41: 0 | V41: 0 | W41: 0 | X41: 0 | Y41: 0 | Z41: 0 | AA41: 0 | AB41: 0 | AC41: 0 | AD41: 0 | AE41: 0
B42: 18 A 29 | C42: 0 | D42: 0 | E42: 0 | F42: 0 | G42: 0 | H42: 0.10768825 | I42: 0.047615109 | J42: 0 | K42: 0 | L42: 0.042866806 | M42: 0.044637671 | N42: 0.042707805 | O42: 0.041548374 | P42: 0 | Q42: 0.093098561 | R42: 0.19166132 | S42: 0.19575974 | T42: 0 | U42: 0 | V42: 0 | W42: 0 | X42: 0 | Y42: 0 | Z42: 0 | AA42: 0.029637899 | AB42: 0.087011332 | AC42: 0 | AD42: 0.038883077 | AE42: 0.033649318
B43: 30 A 39 | C43: 0.22703568 | D43: 0 | E43: 0 | F43: 0 | G43: 0 | H43: 0.38139439 | I43: 0.74647073 | J43: 0.44917663 | K43: 0.39216525 | L43: 0.38801396 | M43: 0.242263 | N43: 0.082752224 | O43: 0.15491562 | P43: 0.078293584 | Q43: 0 | R43: 0.08563011 | S43: 0.087461196 | T43: 0.095061508 | U43: 0 | V43: 0.16466095 | W43: 0.16444815 | X43: 0 | Y43: 0 | Z43: 0.049438883 | AA43: 0.38347363 | AB43: 0.083560336 | AC43: 0.063091329 | AD43: 0.17670843 | AE43: 0.15788258
B44: 40 A 49 | C44: 0.10356904 | D44: 0 | E44: 0 | F44: 0 | G44: 0 | H44: 0 | I44: 0 | J44: 0.45892221 | K44: 0.74891095 | L44: 0.60706367 | M44: 0.48230888 | N44: 0.85437747 | O44: 0.60372055 | P44: 1.0178587 | Q44: 0.19877312 | R44: 0.30137026 | S44: 0.064058848 | T44: 0 | U44: 0 | V44: 0 | W44: 0 | X44: 0 | Y44: 0 | Z44: 0.34556535 | AA44: 0.52526386 | AB44: 0.36429691 | AC44: 0.057594225 | AD44: 0.31571833 | AE44: 0.24110413
B45: 50 A 59 | C45: 0 | D45: 0 | E45: 0 | F45: 0 | G45: 0 | H45: 0 | I45: 1.069119 | J45: 1.538897 | K45: 1.6164065 | L45: 2.2337052 | M45: 1.5302378 | N45: 1.4047344 | O45: 1.0560602 | P45: 0.66105568 | Q45: 0.4431766 | R45: 0.42923705 | S45: 0.38110929 | T45: 0.10484566 | U45: 0.19296861 | V45: 0.1068683 | W45: 0 | X45: 0 | Y45: 0 | Z45: 0 | AA45: 1.5655166 | AB45: 0.51258074 | AC45: 0.049972818 | AD45: 0.70935673 | AE45: 0.53201755
B46: 60 + | C46: 0.61119318 | D46: 0.14940329 | E46: 0.14964288 | F46: 0 | G46: 0 | H46: 0 | I46: 0.50371638 | J46: 0.72056179 | K46: 1.3150043 | L46: 1.4381484 | M46: 1.4533226 | N46: 1.048412 | O46: 0.57136448 | P46: 0.9293987 | Q46: 0.38356209 | R46: 0.31494368 | S46: 0.21618704 | T46: 0.24232023 | U46: 0.12568688 | V46: 0.52631496 | W46: 0.22126625 | X46: 0.48180199 | Y46: 1.1457355 | Z46: 1.4009205 | AA46: 1.0798609 | AB46: 0.4429627 | AC46: 0.65028769 | AD46: 0.72437043 | AE46: 0.58120446
A47: CX16 CARVE | B47: TOTAL | C47: 0.051557999 | D47: 0.022696178 | E47: 0 | F47: 0 | G47: 0.017230386 | H47: 0.059795793 | I47: 0.14485893 | J47: 0.1409633 | K47: 0.14997106 | L47: 0.12820286 | M47: 0.17417753 | N47: 0.11824525 | O47: 0.20208045 | P47: 0.22509095 | Q47: 0.27661433 | R47: 0.21796316 | S47: 0.25354365 | T47: 0.17244385 | U47: 0.17842628 | V47: 0.18577592 | W47: 0.16037418 | X47: 0.17803358 | Y47: 0.12535653 | Z47: 0.078392765 | AA47: 0.14273649 | AB47: 0.22462273 | AC47: 0.15105988 | AD47: 0.17280637 | AE47: 0.13590812
B48: 12 A 17 | C48: 0 | D48: 0 | E48: 0 | F48: 0 | G48: 0 | H48: 0 | I48: 0 | J48: 0 | K48: 0 | L48: 0 | M48: 0 | N48: 0 | O48: 0 | P48: 0 | Q48: 0 | R48: 0 | S48: 0 | T48: 0 | U48: 0 | V48: 0 | W48: 0 | X48: 0 | Y48: 0 | Z48: 0 | AA48: 0 | AB48: 0 | AC48: 0 | AD48: 0 | AE48: 0
B49: 18 A 29 | C49: 0 | D49: 0 | E49: 0 | F49: 0 | G49: 0 | H49: 0 | I49: 0 | J49: 0 | K49: 0 | L49: 0 | M49: 0.087351399 | N49: 0.0867501 | O49: 0.088241677 | P49: 0.086592326 | Q49: 0.081696566 | R49: 0.088991385 | S49: 0.085862242 | T49: 0.09400542 | U49: 0 | V49: 0 | W49: 0 | X49: 0 | Y49: 0 | Z49: 0 | AA49: 0.029016917 | AB49: 0.087564936 | AC49: 0 | AD49: 0.038860618 | AE49: 0.029145463
B50: 30 A 39 | C50: 0 | D50: 0 | E50: 0 | F50: 0 | G50: 0 | H50: 0 | I50: 0 | J50: 0 | K50: 0 | L50: 0 | M50: 0 | N50: 0 | O50: 0 | P50: 0 | Q50: 0 | R50: 0.085033246 | S50: 0.17175757 | T50: 0.089824269 | U50: 0 | V50: 0 | W50: 0 | X50: 0 | Y50: 0 | Z50: 0 | AA50: 0 | AB50: 0.057769181 | AC50: 0 | AD50: 0.019256394 | AE50: 0.014442295
B51: 40 A 49 | C51: 0 | D51: 0 | E51: 0 | F51: 0 | G51: 0 | H51: 0 | I51: 0 | J51: 0 | K51: 0 | L51: 0 | M51: 0 | N51: 0 | O51: 0.10501703 | P51: 0.19517413 | Q51: 0.57835289 | R51: 0.46432405 | S51: 0.44799734 | T51: 0.097038565 | U51: 0 | V51: 0 | W51: 0 | X51: 0 | Y51: 0 | Z51: 0 | AA51: 0 | AB51: 0.31465067 | AC51: 0 | AD51: 0.10488356 | AE51: 0.078662667
B52: 50 A 59 | C52: 0 | D52: 0 | E52: 0 | F52: 0 | G52: 0 | H52: 0.23151994 | I52: 0.39073673 | J52: 0.24733345 | K52: 0.32109699 | L52: 0.16167173 | M52: 0.16475989 | N52: 0.12061411 | O52: 0.068832227 | P52: 0.067545663 | Q52: 0 | R52: 0.095909021 | S52: 0.26228983 | T52: 0.18139671 | U52: 0.108429 | V52: 0.10860153 | W52: 0.1079411 | X52: 0.1084194 | Y52: 0.10661651 | Z52: 0 | AA52: 0.23436882 | AB52: 0.11266224 | AC52: 0.090001255 | AD52: 0.14567744 | AE52: 0.11890474
B53: 60 + | C53: 0.30934799 | D53: 0.13617707 | E53: 0 | F53: 0 | G53: 0.10338232 | H53: 0.12725481 | I53: 0.47841687 | J53: 0.59844637 | K53: 0.57872938 | L53: 0.60754544 | M53: 0.79295387 | N53: 0.5021073 | O53: 0.95039175 | P53: 1.0012336 | Q53: 0.99963654 | R53: 0.57352123 | S53: 0.5533549 | T53: 0.57239812 | U53: 0.9621287 | V53: 1.006054 | W53: 0.85430399 | X53: 0.95978209 | Y53: 0.64552269 | Z53: 0.47035659 | AA53: 0.59303321 | AB53: 0.77508935 | AC53: 0.81635801 | AD53: 0.72816019 | AE53: 0.57429357
A54: CX18 SPORT 890 | B54: TOTAL | C54: 0.057966149 | D54: 0.057966149 | E54: 0.02725051 | F54: 0.053441764 | G54: 0.049287014 | H54: 0.17497111 | I54: 0.42265838 | J54: 0.73006374 | K54: 0.96508946 | L54: 1.0481803 | M54: 0.81981972 | N54: 0.85958667 | O54: 0.66918914 | P54: 0.53361242 | Q54: 0.57835774 | R54: 0.62718292 | S54: 0.59415034 | T54: 0.55944873 | U54: 0.28249814 | V54: 0.21575175 | W54: 0.177124 | X54: 0.08521337 | Y54: 0.089233662 | Z54: 0.084095305 | AA54: 0.80756638 | AB54: 0.59365688 | AC54: 0.15565271 | AD54: 0.51895865 | AE54: 0.40675577
B55: 12 A 17 | C55: 0 | D55: 0 | E55: 0 | F55: 0 | G55: 0 | H55: 0 | I55: 0 | J55: 0 | K55: 0 | L55: 0 | M55: 0 | N55: 0 | O55: 0 | P55: 0 | Q55: 0 | R55: 0 | S55: 0 | T55: 0 | U55: 0 | V55: 0 | W55: 0 | X55: 0 | Y55: 0 | Z55: 0 | AA55: 0 | AB55: 0 | AC55: 0 | AD55: 0 | AE55: 0
B56: 18 A 29 | C56: 0 | D56: 0 | E56: 0 | F56: 0 | G56: 0 | H56: 0 | I56: 0 | J56: 0.77061983 | K56: 0.99116377 | L56: 1.0849485 | M56: 1.0191155 | N56: 0.89911027 | O56: 0.50188873 | P56: 0.32508408 | Q56: 0.26595392 | R56: 0.09246216 | S56: 0.088531468 | T56: 0 | U56: 0 | V56: 0 | W56: 0 | X56: 0 | Y56: 0 | Z56: 0 | AA56: 0.79415965 | AB56: 0.21232006 | AC56: 0 | AD56: 0.33549324 | AE56: 0.25161993
B57: 30 A 39 | C57: 0 | D57: 0 | E57: 0 | F57: 0 | G57: 0 | H57: 0 | I57: 0 | J57: 0.40738875 | K57: 0.31370184 | L57: 0 | M57: 0 | N57: 0.17047106 | O57: 0.39439896 | P57: 0.51860546 | Q57: 0.40702875 | R57: 0.67964215 | S57: 0.46910399 | T57: 0.30511436 | U57: 0 | V57: 0 | W57: 0.12218631 | X57: 0.13242651 | Y57: 0.26084144 | Z57: 0.17371712 | AA57: 0.14859361 | AB57: 0.46231561 | AC57: 0.1148619 | AD57: 0.24192371 | AE57: 0.18144278
B58: 40 A 49 | C58: 0.097608746 | D58: 0.097608746 | E58: 0.099680217 | F58: 0.23600465 | G58: 0.10787167 | H58: 0.1269966 | I58: 0 | J58: 0.15896657 | K58: 1.3603543 | L58: 1.5920254 | M58: 0.92986557 | N58: 0.93526337 | O58: 0.57617633 | P58: 0.7205995 | Q58: 0.28538854 | R58: 0.55072764 | S58: 0.41030811 | T58: 0.20046861 | U58: 0.38489884 | V58: 0 | W58: 0 | X58: 0 | Y58: 0.11599643 | Z58: 0.11940563 | AA58: 0.82941253 | AB58: 0.45727812 | AC58: 0.10338348 | AD58: 0.46335805 | AE58: 0.37942564
B59: 50 A 59 | C59: 0.25018815 | D59: 0.25018815 | E59: 0.063822845 | F59: 0.084645937 | G59: 0.1421347 | H59: 0.416052 | I59: 0.91705261 | J59: 0.59714278 | K59: 1.2727066 | L59: 1.547153 | M59: 1.3011126 | N59: 1.4920145 | O59: 0.96602888 | P59: 0.45890113 | Q59: 0.85118449 | R59: 1.2597868 | S59: 1.6964843 | T59: 1.6294628 | U59: 0.88610568 | V59: 1.1257071 | W59: 0.82230794 | X59: 0.27793001 | Y59: 0.097316153 | Z59: 0.10017633 | AA59: 1.1878637 | AB59: 1.1436414 | AC59: 0.55159054 | AD59: 0.96103187 | AE59: 0.7710669
B60: 60 + | C60: 0 | D60: 0 | E60: 0 | F60: 0 | G60: 0.045715714 | H60: 0.50677807 | I60: 1.6188976 | J60: 2.4462645 | K60: 1.8526103 | L60: 2.0649548 | M60: 1.6688247 | N60: 1.6606608 | O60: 1.5766419 | P60: 1.1784844 | Q60: 1.6605907 | R60: 1.1804788 | S60: 0.90047418 | T60: 1.2216466 | U60: 0.42398435 | V60: 0.1688034 | W60: 0.11824972 | X60: 0.1009237 | Y60: 0.061247947 | Z60: 0.11127275 | AA60: 1.8853688 | AB60: 1.2863861 | AC60: 0.16408031 | AD60: 1.1119451 | AE60: 0.85697937
A61: CX20 MONTECARLO | B61: TOTAL | C61: 0.28219242 | D61: 0.34086722 | E61: 0.16415479 | F61: 0.12218134 | G61: 0.17700268 | H61: 0.66237203 | I61: 1.5902935 | J61: 2.9534478 | K61: 3.2364152 | L61: 3.64602 | M61: 3.4274193 | N61: 3.6356067 | O61: 2.8179769 | P61: 1.6826125 | Q61: 1.5146723 | R61: 1.1213118 | S61: 0.87663025 | T61: 0.80511045 | U61: 0.88081953 | V61: 0.68513873 | W61: 0.57224692 | X61: 0.47556822 | Y61: 0.28088342 | Z61: 0.14260956 | AA61: 3.0815338 | AB61: 1.469719 | AC61: 0.50621106 | AD61: 1.6858213 | AE61: 1.3372314
B62: 12 A 17 | C62: 0 | D62: 0 | E62: 0 | F62: 0 | G62: 0 | H62: 0 | I62: 0 | J62: 0.75959317 | K62: 0.77209484 | L62: 0.7705851 | M62: 1.1843322 | N62: 1.195175 | O62: 1.5742067 | P62: 1.4901365 | Q62: 1.5027803 | R62: 1.4837936 | S62: 1.4245776 | T62: 1.350108 | U62: 1.3818524 | V62: 1.3589603 | W62: 1.3007044 | X62: 1.2655449 | Y62: 0 | Z62: 0 | AA62: 0.78029671 | AB62: 1.4709338 | AC62: 0.88451033 | AD62: 1.0452469 | AE62: 0.7839352
B63: 18 A 29 | C63: 0 | D63: 0 | E63: 0 | F63: 0 | G63: 0 | H63: 0 | I63: 0 | J63: 0 | K63: 0.15836574 | L63: 0.31240934 | M63: 0.15461313 | N63: 0.37192063 | O63: 0.20921646 | P63: 0.077267751 | Q63: 0.077923368 | R63: 0 | S63: 0 | T63: 0 | U63: 0 | V63: 0 | W63: 0 | X63: 0 | Y63: 0 | Z63: 0 | AA63: 0.16621814 | AB63: 0.060734597 | AC63: 0 | AD63: 0.075650912 | AE63: 0.056738184
B64: 30 A 39 | C64: 0.081149781 | D64: 0.07905695 | E64: 0.068405981 | F64: 0.071312058 | G64: 0.074595391 | H64: 0.15122894 | I64: 0.30832448 | J64: 0.54897776 | K64: 0.082445014 | L64: 0.29724662 | M64: 0.29077168 | N64: 0.29343377 | O64: 0.2843606 | P64: 0.21610315 | Q64: 0 | R64: 0 | S64: 0 | T64: 0 | U64: 0 | V64: 0 | W64: 0 | X64: 0 | Y64: 0 | Z64: 0.086219184 | AA64: 0.30353322 | AB64: 0.083410625 | AC64: 0.014369864 | AD64: 0.13377124 | AE64: 0.12223464
B65: 40 A 49 | C65: 0.1287943 | D65: 0.39054573 | E65: 0.33792935 | F65: 0.11318067 | G65: 0.20162725 | H65: 0.20151226 | I65: 0.13210339 | J65: 1.2859353 | K65: 1.8909671 | L65: 1.3753054 | M65: 0.85899789 | N65: 0.63160128 | O65: 0.92754861 | P65: 0.32412113 | Q65: 0 | R65: 0.29021593 | S65: 0 | T65: 0.092661939 | U65: 0.094840654 | V65: 0 | W65: 0 | X65: 0.22800923 | Y65: 0.36538357 | Z65: 0.1014032 | AA65: 1.0291517 | AB65: 0.2724246 | AC65: 0.13160611 | AD65: 0.47772748 | AE65: 0.41552851
B66: 50 A 59 | C66: 0.35456947 | D66: 0.34542522 | E66: 0.29888772 | F66: 0.27614263 | G66: 0.28885672 | H66: 1.6628634 | I66: 2.2137184 | J66: 3.9955849 | K66: 3.6484954 | L66: 4.8816717 | M66: 5.3203922 | N66: 5.5427288 | O66: 4.0943348 | P66: 2.9832783 | Q66: 2.6899398 | R66: 1.385621 | S66: 1.3303229 | T66: 1.5572335 | U66: 1.6202583 | V66: 1.0538219 | W66: 0.91363933 | X66: 0.42876056 | Y66: 0.47960626 | Z66: 0 | AA66: 4.2670986 | AB66: 2.3401217 | AC66: 0.74934772 | AD66: 2.4521893 | AE66: 1.9735897
B67: 60 + | C67: 1.128641 | D67: 1.2301754 | E67: 0.27970567 | F67: 0.2724527 | G67: 0.49693669 | H67: 1.9586275 | I67: 6.8876145 | J67: 11.130596 | K67: 12.866123 | L67: 14.238902 | M67: 12.755409 | N67: 13.778781 | O67: 9.8181942 | P67: 5.0047681 | Q67: 4.8173906 | R67: 3.5682399 | S67: 2.504881 | T67: 1.8306592 | U67: 2.1879658 | V67: 1.6980501 | W67: 1.2191379 | X67: 0.93109469 | Y67: 0.84031067 | Z67: 0.66803497 | AA67: 11.942904 | AB67: 4.5906889 | AC67: 1.2574324 | AD67: 5.9303418 | AE67: 4.6713621
A68: CX22 UNIVERSAL | B68: TOTAL | C68: 0.056747946 | D68: 0.056747946 | E68: 0.045972154 | F68: 0.067758742 | G68: 0.057856405 | H68: 0.044704082 | I68: 0.045340094 | J68: 0.070695057 | K68: 0.094646366 | L68: 0.11857164 | M68: 0.20860918 | N68: 0.28397321 | O68: 0.27894216 | P68: 0.14996664 | Q68: 0.087404749 | R68: 0.10353364 | S68: 0.15406758 | T68: 0.1683082 | U68: 0.060905578 | V68: 0.093897991 | W68: 0.13994475 | X68: 0.13069784 | Y68: 0.094627243 | Z68: 0.020241864 | AA68: 0.13697259 | AB68: 0.15703716 | AC68: 0.090052545 | AD68: 0.12802077 | AE68: 0.10975671
B69: 12 A 17 | C69: 0 | D69: 0 | E69: 0 | F69: 0 | G69: 0 | H69: 0 | I69: 0 | J69: 0 | K69: 0 | L69: 0 | M69: 0 | N69: 0 | O69: 0 | P69: 0 | Q69: 0 | R69: 0 | S69: 0 | T69: 0 | U69: 0 | V69: 0 | W69: 0 | X69: 0 | Y69: 0 | Z69: 0 | AA69: 0 | AB69: 0 | AC69: 0 | AD69: 0 | AE69: 0
B70: 18 A 29 | C70: 0 | D70: 0 | E70: 0 | F70: 0.12099414 | G70: 0.11954428 | H70: 0.12776261 | I70: 0.10936739 | J70: 0 | K70: 0 | L70: 0 | M70: 0 | N70: 0.10402678 | O70: 0.096347173 | P70: 0 | Q70: 0 | R70: 0 | S70: 0 | T70: 0 | U70: 0 | V70: 0 | W70: 0 | X70: 0 | Y70: 0 | Z70: 0 | AA70: 0.035565696 | AB70: 0.016057862 | AC70: 0 | AD70: 0.017207853 | AE70: 0.028251766
B71: 30 A 39 | C71: 0 | D71: 0 | E71: 0 | F71: 0.097333831 | G71: 0.096167488 | H71: 0 | I71: 0 | J71: 0 | K71: 0 | L71: 0 | M71: 0.58383359 | N71: 0.80683687 | O71: 0 | P71: 0 | Q71: 0 | R71: 0 | S71: 0 | T71: 0 | U71: 0 | V71: 0 | W71: 0 | X71: 0 | Y71: 0 | Z71: 0 | AA71: 0.23177841 | AB71: 0 | AC71: 0 | AD71: 0.07725947 | AE71: 0.066007158
B72: 40 A 49 | C72: 0 | D72: 0 | E72: 0 | F72: 0 | G72: 0 | H72: 0 | I72: 0 | J72: 0.15936236 | K72: 0 | L72: 0 | M72: 0.050705537 | N72: 0.048177912 | O72: 0.47805425 | P72: 0.081446212 | Q72: 0.03656505 | R72: 0.10328775 | S72: 0.049478858 | T72: 0.052752224 | U72: 0.044252332 | V72: 0.055710676 | W72: 0.044898695 | X72: 0.049445086 | Y72: 0.056265152 | Z72: 0 | AA72: 0.043040968 | AB72: 0.13359739 | AC72: 0.04176199 | AD72: 0.072800116 | AE72: 0.054600087
B73: 50 A 59 | C73: 0 | D73: 0 | E73: 0 | F73: 0 | G73: 0 | H73: 0 | I73: 0.098946801 | J73: 0.15658381 | K73: 0.47123315 | L73: 0.50474061 | M73: 0.17286824 | N73: 0.3086716 | O73: 0.6582126 | P73: 0.52226657 | Q73: 0.48786344 | R73: 0.25530661 | S73: 0.43114957 | T73: 0.33804371 | U73: 0.22571521 | V73: 0.097309854 | W73: 0.54771478 | X73: 0.36010096 | Y73: 0.085182264 | Z73: 0.071991233 | AA73: 0.28550737 | AB73: 0.44880708 | AC73: 0.23133572 | AD73: 0.32188339 | AE73: 0.24141254
B74: 60 + | C74: 0.34048768 | D74: 0.34048768 | E74: 0.27583293 | F74: 0.18822448 | G74: 0.13142666 | H74: 0.14046188 | I74: 0.063726371 | J74: 0.10822418 | K74: 0.096645046 | L74: 0.2066892 | M74: 0.44424772 | N74: 0.43612611 | O74: 0.44103896 | P74: 0.29608705 | Q74: 0 | R74: 0.26260747 | S74: 0.44377706 | T74: 0.61905328 | U74: 0.095465923 | V74: 0.41036741 | W74: 0.24705502 | X74: 0.37464101 | Y74: 0.42631604 | Z74: 0.04945995 | AA74: 0.2259431 | AB74: 0.34376064 | AC74: 0.26721756 | AD74: 0.27897377 | AE74: 0.26826871
A75: CX24 RADIO 1010 AM | B75: TOTAL | C75: 0.033324279 | D75: 0 | E75: 0 | F75: 0 | G75: 0 | H75: 0 | I75: 0.035959594 | J75: 0.079907257 | K75: 0.15087053 | L75: 0.17355739 | M75: 0.12960972 | N75: 0.17568454 | O75: 0.25041012 | P75: 0.16408672 | Q75: 0.14900146 | R75: 0.15737366 | S75: 0.2126496 | T75: 0.10603846 | U75: 0.10241972 | V75: 0.071774502 | W75: 0.029684132 | X75: 0 | Y75: 0 | Z75: 0.011117345 | AA75: 0.12426484 | AB75: 0.17326 | AC75: 0.035832616 | AD75: 0.11111915 | AE75: 0.084727876
B76: 12 A 17 | C76: 0 | D76: 0 | E76: 0 | F76: 0 | G76: 0 | H76: 0 | I76: 0 | J76: 0 | K76: 0 | L76: 0 | M76: 0 | N76: 0 | O76: 0 | P76: 0 | Q76: 0 | R76: 0 | S76: 0 | T76: 0 | U76: 0 | V76: 0 | W76: 0 | X76: 0 | Y76: 0 | Z76: 0 | AA76: 0 | AB76: 0 | AC76: 0 | AD76: 0 | AE76: 0
B77: 18 A 29 | C77: 0 | D77: 0 | E77: 0 | F77: 0 | G77: 0 | H77: 0 | I77: 0 | J77: 0 | K77: 0 | L77: 0 | M77: 0 | N77: 0 | O77: 0 | P77: 0 | Q77: 0 | R77: 0 | S77: 0.10082725 | T77: 0.092844479 | U77: 0.088545124 | V77: 0.088388334 | W77: 0.10606574 | X77: 0 | Y77: 0 | Z77: 0 | AA77: 0 | AB77: 0.032278621 | AC77: 0.047166533 | AD77: 0.026481718 | AE77: 0.019861288
B78: 30 A 39 | C78: 0 | D78: 0 | E78: 0 | F78: 0 | G78: 0 | H78: 0 | I78: 0 | J78: 0 | K78: 0.11068031 | L78: 0.11056967 | M78: 0.10857242 | N78: 0.3346977 | O78: 0.15766123 | P78: 0.1720572 | Q78: 0.27176437 | R78: 0 | S78: 0 | T78: 0 | U78: 0 | V78: 0 | W78: 0 | X78: 0 | Y78: 0 | Z78: 0 | AA78: 0.11075335 | AB78: 0.10024713 | AC78: 0 | AD78: 0.070333495 | AE78: 0.052750121
B79: 40 A 49 | C79: 0 | D79: 0 | E79: 0 | F79: 0 | G79: 0 | H79: 0 | I79: 0 | J79: 0 | K79: 0 | L79: 0.081882012 | M79: 0.080402954 | N79: 0.25538941 | O79: 0.86661771 | P79: 0.26877759 | Q79: 0.18366503 | R79: 0.27703015 | S79: 0.071012573 | T79: 0.13021815 | U79: 0.18088752 | V79: 0.18056722 | W79: 0.07203905 | X79: 0 | Y79: 0 | Z79: 0 | AA79: 0.069612397 | AB79: 0.29955353 | AC79: 0.072248965 | AD79: 0.1471383 | AE79: 0.11035372
B80: 50 A 59 | C80: 0 | D80: 0 | E80: 0 | F80: 0 | G80: 0 | H80: 0 | I80: 0 | J80: 0 | K80: 0 | L80: 0 | M80: 0 | N80: 0 | O80: 0 | P80: 0.20680753 | Q80: 0.32578923 | R80: 0.24439108 | S80: 0.59869818 | T80: 0.3094515 | U80: 0.30167792 | V80: 0.16169146 | W80: 0 | X80: 0 | Y80: 0 | Z80: 0 | AA80: 0 | AB80: 0.28085625 | AC80: 0.07722823 | AD80: 0.11936149 | AE80: 0.089521121
B81: 60 + | C81: 0.19994567 | D81: 0 | E81: 0 | F81: 0 | G81: 0 | H81: 0 | I81: 0.21575756 | J81: 0.47944354 | K81: 0.79454289 | L81: 0.84889264 | M81: 0.58868297 | N81: 0.46402012 | O81: 0.47818178 | P81: 0.33687802 | Q81: 0.11279012 | R81: 0.42282071 | S81: 0.50535958 | T81: 0.10371666 | U81: 0.043407729 | V81: 0 | W81: 0 | X81: 0 | Y81: 0 | Z81: 0.066704071 | AA81: 0.56522329 | AB81: 0.32662448 | AC81: 0.018351967 | AD81: 0.30339991 | AE81: 0.235881
A82: CX26 RADIO URUGUAY | B82: TOTAL | C82: 0.024219249 | D82: 0.035771509 | E82: 0.046988252 | F82: 0.035771509 | G82: 0.048934293 | H82: 0.040450038 | I82: 0.063603036 | J82: 0.10929034 | K82: 0.20278125 | L82: 0.22896091 | M82: 0.27691592 | N82: 0.28876945 | O82: 0.20494035 | P82: 0.10893004 | Q82: 0.18600679 | R82: 0.19328303 | S82: 0.13394757 | T82: 0.083278836 | U82: 0.058531568 | V82: 0.023025458 | W82: 0.091738677 | X82: 0.091738677 | Y82: 0.028261776 | Z82: 0.023293578 | AA82: 0.19505348 | AB82: 0.1517311 | AC82: 0.052764956 | AD82: 0.13318318 | AE82: 0.10955967
B83: 12 A 17 | C83: 0 | D83: 0 | E83: 0 | F83: 0 | G83: 0 | H83: 0 | I83: 0 | J83: 0 | K83: 0 | L83: 0 | M83: 0 | N83: 0 | O83: 0 | P83: 0 | Q83: 0 | R83: 0 | S83: 0 | T83: 0 | U83: 0 | V83: 0 | W83: 0 | X83: 0 | Y83: 0 | Z83: 0 | AA83: 0 | AB83: 0 | AC83: 0 | AD83: 0 | AE83: 0
B84: 18 A 29 | C84: 0 | D84: 0 | E84: 0 | F84: 0 | G84: 0 | H84: 0 | I84: 0 | J84: 0 | K84: 0 | L84: 0 | M84: 0 | N84: 0 | O84: 0 | P84: 0 | Q84: 0 | R84: 0 | S84: 0 | T84: 0 | U84: 0 | V84: 0 | W84: 0 | X84: 0 | Y84: 0 | Z84: 0 | AA84: 0 | AB84: 0 | AC84: 0 | AD84: 0 | AE84: 0
B85: 30 A 39 | C85: 0 | D85: 0 | E85: 0 | F85: 0 | G85: 0 | H85: 0 | I85: 0 | J85: 0 | K85: 0 | L85: 0 | M85: 0 | N85: 0 | O85: 0 | P85: 0 | Q85: 0 | R85: 0 | S85: 0 | T85: 0 | U85: 0 | V85: 0 | W85: 0 | X85: 0 | Y85: 0 | Z85: 0 | AA85: 0 | AB85: 0 | AC85: 0 | AD85: 0 | AE85: 0
B86: 40 A 49 | C86: 0 | D86: 0 | E86: 0 | F86: 0 | G86: 0 | H86: 0 | I86: 0 | J86: 0 | K86: 0 | L86: 0 | M86: 0 | N86: 0 | O86: 0 | P86: 0 | Q86: 0 | R86: 0 | S86: 0 | T86: 0 | U86: 0 | V86: 0 | W86: 0 | X86: 0 | Y86: 0 | Z86: 0 | AA86: 0 | AB86: 0 | AC86: 0 | AD86: 0 | AE86: 0
B87: 50 A 59 | C87: 0 | D87: 0 | E87: 0 | F87: 0 | G87: 0 | H87: 0 | I87: 0 | J87: 0 | K87: 0.089902862 | L87: 0.090205027 | M87: 0.54605982 | N87: 0.59961152 | O87: 0.41051238 | P87: 0.19907286 | Q87: 0.35700129 | R87: 0.35871394 | S87: 0.20750152 | T87: 0.20819511 | U87: 0.24761911 | V87: 0.13815275 | W87: 0.29263385 | X87: 0.29263385 | Y87: 0.16957066 | Z87: 0.078194812 | AA87: 0.2209632 | AB87: 0.29016618 | AC87: 0.20313417 | AD87: 0.23808785 | AE87: 0.17856589
B88: 60 + | C88: 0.14531549 | D88: 0.21462905 | E88: 0.28192951 | F88: 0.21462905 | G88: 0.29360576 | H88: 0.24270023 | I88: 0.38161822 | J88: 0.65574203 | K88: 1.1267846 | L88: 1.2835604 | M88: 1.1154357 | N88: 1.1330052 | O88: 0.81912971 | P88: 0.45450735 | Q88: 0.75903944 | R88: 0.80098422 | S88: 0.59618388 | T88: 0.29147791 | U88: 0.1035703 | V88: 0 | W88: 0.25779821 | X88: 0.25779821 | Y88: 0 | Z88: 0.061566658 | AA88: 0.9493577 | AB88: 0.62022042 | AC88: 0.11345556 | AD88: 0.56101123 | AE88: 0.47879213
A89: CX28 IMPARCIAL | B89: TOTAL | C89: 0.031379438 | D89: 0.045018888 | E89: 0.045018888 | F89: 0.10910083 | G89: 0.17104592 | H89: 0.23226836 | I89: 0.14303882 | J89: 0.058507094 | K89: 0.076329747 | L89: 0.056623891 | M89: 0.068837209 | N89: 0.067731755 | O89: 0.057534266 | P89: 0.011997593 | Q89: 0 | R89: 0.083300961 | S89: 0 | T89: 0 | U89: 0 | V89: 0.028165403 | W89: 0.035808857 | X89: 0 | Y89: 0 | Z89: 0 | AA89: 0.07851142 | AB89: 0.025472137 | AC89: 0.010662377 | AD89: 0.038215311 | AE89: 0.055071163
B90: 12 A 17 | C90: 0 | D90: 0 | E90: 0 | F90: 0 | G90: 0 | H90: 0 | I90: 0 | J90: 0 | K90: 0 | L90: 0 | M90: 0 | N90: 0 | O90: 0 | P90: 0 | Q90: 0 | R90: 0 | S90: 0 | T90: 0 | U90: 0 | V90: 0.16899242 | W90: 0.17903436 | X90: 0 | Y90: 0 | Z90: 0 | AA90: 0 | AB90: 0 | AC90: 0.058004462 | AD90: 0.019334821 | AE90: 0.014501116
B91: 18 A 29 | C91: 0 | D91: 0 | E91: 0 | F91: 0 | G91: 0 | H91: 0 | I91: 0 | J91: 0 | K91: 0 | L91: 0 | M91: 0 | N91: 0 | O91: 0 | P91: 0 | Q91: 0 | R91: 0 | S91: 0 | T91: 0 | U91: 0 | V91: 0 | W91: 0 | X91: 0 | Y91: 0 | Z91: 0 | AA91: 0 | AB91: 0 | AC91: 0 | AD91: 0 | AE91: 0
B92: 30 A 39 | C92: 0 | D92: 0 | E92: 0 | F92: 0 | G92: 0 | H92: 0 | I92: 0 | J92: 0 | K92: 0 | L92: 0 | M92: 0 | N92: 0 | O92: 0 | P92: 0 | Q92: 0 | R92: 0 | S92: 0 | T92: 0 | U92: 0 | V92: 0 | W92: 0 | X92: 0 | Y92: 0 | Z92: 0 | AA92: 0 | AB92: 0 | AC92: 0 | AD92: 0 | AE92: 0
B93: 40 A 49 | C93: 0.06211374 | D93: 0 | E93: 0 | F93: 0 | G93: 0.22453887 | H93: 0.074696569 | I93: 0.083570789 | J93: 0 | K93: 0 | L93: 0 | M93: 0 | N93: 0 | O93: 0 | P93: 0 | Q93: 0 | R93: 0 | S93: 0 | T93: 0 | U93: 0 | V93: 0 | W93: 0 | X93: 0 | Y93: 0 | Z93: 0 | AA93: 0.013928465 | AB93: 0 | AC93: 0 | AD93: 0.0046428216 | AE93: 0.018538332
B94: 50 A 59 | C94: 0 | D94: 0.16088547 | E94: 0.16088547 | F94: 0.18679505 | G94: 0.17956935 | H94: 0.41518753 | I94: 0 | J94: 0 | K94: 0 | L94: 0.29888572 | M94: 0.31862347 | N94: 0.31704083 | O94: 0.3452056 | P94: 0.07198556 | Q94: 0 | R94: 0 | S94: 0 | T94: 0 | U94: 0 | V94: 0 | W94: 0.035818789 | X94: 0 | Y94: 0 | Z94: 0 | AA94: 0.15575834 | AB94: 0.069531859 | AC94: 0.0059697981 | AD94: 0.077086665 | AE94: 0.10378678
B95: 60 + | C95: 0.12616288 | D95: 0.10922786 | E95: 0.10922786 | F95: 0.46780991 | G95: 0.62216727 | H95: 0.90372605 | I95: 0.77466214 | J95: 0.35104257 | K95: 0.45797848 | L95: 0.040857621 | M95: 0.094399779 | N95: 0.089349701 | O95: 0 | P95: 0 | Q95: 0 | R95: 0.49980576 | S95: 0 | T95: 0 | U95: 0 | V95: 0 | W95: 0 | X95: 0 | Y95: 0 | Z95: 0 | AA95: 0.30138171 | AB95: 0.083300961 | AC95: 0 | AD95: 0.12822756 | AE95: 0.19360075
A96: CX30 NACIONAL | B96: TOTAL | C96: 0 | D96: 0 | E96: 0.010994471 | F96: 0 | G96: 0.026446613 | H96: 0.040092923 | I96: 0.075641806 | J96: 0.072037617 | K96: 0.13845913 | L96: 0.1619104 | M96: 0.14266721 | N96: 0.21659478 | O96: 0.22565734 | P96: 0.23436228 | Q96: 0.22267546 | R96: 0.14249758 | S96: 0.13650959 | T96: 0.10412869 | U96: 0.056230942 | V96: 0.034624283 | W96: 0.02394653 | X96: 0 | Y96: 0.044999331 | Z96: 0.043923531 | AA96: 0.13455182 | AB96: 0.17763849 | AC96: 0.033954103 | AD96: 0.11538147 | AE96: 0.089766688
B97: 12 A 17 | C97: 0 | D97: 0 | E97: 0 | F97: 0 | G97: 0 | H97: 0 | I97: 0 | J97: 0 | K97: 0 | L97: 0 | M97: 0 | N97: 0 | O97: 0 | P97: 0 | Q97: 0 | R97: 0 | S97: 0 | T97: 0 | U97: 0 | V97: 0 | W97: 0 | X97: 0 | Y97: 0 | Z97: 0 | AA97: 0 | AB97: 0 | AC97: 0 | AD97: 0 | AE97: 0
B98: 18 A 29 | C98: 0 | D98: 0 | E98: 0 | F98: 0 | G98: 0 | H98: 0 | I98: 0 | J98: 0 | K98: 0 | L98: 0 | M98: 0 | N98: 0 | O98: 0 | P98: 0 | Q98: 0 | R98: 0 | S98: 0 | T98: 0 | U98: 0 | V98: 0 | W98: 0 | X98: 0 | Y98: 0 | Z98: 0 | AA98: 0 | AB98: 0 | AC98: 0 | AD98: 0 | AE98: 0
B99: 30 A 39 | C99: 0 | D99: 0 | E99: 0 | F99: 0 | G99: 0 | H99: 0 | I99: 0 | J99: 0 | K99: 0 | L99: 0 | M99: 0 | N99: 0.078251163 | O99: 0 | P99: 0 | Q99: 0 | R99: 0 | S99: 0 | T99: 0 | U99: 0 | V99: 0 | W99: 0 | X99: 0 | Y99: 0 | Z99: 0 | AA99: 0.013041861 | AB99: 0 | AC99: 0 | AD99: 0.0043472868 | AE99: 0.0032604651
B100: 40 A 49 | C100: 0 | D100: 0 | E100: 0 | F100: 0 | G100: 0 | H100: 0 | I100: 0 | J100: 0 | K100: 0.083033777 | L100: 0.085974261 | M100: 0.29097524 | N100: 0.16738345 | O100: 0.18193024 | P100: 0.17112076 | Q100: 0.16862158 | R100: 0.14110608 | S100: 0.13975735 | T100: 0.13750346 | U100: 0 | V100: 0 | W100: 0 | X100: 0 | Y100: 0 | Z100: 0 | AA100: 0.10456112 | AB100: 0.15667324 | AC100: 0 | AD100: 0.087078122 | AE100: 0.065308591
B101: 50 A 59 | C101: 0 | D101: 0 | E101: 0 | F101: 0 | G101: 0 | H101: 0 | I101: 0 | J101: 0.24992758 | K101: 0.42005292 | L101: 0.4349283 | M101: 0.087560698 | N101: 0.62806471 | O101: 0.64583294 | P101: 0.84756289 | Q101: 0.83518445 | R101: 0.34743717 | S101: 0.34411627 | T101: 0.25431501 | U101: 0 | V101: 0 | W101: 0 | X101: 0 | Y101: 0 | Z101: 0 | AA101: 0.30342237 | AB101: 0.54574146 | AC101: 0 | AD101: 0.28305461 | AE101: 0.21229096
...

Sheet RatxEdadxSDxAM
A1: CUADRO 67: RESUMEN DE RATING POR HORA SEGUN RADIO Y EDAD | AM | SABADO A DOMINGO
A3: RADIOS | B3: EDAD | C3: HORAS | AA3: PROMEDIO
C4: 00:00 - 00:59 | D4: 01:00 - 01:59 | E4: 02:00 - 02:59 | F4: 03:00 - 03:59 | G4: 04:00 - 04:59 | H4: 05:00 - 05:59 | I4: 06:00 - 06:59 | J4: 07:00 - 07:59 | K4: 08:00 - 08:59 | L4: 09:00 - 09:59 | M4: 10:00 - 10:59 | N4: 11:00 - 11:59 | O4: 12:00 - 12:59 | P4: 13:00 - 13:59 | Q4: 14:00 - 14:59 | R4: 15:00 - 15:59 | S4: 16:00 - 16:59 | T4: 17:00 - 17:59 | U4: 18:00 - 18:59 | V4: 19:00 - 19:59 | W4: 20:00 - 20:59 | X4: 21:00 - 21:59 | Y4: 22:00 - 22:59 | Z4: 23:00 - 23:59 | AA4: 06:00 - 11:59 | AB4: 12:00 - 17:59 | AC4: 18:00 - 23:59 | AD4: 06:00 - 23:59 | AE4: 00:00 - 24:00
A5: CX4 RURAL | B5: TOTAL | C5: 0.099345616 | D5: 0.099345616 | E5: 0.039062487 | F5: 0 | G5: 0 | H5: 0 | I5: 0.10384976 | J5: 0.18998933 | K5: 0.16228068 | L5: 0.097670518 | M5: 0.13208173 | N5: 0.13208173 | O5: 0.044292222 | P5: 0.071794549 | Q5: 0.15258754 | R5: 0.07145406 | S5: 0.12508521 | T5: 0.091421813 | U5: 0.019967752 | V5: 0.064838574 | W5: 0.064838574 | X5: 0.057376162 | Y5: 0.025716815 | Z5: 0.096438649 | AA5: 0.13632562 | AB5: 0.092772565 | AC5: 0.054862754 | AD5: 0.094653648 | AE5: 0.080896641
B6: 12 A 17 | C6: 0 | D6: 0 | E6: 0 | F6: 0 | G6: 0 | H6: 0 | I6: 0 | J6: 0 | K6: 0 | L6: 0 | M6: 0 | N6: 0 | O6: 0 | P6: 0 | Q6: 0 | R6: 0 | S6: 0 | T6: 0 | U6: 0 | V6: 0 | W6: 0 | X6: 0 | Y6: 0 | Z6: 0 | AA6: 0 | AB6: 0 | AC6: 0 | AD6: 0 | AE6: 0
B7: 18 A 29 | C7: 0 | D7: 0 | E7: 0 | F7: 0 | G7: 0 | H7: 0 | I7: 0 | J7: 0 | K7: 0 | L7: 0 | M7: 0 | N7: 0 | O7: 0 | P7: 0 | Q7: 0 | R7: 0 | S7: 0 | T7: 0 | U7: 0 | V7: 0 | W7: 0 | X7: 0 | Y7: 0 | Z7: 0 | AA7: 0 | AB7: 0 | AC7: 0 | AD7: 0 | AE7: 0
B8: 30 A 39 | C8: 0 | D8: 0 | E8: 0 | F8: 0 | G8: 0 | H8: 0 | I8: 0 | J8: 0 | K8: 0 | L8: 0 | M8: 0 | N8: 0 | O8: 0 | P8: 0 | Q8: 0 | R8: 0 | S8: 0 | T8: 0 | U8: 0 | V8: 0 | W8: 0 | X8: 0 | Y8: 0 | Z8: 0 | AA8: 0 | AB8: 0 | AC8: 0 | AD8: 0 | AE8: 0
B9: 40 A 49 | C9: 0 | D9: 0 | E9: 0 | F9: 0 | G9: 0 | H9: 0 | I9: 0.25302211 | J9: 0.25471755 | K9: 0.24880538 | L9: 0.20806748 | M9: 0.44676383 | N9: 0.44676383 | O9: 0 | P9: 0 | Q9: 0.38092821 | R9: 0 | S9: 0.40417144 | T9: 0 | U9: 0 | V9: 0.22876976 | W9: 0.22876976 | X9: 0 | Y9: 0 | Z9: 0 | AA9: 0.30969003 | AB9: 0.13084994 | AC9: 0.076256586 | AD9: 0.17226552 | AE9: 0.12919914
B10: 50 A 59 | C10: 0.21850798 | D10: 0.21850798 | E10: 0 | F10: 0 | G10: 0 | H10: 0 | I10: 0 | J10: 0.17088514 | K10: 0.16691878 | L10: 0 | M10: 0 | N10: 0 | O10: 0 | P10: 0.21844519 | Q10: 0.20817461 | R10: 0 | S10: 0 | T10: 0.17360247 | U10: 0.11980651 | V10: 0.16026168 | W10: 0.16026168 | X10: 0.19751011 | Y10: 0.15430089 | Z10: 0.21755487 | AA10: 0.056300654 | AB10: 0.10003705 | AC10: 0.16828262 | AD10: 0.10820677 | AE10: 0.099364079
B11: 60 + | C11: 0.37756572 | D11: 0.37756572 | E11: 0.23437492 | F11: 0 | G11: 0 | H11: 0 | I11: 0.37007648 | J11: 0.71433332 | K11: 0.5579599 | L11: 0.37795563 | M11: 0.34572653 | N11: 0.34572653 | O11: 0.26575333 | P11: 0.21232211 | Q11: 0.32642239 | R11: 0.42872436 | S11: 0.34633982 | T11: 0.3749284 | U11: 0 | V11: 0 | W11: 0 | X11: 0.14674686 | Y11: 0 | Z11: 0.36107703 | AA11: 0.45196307 | AB11: 0.3257484 | AC11: 0.084637315 | AD11: 0.28744959 | AE11: 0.25681663
A12: CX6 CLÁSICA | B12: TOTAL | C12: 0 | D12: 0 | E12: 0 | F12: 0 | G12: 0 | H12: 0 | I12: 0 | J12: 0 | K12: 0.059956736 | L12: 0.088876127 | M12: 0.077578169 | N12: 0.048658778 | O12: 0.048658778 | P12: 0.10861551 | Q12: 0.10861551 | R12: 0.048658778 | S12: 0.077578169 | T12: 0.048658778 | U12: 0.048658778 | V12: 0.080710763 | W12: 0.048658778 | X12: 0 | Y12: 0 | Z12: 0.032051985 | AA12: 0.045844968 | AB12: 0.073464255 | AC12: 0.035013384 | AD12: 0.051440869 | AE12: 0.038580652
B13: 12 A 17 | C13: 0 | D13: 0 | E13: 0 | F13: 0 | G13: 0 | H13: 0 | I13: 0 | J13: 0 | K13: 0 | L13: 0 | M13: 0 | N13: 0 | O13: 0 | P13: 0 | Q13: 0 | R13: 0 | S13: 0 | T13: 0 | U13: 0 | V13: 0 | W13: 0 | X13: 0 | Y13: 0 | Z13: 0 | AA13: 0 | AB13: 0 | AC13: 0 | AD13: 0 | AE13: 0
B14: 18 A 29 | C14: 0 | D14: 0 | E14: 0 | F14: 0 | G14: 0 | H14: 0 | I14: 0 | J14: 0 | K14: 0 | L14: 0 | M14: 0 | N14: 0 | O14: 0 | P14: 0 | Q14: 0 | R14: 0 | S14: 0 | T14: 0 | U14: 0 | V14: 0 | W14: 0 | X14: 0 | Y14: 0 | Z14: 0 | AA14: 0 | AB14: 0 | AC14: 0 | AD14: 0 | AE14: 0
B15: 30 A 39 | C15: 0 | D15: 0 | E15: 0 | F15: 0 | G15: 0 | H15: 0 | I15: 0 | J15: 0 | K15: 0 | L15: 0 | M15: 0 | N15: 0 | O15: 0 | P15: 0 | Q15: 0 | R15: 0 | S15: 0 | T15: 0 | U15: 0 | V15: 0 | W15: 0 | X15: 0 | Y15: 0 | Z15: 0 | AA15: 0 | AB15: 0 | AC15: 0 | AD15: 0 | AE15: 0
B16: 40 A 49 | C16: 0 | D16: 0 | E16: 0 | F16: 0 | G16: 0 | H16: 0 | I16: 0 | J16: 0 | K16: 0 | L16: 0 | M16: 0 | N16: 0 | O16: 0 | P16: 0 | Q16: 0 | R16: 0 | S16: 0 | T16: 0 | U16: 0 | V16: 0 | W16: 0 | X16: 0 | Y16: 0 | Z16: 0 | AA16: 0 | AB16: 0 | AC16: 0 | AD16: 0 | AE16: 0
B17: 50 A 59 | C17: 0 | D17: 0 | E17: 0 | F17: 0 | G17: 0 | H17: 0 | I17: 0 | J17: 0 | K17: 0.35974042 | L17: 0.53325676 | M17: 0.23094821 | N17: 0 | O17: 0 | P17: 0.43743691 | Q17: 0.43743691 | R17: 0 | S17: 0.23094821 | T17: 0 | U17: 0 | V17: 0 | W17: 0 | X17: 0 | Y17: 0 | Z17: 0 | AA17: 0.18732423 | AB17: 0.18430367 | AC17: 0 | AD17: 0.12387597 | AE17: 0.092906976
B18: 60 + | C18: 0 | D18: 0 | E18: 0 | F18: 0 | G18: 0 | H18: 0 | I18: 0 | J18: 0 | K18: 0 | L18: 0 | M18: 0.2345208 | N18: 0.29195267 | O18: 0.29195267 | P18: 0.21425618 | Q18: 0.21425618 | R18: 0.29195267 | S18: 0.2345208 | T18: 0.29195267 | U18: 0.29195267 | V18: 0.48426458 | W18: 0.29195267 | X18: 0 | Y18: 0 | Z18: 0.19231191 | AA18: 0.087745578 | AB18: 0.25648186 | AC18: 0.2100803 | AD18: 0.18476925 | AE18: 0.13857694
A19: CX8 SARANDI | B19: TOTAL | C19: 0.067275403 | D19: 0.064060031 | E19: 0.036557704 | F19: 0.036557704 | G19: 0.1278941 | H19: 0.24597405 | I19: 0.80602054 | J19: 1.2338777 | K19: 1.495825 | L19: 1.5834518 | M19: 1.3337219 | N19: 1.2006401 | O19: 0.58165415 | P19: 0.41551527 | Q19: 0.24174203 | R19: 0.21382184 | S19: 0.3273137 | T19: 0.28772855 | U19: 0.17451363 | V19: 0.11923854 | W19: 0.11746718 | X19: 0.26061375 | Y19: 0.2129878 | Z19: 0.13364953 | AA19: 1.2755895 | AB19: 0.34462926 | AC19: 0.16974507 | AD19: 0.59665461 | AE19: 0.47158758
B20: 12 A 17 | C20: 0 | D20: 0 | E20: 0 | F20: 0 | G20: 0 | H20: 0 | I20: 0 | J20: 0 | K20: 0 | L20: 0 | M20: 0 | N20: 0 | O20: 0 | P20: 0 | Q20: 0 | R20: 0 | S20: 0 | T20: 0 | U20: 0 | V20: 0 | W20: 0 | X20: 0 | Y20: 0 | Z20: 0 | AA20: 0 | AB20: 0 | AC20: 0 | AD20: 0 | AE20: 0
B21: 18 A 29 | C21: 0 | D21: 0 | E21: 0 | F21: 0 | G21: 0 | H21: 0 | I21: 0 | J21: 0 | K21: 0 | L21: 0 | M21: 0 | N21: 0 | O21: 0 | P21: 0 | Q21: 0 | R21: 0 | S21: 0 | T21: 0 | U21: 0 | V21: 0 | W21: 0 | X21: 0 | Y21: 0 | Z21: 0 | AA21: 0 | AB21: 0 | AC21: 0 | AD21: 0 | AE21: 0
B22: 30 A 39 | C22: 0 | D22: 0 | E22: 0 | F22: 0 | G22: 0 | H22: 0 | I22: 0.41249195 | J22: 0.6713315 | K22: 1.6491566 | L22: 1.4521339 | M22: 1.119412 | N22: 1.1720552 | O22: 0.36386661 | P22: 0.29689487 | Q22: 0 | R22: 0 | S22: 0 | T22: 0 | U22: 0 | V22: 0 | W22: 0 | X22: 0 | Y22: 0 | Z22: 0 | AA22: 1.0794302 | AB22: 0.11012691 | AC22: 0 | AD22: 0.39651904 | AE22: 0.29738928
B23: 40 A 49 | C23: 0 | D23: 0 | E23: 0 | F23: 0 | G23: 0 | H23: 0.53298591 | I23: 1.4965918 | J23: 1.9109818 | K23: 2.9216787 | L23: 3.5660761 | M23: 2.7221774 | N23: 2.1734089 | O23: 0.55408572 | P23: 0.79741689 | Q23: 0.3225596 | R23: 0.31533034 | S23: 0.57166699 | T23: 0.33187239 | U23: 0.30212476 | V23: 0.1681661 | W23: 0.16085642 | X23: 0.77452886 | Y23: 0.58988125 | Z23: 0.50764158 | AA23: 2.4651524 | AB23: 0.48215532 | AC23: 0.41719983 | AD23: 1.1215025 | AE23: 0.86333465
B24: 50 A 59 | C24: 0.26783161 | D24: 0.38436018 | E24: 0.21934622 | F24: 0.21934622 | G24: 0.76736462 | H24: 0.76330282 | I24: 1.454072 | J24: 1.7431 | K24: 1.2279898 | L24: 0.9483912 | M24: 0.95785263 | N24: 2.3147525 | O24: 1.3986065 | P24: 0 | Q24: 0.35201159 | R24: 0.34412225 | S24: 0.76530438 | T24: 0.36217471 | U24: 0.32971091 | V24: 0.31631787 | W24: 0.31624646 | X24: 0.43348175 | Y24: 0 | Z24: 0.11179281 | AA24: 1.4410264 | AB24: 0.53703657 | AC24: 0.2512583 | AD24: 0.74310708 | AE24: 0.66656163
B25: 60 + | C25: 0.13582081 | D25: 0 | E25: 0 | F25: 0 | G25: 0 | H25: 0.17955555 | I25: 1.4729675 | J25: 3.0778527 | K25: 3.1761249 | L25: 3.5341099 | M25: 3.2028896 | N25: 1.5436237 | O25: 1.1733661 | P25: 1.3987798 | Q25: 0.77588101 | R25: 0.62347844 | S25: 0.62691082 | T25: 1.0323242 | U25: 0.41524613 | V25: 0.23094727 | W25: 0.22770023 | X25: 0.35567189 | Y25: 0.68804557 | Z25: 0.1824628 | AA25: 2.667928 | AB25: 0.93845673 | AC25: 0.35001231 | AD25: 1.318799 | AE25: 1.00224
A26: CX10 CONTINENTE | B26: TOTAL | C26: 0 | D26: 0 | E26: 0 | F26: 0 | G26: 0.040104888 | H26: 0.040104888 | I26: 0.027708659 | J26: 0.027708659 | K26: 0.071184118 | L26: 0.084237265 | M26: 0.027708659 | N26: 0.024554738 | O26: 0 | P26: 0 | Q26: 0.082723457 | R26: 0.033208715 | S26: 0.079545333 | T26: 0.033208715 | U26: 0.057763453 | V26: 0.073968828 | W26: 0.15362589 | X26: 0.15450772 | Y26: 0.15450772 | Z26: 0.12907115 | AA26: 0.04385035 | AB26: 0.03811437 | AC26: 0.12057413 | AD26: 0.067512949 | AE26: 0.053976786
B27: 12 A 17 | C27: 0 | D27: 0 | E27: 0 | F27: 0 | G27: 0 | H27: 0 | I27: 0 | J27: 0 | K27: 0 | L27: 0 | M27: 0 | N27: 0 | O27: 0 | P27: 0 | Q27: 0 | R27: 0 | S27: 0 | T27: 0 | U27: 0 | V27: 0 | W27: 0 | X27: 0 | Y27: 0 | Z27: 0 | AA27: 0 | AB27: 0 | AC27: 0 | AD27: 0 | AE27: 0
B28: 18 A 29 | C28: 0 | D28: 0 | E28: 0 | F28: 0 | G28: 0 | H28: 0 | I28: 0 | J28: 0 | K28: 0 | L28: 0 | M28: 0 | N28: 0 | O28: 0 | P28: 0 | Q28: 0 | R28: 0 | S28: 0 | T28: 0 | U28: 0 | V28: 0 | W28: 0 | X28: 0 | Y28: 0 | Z28: 0 | AA28: 0 | AB28: 0 | AC28: 0 | AD28: 0 | AE28: 0
B29: 30 A 39 | C29: 0 | D29: 0 | E29: 0 | F29: 0 | G29: 0 | H29: 0 | I29: 0 | J29: 0 | K29: 0 | L29: 0 | M29: 0 | N29: 0 | O29: 0 | P29: 0 | Q29: 0 | R29: 0 | S29: 0 | T29: 0 | U29: 0 | V29: 0 | W29: 0 | X29: 0 | Y29: 0 | Z29: 0 | AA29: 0 | AB29: 0 | AC29: 0 | AD29: 0 | AE29: 0
B30: 40 A 49 | C30: 0 | D30: 0 | E30: 0 | F30: 0 | G30: 0 | H30: 0 | I30: 0 | J30: 0 | K30: 0.16769218 | L30: 0 | M30: 0 | N30: 0.14732843 | O30: 0 | P30: 0 | Q30: 0.27021167 | R30: 0 | S30: 0.32668584 | T30: 0 | U30: 0.18535227 | V30: 0.11089806 | W30: 0.25580427 | X30: 0.095035082 | Y30: 0.095035082 | Z30: 0.091095401 | AA30: 0.052503435 | AB30: 0.099482918 | AC30: 0.13887003 | AD30: 0.096952127 | AE30: 0.072714095
B31: 50 A 59 | C31: 0 | D31: 0 | E31: 0 | F31: 0 | G31: 0.24062933 | H31: 0.24062933 | I31: 0 | J31: 0 | K31: 0.13770429 | L31: 0.15282476 | M31: 0 | N31: 0 | O31: 0 | P31: 0 | Q31: 0.22612907 | R31: 0 | S31: 0 | T31: 0 | U31: 0 | V31: 0 | W31: 0.39943917 | X31: 0.42758974 | Y31: 0.42758974 | Z31: 0.409864 | AA31: 0.048421508 | AB31: 0.037688178 | AC31: 0.27741378 | AD31: 0.12117449 | AE31: 0.11093331
B32: 60 + | C32: 0 | D32: 0 | E32: 0 | F32: 0 | G32: 0 | H32: 0 | I32: 0.16625195 | J32: 0.16625195 | K32: 0.12170824 | L32: 0.35259883 | M32: 0.16625195 | N32: 0 | O32: 0 | P32: 0 | Q32: 0 | R32: 0.19925229 | S32: 0.15058616 | T32: 0.19925229 | U32: 0.16122845 | V32: 0.3329149 | W32: 0.2665119 | X32: 0.40442152 | Y32: 0.40442152 | Z32: 0.27346751 | AA32: 0.16217716 | AB32: 0.091515123 | AC32: 0.30716097 | AD32: 0.18695108 | AE32: 0.14021331
A33: CX12 ORIENTAL | B33: TOTAL | C33: 0.039616921 | D33: 0 | E33: 0 | F33: 0 | G33: 0 | H33: 0.025627954 | I33: 0 | J33: 0.19045464 | K33: 0.28380595 | L33: 0.27094685 | M33: 0.3704851 | N33: 0.23815589 | O33: 0.14480768 | P33: 0.25864655 | Q33: 0.3182182 | R33: 0.23455021 | S33: 0.26814236 | T33: 0.20458972 | U33: 0.19307053 | V33: 0.19830773 | W33: 0.064503813 | X33: 0.081434733 | Y33: 0.015351927 | Z33: 0.11159134 | AA33: 0.2256414 | AB33: 0.23815912 | AC33: 0.11071001 | AD33: 0.19150351 | AE33: 0.14634617
B34: 12 A 17 | C34: 0 | D34: 0 | E34: 0 | F34: 0 | G34: 0 | H34: 0 | I34: 0 | J34: 0 | K34: 0 | L34: 0 | M34: 0 | N34: 0 | O34: 0 | P34: 0 | Q34: 0 | R34: 0 | S34: 0 | T34: 0 | U34: 0 | V34: 0 | W34: 0 | X34: 0 | Y34: 0 | Z34: 0 | AA34: 0 | AB34: 0 | AC34: 0 | AD34: 0 | AE34: 0
B35: 18 A 29 | C35: 0 | D35: 0 | E35: 0 | F35: 0 | G35: 0 | H35: 0 | I35: 0 | J35: 0 | K35: 0 | L35: 0 | M35: 0 | N35: 0 | O35: 0 | P35: 0 | Q35: 0 | R35: 0 | S35: 0 | T35: 0 | U35: 0 | V35: 0 | W35: 0 | X35: 0 | Y35: 0 | Z35: 0 | AA35: 0 | AB35: 0 | AC35: 0 | AD35: 0 | AE35: 0
B36: 30 A 39 | C36: 0 | D36: 0 | E36: 0 | F36: 0 | G36: 0 | H36: 0 | I36: 0 | J36: 0 | K36: 0 | L36: 0 | M36: 0 | N36: 0 | O36: 0 | P36: 0 | Q36: 0 | R36: 0 | S36: 0 | T36: 0 | U36: 0 | V36: 0 | W36: 0 | X36: 0 | Y36: 0 | Z36: 0 | AA36: 0 | AB36: 0 | AC36: 0 | AD36: 0 | AE36: 0
B37: 40 A 49 | C37: 0 | D37: 0 | E37: 0 | F37: 0 | G37: 0 | H37: 0 | I37: 0 | J37: 0 | K37: 0.25317023 | L37: 0.5813613 | M37: 0.32673608 | N37: 0 | O37: 0 | P37: 0.27708635 | Q37: 0.62368608 | R37: 0.36596962 | S37: 0.37865259 | T37: 0.35584006 | U37: 0 | V37: 0 | W37: 0 | X37: 0 | Y37: 0 | Z37: 0 | AA37: 0.1935446 | AB37: 0.33353911 | AC37: 0 | AD37: 0.17569457 | AE37: 0.13177093
B38: 50 A 59 | C38: 0 | D38: 0 | E38: 0 | F38: 0 | G38: 0 | H38: 0.15376773 | I38: 0 | J38: 0 | K38: 0.27608602 | L38: 0 | M38: 0.48639224 | N38: 0.70590051 | O38: 0.43699496 | P38: 0.89277717 | Q38: 0.88263672 | R38: 0.6196531 | S38: 0.64112768 | T38: 0.57032922 | U38: 0.45992108 | V38: 0.77938904 | W38: 0 | X38: 0.35920104 | Y38: 0 | Z38: 0 | AA38: 0.2447298 | AB38: 0.67391981 | AC38: 0.26641853 | AD38: 0.39502271 | AE38: 0.30267402
B39: 60 + | C39: 0.23770152 | D39: 0 | E39: 0 | F39: 0 | G39: 0 | H39: 0 | I39: 0 | J39: 1.1427278 | K39: 1.1735794 | L39: 1.0443198 | M39: 1.4097823 | N39: 0.72303482 | O39: 0.43185115 | P39: 0.38201578 | Q39: 0.40298642 | R39: 0.42167852 | S39: 0.58907391 | T39: 0.30136905 | U39: 0.6985021 | V39: 0.41045734 | W39: 0.38702288 | X39: 0.12940735 | Y39: 0.09211156 | Z39: 0.66954805 | AA39: 0.91557402 | AB39: 0.42149581 | AC39: 0.39784155 | AD39: 0.57830379 | AE39: 0.44363207
A40: CX14 EL ESPECTADOR | B40: TOTAL | C40: 0.17612163 | D40: 0.062343049 | E40: 0.032051985 | F40: 0 | G40: 0 | H40: 0.065079788 | I40: 0.11801485 | J40: 0.253402 | K40: 0.28190543 | L40: 0.31134475 | M40: 0.34683065 | N40: 0.33868107 | O40: 0.13518935 | P40: 0.22498713 | Q40: 0.084228438 | R40: 0.15509636 | S40: 0.12193347 | T40: 0.0833614 | U40: 0.1015696 | V40: 0.17787823 | W40: 0.14621888 | X40: 0.18432137 | Y40: 0.26410659 | Z40: 0.28386188 | AA40: 0.27502979 | AB40: 0.13413269 | AC40: 0.19299276 | AD40: 0.20071841 | AE40: 0.164522
B41: 12 A 17 | C41: 0 | D41: 0 | E41: 0 | F41: 0 | G41: 0 | H41: 0 | I41: 0 | J41: 0 | K41: 0 | L41: 0 | M41: 0 | N41: 0 | O41: 0 | P41: 0 | Q41: 0 | R41: 0 | S41: 0 | T41: 0 | U41: 0 | V41: 0 | W41: 0 | X41: 0 | Y41: 0 | Z41: 0 | AA41: 0 | AB41: 0 | AC41: 0 | AD41: 0 | AE41: 0
B42: 18 A 29 | C42: 0 | D42: 0 | E42: 0 | F42: 0 | G42: 0 | H42: 0 | I42: 0 | J42: 0 | K42: 0 | L42: 0 | M42: 0 | N42: 0 | O42: 0 | P42: 0 | Q42: 0 | R42: 0.27939836 | S42: 0.27849671 | T42: 0.27656533 | U42: 0.27765654 | V42: 0.27982498 | W42: 0.27919658 | X42: 0.2799267 | Y42: 0 | Z42: 0 | AA42: 0 | AB42: 0.13907673 | AC42: 0.1861008 | AD42: 0.10839251 | AE42: 0.081294383
B43: 30 A 39 | C43: 0 | D43: 0 | E43: 0 | F43: 0 | G43: 0 | H43: 0.2136902 | I43: 0 | J43: 0.42841595 | K43: 0.48568392 | L43: 0.23638267 | M43: 0 | N43: 0.24095797 | O43: 0 | P43: 0 | Q43: 0 | R43: 0 | S43: 0 | T43: 0 | U43: 0 | V43: 0 | W43: 0 | X43: 0 | Y43: 0 | Z43: 0 | AA43: 0.23190675 | AB43: 0 | AC43: 0 | AD43: 0.077302251 | AE43: 0.066880446
B44: 40 A 49 | C44: 0 | D44: 0 | E44: 0 | F44: 0 | G44: 0 | H44: 0 | I44: 0 | J44: 0 | K44: 0.25130055 | L44: 0.26343756 | M44: 0.30961112 | N44: 0.40427248 | O44: 0 | P44: 0.4477585 | Q44: 0 | R44: 0 | S44: 0 | T44: 0 | U44: 0 | V44: 0 | W44: 0 | X44: 0 | Y44: 0 | Z44: 0.34051335 | AA44: 0.20477029 | AB44: 0.074626417 | AC44: 0.056752224 | AD44: 0.11204964 | AE44: 0.084037232
B45: 50 A 59 | C45: 0.25723833 | D45: 0 | E45: 0 | F45: 0 | G45: 0 | H45: 0 | I45: 0 | J45: 0.60454871 | K45: 0 | L45: 0 | M45: 0.81659345 | N45: 0.77287498 | O45: 0 | P45: 0.17744148 | Q45: 0.1831682 | R45: 0 | S45: 0 | T45: 0 | U45: 0 | V45: 0 | W45: 0 | X45: 0 | Y45: 0 | Z45: 0 | AA45: 0.36566952 | AB45: 0.060101613 | AC45: 0 | AD45: 0.14192371 | AE45: 0.11716105
B46: 60 + | C46: 0.79949143 | D46: 0.37405829 | E46: 0.19231191 | F46: 0 | G46: 0 | H46: 0.17678853 | I46: 0.7080891 | J46: 0.48744732 | K46: 0.9544481 | L46: 1.3682483 | M46: 0.9547793 | N46: 0.61398101 | O46: 0.8111361 | P46: 0.72472279 | Q46: 0.32220243 | R46: 0.65117982 | S46: 0.4531041 | T46: 0.22360307 | U46: 0.33176108 | V46: 0.78744438 | W46: 0.5981167 | X46: 0.82600155 | Y46: 1.5846395 | Z46: 1.3626579 | AA46: 0.84783219 | AB46: 0.53099138 | AC46: 0.91510353 | AD46: 0.76464237 | AE46: 0.63775887
A47: CX16 CARVE | B47: TOTAL | C47: 0.032805607 | D47: 0.060389042 | E47: 0.091531772 | F47: 0.091531772 | G47: 0.063948337 | H47: 0.032805607 | I47: 0.049123445 | J47: 0.14945095 | K47: 0.31656151 | L47: 0.32235888 | M47: 0.23916211 | N47: 0.16995033 | O47: 0.032805607 | P47: 0 | Q47: 0.14069348 | R47: 0.14331803 | S47: 0.19880526 | T47: 0.11235622 | U47: 0.1435643 | V47: 0.1435643 | W47: 0.1435643 | X47: 0.1435643 | Y47: 0.044292222 | Z47: 0.044292222 | AA47: 0.20776787 | AB47: 0.1046631 | AC47: 0.11047361 | AD47: 0.14096819 | AE47: 0.12126832
B48: 12 A 17 | C48: 0 | D48: 0 | E48: 0 | F48: 0 | G48: 0 | H48: 0 | I48: 0 | J48: 0 | K48: 0 | L48: 0 | M48: 0 | N48: 0 | O48: 0 | P48: 0 | Q48: 0 | R48: 0 | S48: 0 | T48: 0 | U48: 0 | V48: 0 | W48: 0 | X48: 0 | Y48: 0 | Z48: 0 | AA48: 0 | AB48: 0 | AC48: 0 | AD48: 0 | AE48: 0
B49: 18 A 29 | C49: 0 | D49: 0 | E49: 0 | F49: 0 | G49: 0 | H49: 0 | I49: 0 | J49: 0 | K49: 0.23762309 | L49: 0 | M49: 0 | N49: 0 | O49: 0 | P49: 0 | Q49: 0 | R49: 0 | S49: 0 | T49: 0 | U49: 0 | V49: 0 | W49: 0 | X49: 0 | Y49: 0 | Z49: 0 | AA49: 0.039603849 | AB49: 0 | AC49: 0 | AD49: 0.013201283 | AE49: 0.0099009623
B50: 30 A 39 | C50: 0 | D50: 0 | E50: 0 | F50: 0 | G50: 0 | H50: 0 | I50: 0 | J50: 0 | K50: 0 | L50: 0 | M50: 0 | N50: 0 | O50: 0 | P50: 0 | Q50: 0.17989044 | R50: 0 | S50: 0.16699101 | T50: 0.17080804 | U50: 0 | V50: 0 | W50: 0 | X50: 0 | Y50: 0 | Z50: 0 | AA50: 0 | AB50: 0.086281582 | AC50: 0 | AD50: 0.028760527 | AE50: 0.021570395
B51: 40 A 49 | C51: 0 | D51: 0 | E51: 0 | F51: 0 | G51: 0 | H51: 0 | I51: 0 | J51: 0 | K51: 0 | L51: 0 | M51: 0 | N51: 0 | O51: 0 | P51: 0 | Q51: 0 | R51: 0.22117335 | S51: 0.21352175 | T51: 0 | U51: 0 | V51: 0 | W51: 0 | X51: 0 | Y51: 0 | Z51: 0 | AA51: 0 | AB51: 0.072449184 | AC51: 0 | AD51: 0.024149728 | AE51: 0.018112296
B52: 50 A 59 | C52: 0.19683364 | D52: 0.24036204 | E52: 0.26398518 | F52: 0.26398518 | G52: 0.24393295 | H52: 0.19683364 | I52: 0.22668889 | J52: 0.28503744 | K52: 0.30383779 | L52: 0.30570281 | M52: 0.29918093 | N52: 0.28943733 | O52: 0.19683364 | P52: 0 | Q52: 0.33695843 | R52: 0.32400522 | S52: 0.50847742 | T52: 0.3199459 | U52: 0.35684751 | V52: 0.35684751 | W52: 0.35684751 | X52: 0.35684751 | Y52: 0 | Z52: 0 | AA52: 0.28498086 | AB52: 0.28103677 | AC52: 0.23789834 | AD52: 0.26797199 | AE52: 0.25955952
B53: 60 + | C53: 0 | D53: 0.1219722 | E53: 0.28520545 | F53: 0.28520545 | G53: 0.13975707 | H53: 0 | I53: 0.068051782 | J53: 0.61166826 | K53: 1.3579082 | L53: 1.6284505 | M53: 1.1357917 | N53: 0.73026466 | O53: 0 | P53: 0 | Q53: 0.32731201 | R53: 0.31472962 | S53: 0.30384139 | T53: 0.18338338 | U53: 0.50453827 | V53: 0.50453827 | W53: 0.50453827 | X53: 0.50453827 | Y53: 0.26575333 | Z53: 0.26575333 | AA53: 0.92202251 | AB53: 0.18821107 | AC53: 0.42494329 | AD53: 0.51172562 | AE53: 0.41846673
A54: CX18 SPORT 890 | B54: TOTAL | C54: 0 | D54: 0 | E54: 0 | F54: 0.05434987 | G54: 0.025436572 | H54: 0.16299372 | I54: 0.20421654 | J54: 0.39205067 | K54: 0.42680731 | L54: 0.47411194 | M54: 0.32520575 | N54: 0.52746082 | O54: 0.52903589 | P54: 0.30088443 | Q54: 0.36766585 | R54: 0.39885957 | S54: 0.43901395 | T54: 0.54647091 | U54: 0.47172213 | V54: 0.48350577 | W54: 0.25495769 | X54: 0.20396327 | Y54: 0.027664225 | Z54: 0 | AA54: 0.39164217 | AB54: 0.43032177 | AC54: 0.24030218 | AD54: 0.35408871 | AE54: 0.27568237
B55: 12 A 17 | C55: 0 | D55: 0 | E55: 0 | F55: 0 | G55: 0 | H55: 0 | I55: 0 | J55: 0 | K55: 0 | L55: 0 | M55: 0 | N55: 0 | O55: 0.72828573 | P55: 0 | Q55: 0 | R55: 0 | S55: 0 | T55: 1.1327559 | U55: 1.0312875 | V55: 1.4512381 | W55: 0 | X55: 0 | Y55: 0 | Z55: 0 | AA55: 0 | AB55: 0.31017361 | AC55: 0.41375427 | AD55: 0.24130929 | AE55: 0.18098197
B56: 18 A 29 | C56: 0 | D56: 0 | E56: 0 | F56: 0 | G56: 0 | H56: 0 | I56: 0 | J56: 0.27026859 | K56: 0.23953979 | L56: 0.24359091 | M56: 0.24068479 | N56: 0.25214424 | O56: 0.18504513 | P56: 0.19777797 | Q56: 0.19378579 | R56: 0.19742613 | S56: 0.19012634 | T56: 0.1694709 | U56: 0.15429026 | V56: 0 | W56: 0 | X56: 0 | Y56: 0 | Z56: 0 | AA56: 0.20770472 | AB56: 0.18893871 | AC56: 0.025715044 | AD56: 0.14078616 | AE56: 0.10558962
B57: 30 A 39 | C57: 0 | D57: 0 | E57: 0 | F57: 0 | G57: 0 | H57: 0 | I57: 0 | J57: 0.39680781 | K57: 0.66671219 | L57: 0.32034801 | M57: 0 | N57: 0.16891827 | O57: 0.3979903 | P57: 0.12220838 | Q57: 0.11974159 | R57: 0.45522097 | S57: 0.43838926 | T57: 0.39076239 | U57: 0.35575921 | V57: 0.15090295 | W57: 0.17602081 | X57: 0.1775963 | Y57: 0 | Z57: 0 | AA57: 0.25879771 | AB57: 0.32071882 | AC57: 0.14337988 | AD57: 0.24096547 | AE57: 0.1807241
B58: 40 A 49 | C58: 0 | D58: 0 | E58: 0 | F58: 0.20825932 | G58: 0 | H58: 0 | I58: 0 | J58: 0.29502447 | K58: 0.90675514 | L58: 0.92209029 | M58: 0.50227959 | N58: 0.27523998 | O58: 0 | P58: 0.41854222 | Q58: 0.19607093 | R58: 0.38184061 | S58: 0.36772213 | T58: 0.34303399 | U58: 0.6388187 | V58: 0.27660795 | W58: 0.16127988 | X58: 0.16272343 | Y58: 0.16598535 | Z58: 0 | AA58: 0.48356491 | AB58: 0.28453498 | AC58: 0.23423588 | AD58: 0.33411193 | AE58: 0.25926142
B59: 50 A 59 | C59: 0 | D59: 0 | E59: 0 | F59: 0 | G59: 0 | H59: 0.35511468 | I59: 0.36574354 | J59: 0 | K59: 0 | L59: 0.24262344 | M59: 0.46107886 | N59: 0.8343597 | O59: 0.9120753 | P59: 0.55017825 | Q59: 1.0664075 | R59: 0.71737384 | S59: 1.068743 | T59: 0.6205327 | U59: 0.56494747 | V59: 1.0222856 | W59: 1.1924454 | X59: 0.88345992 | Y59: 0 | Z59: 0 | AA59: 0.31730093 | AB59: 0.82255177 | AC59: 0.61052307 | AD59: 0.58345859 | AE59: 0.45239039
B60: 60 + | C60: 0 | D60: 0 | E60: 0 | F60: 0.11783991 | G60: 0.15261943 | H60: 0.62284765 | I60: 0.85955572 | J60: 1.3902031 | K60: 0.74783676 | L60: 1.116019 | M60: 0.74719125 | N60: 1.6341027 | O60: 0.95081891 | P60: 0.51659975 | Q60: 0.62998926 | R60: 0.64129587 | S60: 0.56910297 | T60: 0.62226956 | U60: 0.085229668 | V60: 0 | W60: 0 | X60: 0 | Y60: 0 | Z60: 0 | AA60: 1.0824848 | AB60: 0.65501272 | AC60: 0.014204945 | AD60: 0.58390081 | AE60: 0.47514673
A61: CX20 MONTECARLO | B61: TOTAL | C61: 0.21164733 | D61: 0.2604579 | E61: 0.10314895 | F61: 0.17712568 | G61: 0.059889706 | H61: 0.38812824 | I61: 1.3913727 | J61: 2.3172599 | K61: 2.5303552 | L61: 3.0630099 | M61: 2.6403905 | N61: 2.7850079 | O61: 2.0986689 | P61: 1.4120019 | Q61: 1.3767189 | R61: 1.3444512 | S61: 1.2997251 | T61: 1.2292902 | U61: 0.7663944 | V61: 0.4765566 | W61: 0.24280122 | X61: 0.29920752 | Y61: 0.14280639 | Z61: 0.087429197 | AA61: 2.454566 | AB61: 1.4601427 | AC61: 0.33586589 | AD61: 1.4168582 | AE61: 1.1126602
B62: 12 A 17 | C62: 0 | D62: 0 | E62: 0 | F62: 0 | G62: 0 | H62: 0 | I62: 0 | J62: 0 | K62: 0 | L62: 0 | M62: 0.87301272 | N62: 0.88450045 | O62: 1.4581858 | P62: 1.4440549 | Q62: 0.84445085 | R62: 0.81927614 | S62: 1.4530879 | T62: 1.4598889 | U62: 0.78001462 | V62: 0.71070879 | W62: 0.61609311 | X62: 0.687032 | Y62: 0 | Z62: 0 | AA62: 0.29291886 | AB62: 1.2464907 | AC62: 0.46564142 | AD62: 0.66835034 | AE62: 0.50126276
B63: 18 A 29 | C63: 0 | D63: 0 | E63: 0 | F63: 0 | G63: 0 | H63: 0 | I63: 0 | J63: 0 | K63: 0 | L63: 0.22382451 | M63: 0 | N63: 0.20906954 | O63: 0.19414096 | P63: 0 | Q63: 0 | R63: 0.28240413 | S63: 0.27508678 | T63: 0.27637429 | U63: 0 | V63: 0 | W63: 0 | X63: 0 | Y63: 0 | Z63: 0 | AA63: 0.072149009 | AB63: 0.17133436 | AC63: 0 | AD63: 0.081161122 | AE63: 0.060870842
B64: 30 A 39 | C64: 0 | D64: 0 | E64: 0 | F64: 0 | G64: 0 | H64: 0 | I64: 0.3611564 | J64: 0.57423284 | K64: 0.36462122 | L64: 0.60988677 | M64: 0.58470906 | N64: 0.59240308 | O64: 0.5501026 | P64: 0.3230673 | Q64: 0.335407 | R64: 0.32540787 | S64: 0 | T64: 0 | U64: 0 | V64: 0 | W64: 0 | X64: 0 | Y64: 0 | Z64: 0 | AA64: 0.51450156 | AB64: 0.25566413 | AC64: 0 | AD64: 0.2567219 | AE64: 0.19254142
B65: 40 A 49 | C65: 0.24945522 | D65: 0 | E65: 0 | F65: 0.49103345 | G65: 0.074482043 | H65: 0.096994441 | I65: 0.24765412 | J65: 2.0112728 | K65: 1.3857692 | L65: 0.95784129 | M65: 0.24520714 | N65: 0 | O65: 1.1705718 | P65: 0 | Q65: 0 | R65: 0.39804823 | S65: 0 | T65: 0 | U65: 0 | V65: 0 | W65: 0 | X65: 0.19296987 | Y65: 0.23128998 | Z65: 0 | AA65: 0.80795742 | AB65: 0.26143667 | AC65: 0.070709976 | AD65: 0.38003469 | AE65: 0.32302456
B66: 50 A 59 | C66: 0.37804675 | D66: 0.41644945 | E66: 0.35865849 | F66: 0.33132097 | G66: 0.28485619 | H66: 1.1071581 | I66: 2.1582658 | J66: 2.8485175 | K66: 2.9430807 | L66: 4.4135385 | M66: 4.5349158 | N66: 4.5945895 | O66: 3.165271 | P66: 2.3965042 | Q66: 2.4890942 | R66: 2.5467306 | S66: 2.4807425 | T66: 2.157959 | U66: 1.7881016 | V66: 1.2775798 | W66: 0.6303474 | X66: 0.3946369 | Y66: 0.23802077 | Z66: 0 | AA66: 3.5821513 | AB66: 2.5393836 | AC66: 0.72144773 | AD66: 2.2809942 | AE66: 1.8305994
B67: 60 + | C67: 0.64238202 | D67: 1.146298 | E67: 0.26023522 | F67: 0.24039967 | G67: 0 | H67: 1.1246169 | I67: 5.5811598 | J67: 8.4695363 | K67: 10.48866 | L67: 12.172968 | M67: 9.6044983 | N67: 10.429485 | O67: 6.0537415 | P67: 4.3083852 | Q67: 4.5913613 | R67: 3.69484 | S67: 3.5894333 | T67: 3.4815192 | U67: 2.0302502 | V67: 0.87105107 | W67: 0.21036682 | X67: 0.52060636 | Y67: 0.3875276 | Z67: 0.52457518 | AA67: 9.4577179 | AB67: 4.2865467 | AC67: 0.75739621 | AD67: 4.833887 | AE67: 3.7676624
A68: CX22 UNIVERSAL | B68: TOTAL | C68: 0 | D68: 0 | E68: 0 | F68: 0 | G68: 0 | H68: 0 | I68: 0 | J68: 0.091047254 | K68: 0.090459016 | L68: 0.14152763 | M68: 0.1123223 | N68: 0.18106796 | O68: 0.22869113 | P68: 0.16618227 | Q68: 0.085801653 | R68: 0.14192816 | S68: 0.26468545 | T68: 0.20795675 | U68: 0.22953454 | V68: 0.11840905 | W68: 0.055966531 | X68: 0.12058875 | Y68: 0.091490322 | Z68: 0.062014025 | AA68: 0.10273736 | AB68: 0.1825409 | AC68: 0.11300053 | AD68: 0.1327596 | AE68: 0.099569699
B69: 12 A 17 | C69: 0 | D69: 0 | E69: 0 | F69: 0 | G69: 0 | H69: 0 | I69: 0 | J69: 0 | K69: 0 | L69: 0 | M69: 0 | N69: 0 | O69: 0 | P69: 0 | Q69: 0 | R69: 0 | S69: 0 | T69: 0 | U69: 0 | V69: 0 | W69: 0 | X69: 0 | Y69: 0 | Z69: 0 | AA69: 0 | AB69: 0 | AC69: 0 | AD69: 0 | AE69: 0
B70: 18 A 29 | C70: 0 | D70: 0 | E70: 0 | F70: 0 | G70: 0 | H70: 0 | I70: 0 | J70: 0 | K70: 0 | L70: 0 | M70: 0 | N70: 0 | O70: 0 | P70: 0 | Q70: 0 | R70: 0 | S70: 0 | T70: 0 | U70: 0 | V70: 0 | W70: 0 | X70: 0 | Y70: 0 | Z70: 0 | AA70: 0 | AB70: 0 | AC70: 0 | AD70: 0 | AE70: 0
B71: 30 A 39 | C71: 0 | D71: 0 | E71: 0 | F71: 0 | G71: 0 | H71: 0 | I71: 0 | J71: 0 | K71: 0 | L71: 0 | M71: 0 | N71: 0 | O71: 0 | P71: 0 | Q71: 0 | R71: 0.14568881 | S71: 0.1661335 | T71: 0.16797869 | U71: 0.48045086 | V71: 0.3305671 | W71: 0.15600385 | X71: 0.19128068 | Y71: 0 | Z71: 0 | AA71: 0 | AB71: 0.079966832 | AC71: 0.19305042 | AD71: 0.091005749 | AE71: 0.068254312
B72: 40 A 49 | C72: 0 | D72: 0 | E72: 0 | F72: 0 | G72: 0 | H72: 0 | I72: 0 | J72: 0.22932275 | K72: 0 | L72: 0 | M72: 0.2033164 | N72: 0.4658462 | O72: 0.27155592 | P72: 0 | Q72: 0 | R72: 0.16300701 | S72: 0.24011429 | T72: 0.24278116 | U72: 0.39793035 | V72: 0 | W72: 0 | X72: 0 | Y72: 0 | Z72: 0 | AA72: 0.14974756 | AB72: 0.15290973 | AC72: 0.066321726 | AD72: 0.12299301 | AE72: 0.092244754
B73: 50 A 59 | C73: 0 | D73: 0 | E73: 0 | F73: 0 | G73: 0 | H73: 0 | I73: 0 | J73: 0 | K73: 0.41990046 | L73: 0.73256833 | M73: 0.34885324 | N73: 0.36280146 | O73: 0.57658312 | P73: 0.42667367 | Q73: 0.32944903 | R73: 0.38204381 | S73: 0.4356565 | T73: 0.2419006 | U73: 0.1834728 | V73: 0.2057775 | W73: 0.17979534 | X73: 0.1997622 | Y73: 0.20602626 | Z73: 0.19241686 | AA73: 0.31068725 | AB73: 0.39871779 | AC73: 0.19454183 | AD73: 0.30131562 | AE73: 0.22598672
B74: 60 + | C74: 0 | D74: 0 | E74: 0 | F74: 0 | G74: 0 | H74: 0 | I74: 0 | J74: 0.31696077 | K74: 0.12285363 | L74: 0.11659746 | M74: 0.12176412 | N74: 0.25776013 | O74: 0.52400773 | P74: 0.57041993 | Q74: 0.18536088 | R74: 0.16082934 | S74: 0.7462084 | T74: 0.59508003 | U74: 0.3153532 | V74: 0.17410967 | W74: 0 | X74: 0.3324896 | Y74: 0.34291567 | Z74: 0.17966729 | AA74: 0.15598935 | AB74: 0.46365105 | AC74: 0.22408924 | AD74: 0.28124321 | AE74: 0.21093241
A75: CX24 RADIO 1010 AM | B75: TOTAL | C75: 0 | D75: 0 | E75: 0 | F75: 0 | G75: 0 | H75: 0 | I75: 0.030717699 | J75: 0 | K75: 0.0563107 | L75: 0.0563107 | M75: 0.0563107 | N75: 0.11111299 | O75: 0.0563107 | P75: 0 | Q75: 0.054802293 | R75: 0.027096299 | S75: 0.053683189 | T75: 0.053683189 | U75: 0 | V75: 0.030717699 | W75: 0.030717699 | X75: 0.030717699 | Y75: 0.030717699 | Z75: 0 | AA75: 0.051793799 | AB75: 0.040929278 | AC75: 0.020478466 | AD75: 0.037733848 | AE75: 0.028300386
B76: 12 A 17 | C76: 0 | D76: 0 | E76: 0 | F76: 0 | G76: 0 | H76: 0 | I76: 0 | J76: 0 | K76: 0 | L76: 0 | M76: 0 | N76: 0 | O76: 0 | P76: 0 | Q76: 0 | R76: 0 | S76: 0 | T76: 0 | U76: 0 | V76: 0 | W76: 0 | X76: 0 | Y76: 0 | Z76: 0 | AA76: 0 | AB76: 0 | AC76: 0 | AD76: 0 | AE76: 0
B77: 18 A 29 | C77: 0 | D77: 0 | E77: 0 | F77: 0 | G77: 0 | H77: 0 | I77: 0 | J77: 0 | K77: 0 | L77: 0 | M77: 0 | N77: 0 | O77: 0 | P77: 0 | Q77: 0 | R77: 0 | S77: 0 | T77: 0 | U77: 0 | V77: 0 | W77: 0 | X77: 0 | Y77: 0 | Z77: 0 | AA77: 0 | AB77: 0 | AC77: 0 | AD77: 0 | AE77: 0
B78: 30 A 39 | C78: 0 | D78: 0 | E78: 0 | F78: 0 | G78: 0 | H78: 0 | I78: 0 | J78: 0 | K78: 0 | L78: 0 | M78: 0 | N78: 0.37579682 | O78: 0 | P78: 0 | Q78: 0.32881376 | R78: 0 | S78: 0 | T78: 0 | U78: 0 | V78: 0 | W78: 0 | X78: 0 | Y78: 0 | Z78: 0 | AA78: 0.062632804 | AB78: 0.054802293 | AC78: 0 | AD78: 0.039145032 | AE78: 0.029358774
B79: 40 A 49 | C79: 0 | D79: 0 | E79: 0 | F79: 0 | G79: 0 | H79: 0 | I79: 0 | J79: 0 | K79: 0 | L79: 0 | M79: 0 | N79: 0 | O79: 0 | P79: 0 | Q79: 0 | R79: 0.16257779 | S79: 0 | T79: 0 | U79: 0 | V79: 0 | W79: 0 | X79: 0 | Y79: 0 | Z79: 0 | AA79: 0 | AB79: 0.027096299 | AC79: 0 | AD79: 0.0090320997 | AE79: 0.0067740748
B80: 50 A 59 | C80: 0 | D80: 0 | E80: 0 | F80: 0 | G80: 0 | H80: 0 | I80: 0.18430619 | J80: 0 | K80: 0.3378642 | L80: 0.3378642 | M80: 0.3378642 | N80: 0.29088113 | O80: 0.3378642 | P80: 0 | Q80: 0 | R80: 0 | S80: 0.32209913 | T80: 0.32209913 | U80: 0 | V80: 0.18430619 | W80: 0.18430619 | X80: 0.18430619 | Y80: 0.18430619 | Z80: 0 | AA80: 0.24812999 | AB80: 0.16367708 | AC80: 0.1228708 | AD80: 0.17822595 | AE80: 0.13366947
B81: 60 + | C81: 0 | D81: 0 | E81: 0 | F81: 0 | G81: 0 | H81: 0 | I81: 0 | J81: 0 | K81: 0 | L81: 0 | M81: 0 | N81: 0 | O81: 0 | P81: 0 | Q81: 0 | R81: 0 | S81: 0 | T81: 0 | U81: 0 | V81: 0 | W81: 0 | X81: 0 | Y81: 0 | Z81: 0 | AA81: 0 | AB81: 0 | AC81: 0 | AD81: 0 | AE81: 0
A82: CX26 RADIO URUGUAY | B82: TOTAL | C82: 0.062712138 | D82: 0.062712138 | E82: 0.062712138 | F82: 0.093396512 | G82: 0.062678813 | H82: 0.042305105 | I82: 0.071680993 | J82: 0.17153037 | K82: 0.26525765 | L82: 0.28211804 | M82: 0.20735332 | N82: 0.20681853 | O82: 0.10464432 | P82: 0.13987782 | Q82: 0.25739504 | R82: 0.21575795 | S82: 0.11069225 | T82: 0.071076706 | U82: 0.059266495 | V82: 0.098882044 | W82: 0.059266495 | X82: 0.028582122 | Y82: 0.028582122 | Z82: 0.028582122 | AA82: 0.20079315 | AB82: 0.14990735 | AC82: 0.0505269 | AD82: 0.13374247 | AE82: 0.11641172
B83: 12 A 17 | C83: 0 | D83: 0 | E83: 0 | F83: 0 | G83: 0 | H83: 0 | I83: 0 | J83: 0 | K83: 0 | L83: 0 | M83: 0 | N83: 0 | O83: 0 | P83: 0 | Q83: 0 | R83: 0 | S83: 0 | T83: 0 | U83: 0 | V83: 0 | W83: 0 | X83: 0 | Y83: 0 | Z83: 0 | AA83: 0 | AB83: 0 | AC83: 0 | AD83: 0 | AE83: 0
B84: 18 A 29 | C84: 0 | D84: 0 | E84: 0 | F84: 0 | G84: 0 | H84: 0 | I84: 0 | J84: 0 | K84: 0 | L84: 0.23742759 | M84: 0.22727442 | N84: 0.24810704 | O84: 0.26644494 | P84: 0 | Q84: 0 | R84: 0 | S84: 0 | T84: 0 | U84: 0 | V84: 0 | W84: 0 | X84: 0 | Y84: 0 | Z84: 0 | AA84: 0.11880151 | AB84: 0.04440749 | AC84: 0 | AD84: 0.054403 | AE84: 0.04080225
B85: 30 A 39 | C85: 0 | D85: 0 | E85: 0 | F85: 0 | G85: 0 | H85: 0 | I85: 0 | J85: 0 | K85: 0 | L85: 0 | M85: 0 | N85: 0 | O85: 0 | P85: 0 | Q85: 0.30599583 | R85: 0.30313641 | S85: 0.51528518 | T85: 0.27124137 | U85: 0 | V85: 0.23884386 | W85: 0 | X85: 0 | Y85: 0 | Z85: 0 | AA85: 0 | AB85: 0.2326098 | AC85: 0.039807311 | AD85: 0.090805702 | AE85: 0.068104277
B86: 40 A 49 | C86: 0 | D86: 0 | E86: 0 | F86: 0 | G86: 0 | H86: 0 | I86: 0 | J86: 0 | K86: 0 | L86: 0 | M86: 0 | N86: 0 | O86: 0 | P86: 0 | Q86: 0 | R86: 0 | S86: 0 | T86: 0 | U86: 0 | V86: 0 | W86: 0 | X86: 0 | Y86: 0 | Z86: 0 | AA86: 0 | AB86: 0 | AC86: 0 | AD86: 0 | AE86: 0
B87: 50 A 59 | C87: 0 | D87: 0 | E87: 0 | F87: 0 | G87: 0 | H87: 0 | I87: 0.24406869 | J87: 0.28085244 | K87: 0.29201613 | L87: 0.50522716 | M87: 0.483622 | N87: 0.23963525 | O87: 0 | P87: 0 | Q87: 0 | R87: 0 | S87: 0 | T87: 0 | U87: 0.21578731 | V87: 0.21508911 | W87: 0.21578731 | X87: 0.17149273 | Y87: 0.17149273 | Z87: 0.17149273 | AA87: 0.34090361 | AB87: 0 | AC87: 0.19352365 | AD87: 0.17814242 | AE87: 0.13360682
B88: 60 + | C88: 0.37627283 | D88: 0.37627283 | E88: 0.37627283 | F88: 0.56037907 | G88: 0.37607288 | H88: 0.25383063 | I88: 0.18601727 | J88: 0.74832976 | K88: 1.2995298 | L88: 0.95005351 | M88: 0.53322348 | N88: 0.75316887 | O88: 0.36142096 | P88: 0.83926692 | Q88: 1.2383744 | R88: 0.99141131 | S88: 0.14886835 | T88: 0.15521886 | U88: 0.13981166 | V88: 0.13935929 | W88: 0.13981166 | X88: 0 | Y88: 0 | Z88: 0 | AA88: 0.74505377 | AB88: 0.6224268 | AC88: 0.069830435 | AD88: 0.47910367 | AE88: 0.45595696
A89: CX28 IMPARCIAL | B89: TOTAL | C89: 0 | D89: 0 | E89: 0 | F89: 0.074802221 | G89: 0.20888338 | H89: 0.040003471 | I89: 0.082308576 | J89: 0 | K89: 0.044581831 | L89: 0.074752701 | M89: 0.13224723 | N89: 0.087665395 | O89: 0.059956736 | P89: 0.057690542 | Q89: 0.027904676 | R89: 0.027904676 | S89: 0.027904676 | T89: 0 | U89: 0 | V89: 0 | W89: 0.027708659 | X89: 0 | Y89: 0 | Z89: 0.027502327 | AA89: 0.070259288 | AB89: 0.033560218 | AC89: 0.009201831 | AD89: 0.037673779 | AE89: 0.041742379
B90: 12 A 17 | C90: 0 | D90: 0 | E90: 0 | F90: 0 | G90: 0 | H90: 0 | I90: 0 | J90: 0 | K90: 0 | L90: 0 | M90: 0 | N90: 0 | O90: 0 | P90: 0 | Q90: 0 | R90: 0 | S90: 0 | T90: 0 | U90: 0 | V90: 0 | W90: 0 | X90: 0 | Y90: 0 | Z90: 0 | AA90: 0 | AB90: 0 | AC90: 0 | AD90: 0 | AE90: 0
B91: 18 A 29 | C91: 0 | D91: 0 | E91: 0 | F91: 0 | G91: 0 | H91: 0 | I91: 0 | J91: 0 | K91: 0 | L91: 0 | M91: 0 | N91: 0 | O91: 0 | P91: 0 | Q91: 0 | R91: 0 | S91: 0 | T91: 0 | U91: 0 | V91: 0 | W91: 0 | X91: 0 | Y91: 0 | Z91: 0 | AA91: 0 | AB91: 0 | AC91: 0 | AD91: 0 | AE91: 0
B92: 30 A 39 | C92: 0 | D92: 0 | E92: 0 | F92: 0 | G92: 0 | H92: 0 | I92: 0 | J92: 0 | K92: 0 | L92: 0 | M92: 0 | N92: 0 | O92: 0 | P92: 0 | Q92: 0 | R92: 0 | S92: 0 | T92: 0 | U92: 0 | V92: 0 | W92: 0 | X92: 0 | Y92: 0 | Z92: 0 | AA92: 0 | AB92: 0 | AC92: 0 | AD92: 0 | AE92: 0
B93: 40 A 49 | C93: 0 | D93: 0 | E93: 0 | F93: 0 | G93: 0.39431102 | H93: 0 | I93: 0 | J93: 0 | K93: 0 | L93: 0 | M93: 0 | N93: 0 | O93: 0 | P93: 0 | Q93: 0 | R93: 0 | S93: 0 | T93: 0 | U93: 0 | V93: 0 | W93: 0 | X93: 0 | Y93: 0 | Z93: 0 | AA93: 0 | AB93: 0 | AC93: 0 | AD93: 0 | AE93: 0.016429626
B94: 50 A 59 | C94: 0 | D94: 0 | E94: 0 | F94: 0 | G94: 0 | H94: 0 | I94: 0 | J94: 0 | K94: 0.26749099 | L94: 0.44851621 | M94: 0.68405612 | N94: 0.41128009 | O94: 0.35974042 | P94: 0.22112024 | Q94: 0 | R94: 0 | S94: 0 | T94: 0 | U94: 0 | V94: 0 | W94: 0 | X94: 0 | Y94: 0 | Z94: 0.16501396 | AA94: 0.30189057 | AB94: 0.096810109 | AC94: 0.027502327 | AD94: 0.14206767 | AE94: 0.10655075
B95: 60 + | C95: 0 | D95: 0 | E95: 0 | F95: 0.44881333 | G95: 0.85898925 | H95: 0.24002083 | I95: 0.49385146 | J95: 0 | K95: 0 | L95: 0 | M95: 0.10942723 | N95: 0.11471228 | O95: 0 | P95: 0.12502301 | Q95: 0.16742806 | R95: 0.16742806 | S95: 0.16742806 | T95: 0 | U95: 0 | V95: 0 | W95: 0.16625195 | X95: 0 | Y95: 0 | Z95: 0 | AA95: 0.11966516 | AB95: 0.1045512 | AC95: 0.027708659 | AD95: 0.083975006 | AE95: 0.1274739
A96: CX30 NACIONAL | B96: TOTAL | C96: 0 | D96: 0 | E96: 0 | F96: 0 | G96: 0 | H96: 0.034063492 | I96: 0.067272207 | J96: 0.067272207 | K96: 0.085099537 | L96: 0.085099537 | M96: 0.085099537 | N96: 0.1249934 | O96: 0.12736265 | P96: 0.12736265 | Q96: 0.096219919 | R96: 0 | S96: 0 | T96: 0 | U96: 0.12746215 | V96: 0.07716613 | W96: 0.023482942 | X96: 0 | Y96: 0 | Z96: 0 | AA96: 0.085806071 | AB96: 0.05849087 | AC96: 0.038018537 | AD96: 0.060771826 | AE96: 0.046998182
B97: 12 A 17 | C97: 0 | D97: 0 | E97: 0 | F97: 0 | G97: 0 | H97: 0 | I97: 0 | J97: 0 | K97: 0 | L97: 0 | M97: 0 | N97: 0 | O97: 0 | P97: 0 | Q97: 0 | R97: 0 | S97: 0 | T97: 0 | U97: 0 | V97: 0 | W97: 0 | X97: 0 | Y97: 0 | Z97: 0 | AA97: 0 | AB97: 0 | AC97: 0 | AD97: 0 | AE97: 0
B98: 18 A 29 | C98: 0 | D98: 0 | E98: 0 | F98: 0 | G98: 0 | H98: 0 | I98: 0 | J98: 0 | K98: 0 | L98: 0 | M98: 0 | N98: 0 | O98: 0 | P98: 0 | Q98: 0 | R98: 0 | S98: 0 | T98: 0 | U98: 0 | V98: 0 | W98: 0 | X98: 0 | Y98: 0 | Z98: 0 | AA98: 0 | AB98: 0 | AC98: 0 | AD98: 0 | AE98: 0
B99: 30 A 39 | C99: 0 | D99: 0 | E99: 0 | F99: 0 | G99: 0 | H99: 0 | I99: 0 | J99: 0 | K99: 0 | L99: 0 | M99: 0 | N99: 0 | O99: 0 | P99: 0 | Q99: 0 | R99: 0 | S99: 0 | T99: 0 | U99: 0 | V99: 0 | W99: 0 | X99: 0 | Y99: 0 | Z99: 0 | AA99: 0 | AB99: 0 | AC99: 0 | AD99: 0 | AE99: 0
B100: 40 A 49 | C100: 0 | D100: 0 | E100: 0 | F100: 0 | G100: 0 | H100: 0 | I100: 0 | J100: 0 | K100: 0 | L100: 0 | M100: 0 | N100: 0 | O100: 0 | P100: 0 | Q100: 0 | R100: 0 | S100: 0 | T100: 0 | U100: 0 | V100: 0 | W100: 0 | X100: 0 | Y100: 0 | Z100: 0 | AA100: 0 | AB100: 0 | AC100: 0 | AD100: 0 | AE100: 0
B101: 50 A 59 | C101: 0 | D101: 0 | E101: 0 | F101: 0 | G101: 0 | H101: 0 | I101: 0 | J101: 0 | K101: 0.23406431 | L101: 0.23406431 | M101: 0.23406431 | N101: 0.50162718 | O101: 0.32892547 | P101: 0.32892547 | Q101: 0.31170834 | R101: 0 | S101: 0 | T101: 0 | U101: 0 | V101: 0 | W101: 0 | X101: 0 | Y101: 0 | Z101: 0 | AA101: 0.20063669 | AB101: 0.16159321 | AC101: 0 | AD101: 0.1207433 | AE101: 0.090557475
...

Sheet RatxEdadxLVxFM
A1: CUADRO 68: RESUMEN DE RATING POR HORA SEGUN RADIO Y EDAD | FM | LUNES A VIERNES
A3: RADIOS | B3: EDAD | C3: HORAS | AA3: PROMEDIO
C4: 00:00 - 00:59 | D4: 01:00 - 01:59 | E4: 02:00 - 02:59 | F4: 03:00 - 03:59 | G4: 04:00 - 04:59 | H4: 05:00 - 05:59 | I4: 06:00 - 06:59 | J4: 07:00 - 07:59 | K4: 08:00 - 08:59 | L4: 09:00 - 09:59 | M4: 10:00 - 10:59 | N4: 11:00 - 11:59 | O4: 12:00 - 12:59 | P4: 13:00 - 13:59 | Q4: 14:00 - 14:59 | R4: 15:00 - 15:59 | S4: 16:00 - 16:59 | T4: 17:00 - 17:59 | U4: 18:00 - 18:59 | V4: 19:00 - 19:59 | W4: 20:00 - 20:59 | X4: 21:00 - 21:59 | Y4: 22:00 - 22:59 | Z4: 23:00 - 23:59 | AA4: 06:00 - 11:59 | AB4: 12:00 - 17:59 | AC4: 18:00 - 23:59 | AD4: 06:00 - 23:59 | AE4: 00:00 - 24:00
A5: 88.3 LACOSTA | B5: TOTAL | C5: 0.069641039 | D5: 0.069641039 | E5: 0.069641039 | F5: 0.069641039 | G5: 0.046206412 | H5: 0.10077228 | I5: 0.065065474 | J5: 0.22929337 | K5: 0.20969194 | L5: 0.20981791 | M5: 0.17357776 | N5: 0.076818096 | O5: 0.24564324 | P5: 0.35360584 | Q5: 0.22965394 | R5: 0.28000743 | S5: 0.29140303 | T5: 0.44482515 | U5: 0.1900426 | V5: 0.30594823 | W5: 0.29085073 | X5: 0.2190804 | Y5: 0.27020069 | Z5: 0.071581333 | AA5: 0.16071076 | AB5: 0.30752311 | AC5: 0.22461733 | AD5: 0.2309504 | AE5: 0.19094375
B6: 12 A 17 | C6: 0.41784624 | D6: 0.41784624 | E6: 0.41784624 | F6: 0.41784624 | G6: 0.27723847 | H6: 0.39081205 | I6: 0.32831057 | J6: 0.65014902 | K6: 0.25914933 | L6: 0.25417364 | M6: 0 | N6: 0 | O6: 0 | P6: 0 | Q6: 0 | R6: 0.2948064 | S6: 0.40823549 | T6: 1.2071824 | U6: 0.55481073 | V6: 1.5168146 | W6: 1.5081331 | X6: 1.2057093 | Y6: 1.3482138 | Z6: 0 | AA6: 0.24863043 | AB6: 0.31837071 | AC6: 1.0222802 | AD6: 0.52976046 | AE6: 0.49479683
B7: 18 A 29 | C7: 0 | D7: 0 | E7: 0 | F7: 0 | G7: 0 | H7: 0.21382162 | I7: 0.062082268 | J7: 0.43063042 | K7: 0.3297827 | L7: 0.33421003 | M7: 0.57573751 | N7: 0.20184777 | O7: 0.7324909 | P7: 1.3456691 | Q7: 0.78595092 | R7: 1.2839027 | S7: 1.2422754 | T7: 1.3983194 | U7: 0.33837229 | V7: 0.27238648 | W7: 0.23697125 | X7: 0.10877314 | Y7: 0.27299032 | Z7: 0.429488 | AA7: 0.32238178 | AB7: 1.1314347 | AC7: 0.27649691 | AD7: 0.57677114 | AE7: 0.44148759
B8: 30 A 39 | C8: 0 | D8: 0 | E8: 0 | F8: 0 | G8: 0 | H8: 0 | I8: 0 | J8: 0.2949808 | K8: 0.59207051 | L8: 0.59317181 | M8: 0.28956386 | N8: 0.17435763 | O8: 0.24805137 | P8: 0.25592617 | Q8: 0.25621353 | R8: 0.10133553 | S8: 0.097907327 | T8: 0.063449042 | U8: 0.24707261 | V8: 0.046488353 | W8: 0 | X8: 0 | Y8: 0 | Z8: 0 | AA8: 0.3240241 | AB8: 0.17048049 | AC8: 0.048926827 | AD8: 0.18114381 | AE8: 0.13585786
B9: 40 A 49 | C9: 0 | D9: 0 | E9: 0 | F9: 0 | G9: 0 | H9: 0 | I9: 0 | J9: 0 | K9: 0.077149116 | L9: 0.077351986 | M9: 0.17616519 | N9: 0.084703168 | O9: 0.083116472 | P9: 0.088896697 | Q9: 0 | R9: 0 | S9: 0 | T9: 0 | U9: 0 | V9: 0 | W9: 0 | X9: 0 | Y9: 0 | Z9: 0 | AA9: 0.069228244 | AB9: 0.028668862 | AC9: 0 | AD9: 0.032632368 | AE9: 0.024474276
B10: 50 A 59 | C10: 0 | D10: 0 | E10: 0 | F10: 0 | G10: 0 | H10: 0 | I10: 0 | J10: 0 | K10: 0 | L10: 0 | M10: 0 | N10: 0 | O10: 0.41020071 | P10: 0.43114311 | Q10: 0.33575918 | R10: 0 | S10: 0 | T10: 0 | U10: 0 | V10: 0 | W10: 0 | X10: 0 | Y10: 0 | Z10: 0 | AA10: 0 | AB10: 0.19618383 | AC10: 0 | AD10: 0.065394611 | AE10: 0.049045958
B11: 60 + | C11: 0 | D11: 0 | E11: 0 | F11: 0 | G11: 0 | H11: 0 | I11: 0 | J11: 0 | K11: 0 | L11: 0 | M11: 0 | N11: 0 | O11: 0 | P11: 0 | Q11: 0 | R11: 0 | S11: 0 | T11: 0 | U11: 0 | V11: 0 | W11: 0 | X11: 0 | Y11: 0 | Z11: 0 | AA11: 0 | AB11: 0 | AC11: 0 | AD11: 0 | AE11: 0
A12: 90.3 OLDIES | B12: TOTAL | C12: 0.050710751 | D12: 0.050710751 | E12: 0.081945315 | F12: 0.070025308 | G12: 0.019314557 | H12: 0.03182395 | I12: 0.14163469 | J12: 0.40330965 | K12: 0.67146637 | L12: 0.74293043 | M12: 0.95870018 | N12: 0.91194172 | O12: 0.97494057 | P12: 0.97625977 | Q12: 0.89852404 | R12: 0.82998172 | S12: 0.73245147 | T12: 0.70346893 | U12: 0.64218357 | V12: 0.28843787 | W12: 0.21376782 | X12: 0.20087016 | Y12: 0.23352911 | Z12: 0.24070092 | AA12: 0.63833051 | AB12: 0.85260442 | AC12: 0.30324824 | AD12: 0.59806105 | AE12: 0.46123457
B13: 12 A 17 | C13: 0 | D13: 0 | E13: 0 | F13: 0 | G13: 0 | H13: 0 | I13: 0 | J13: 0 | K13: 0 | L13: 0 | M13: 0 | N13: 0 | O13: 0 | P13: 0 | Q13: 0 | R13: 0 | S13: 0 | T13: 0 | U13: 0 | V13: 0 | W13: 0 | X13: 0 | Y13: 0 | Z13: 0 | AA13: 0 | AB13: 0 | AC13: 0 | AD13: 0 | AE13: 0
B14: 18 A 29 | C14: 0 | D14: 0 | E14: 0.082431493 | F14: 0.08114432 | G14: 0.11588734 | H14: 0.11772201 | I14: 0.079349556 | J14: 0.38346466 | K14: 0.46636754 | L14: 0.49568065 | M14: 0.58015778 | N14: 0.19625843 | O14: 0.19831988 | P14: 0.11299652 | Q14: 0.14901288 | R14: 0.23071706 | S14: 0.24306978 | T14: 0.29219625 | U14: 0.20420654 | V14: 0 | W14: 0 | X14: 0 | Y14: 0 | Z14: 0 | AA14: 0.36687977 | AB14: 0.2043854 | AC14: 0.034034424 | AD14: 0.20176653 | AE14: 0.16787428
B15: 30 A 39 | C15: 0 | D15: 0 | E15: 0.064855276 | F15: 0 | G15: 0 | H15: 0 | I15: 0.075230893 | J15: 0.18356112 | K15: 0.25568762 | L15: 0.91960741 | M15: 1.1505469 | N15: 1.3683694 | O15: 1.3853651 | P15: 1.2329586 | Q15: 1.1998048 | R15: 1.4678632 | S15: 1.367455 | T15: 1.3938095 | U15: 1.3512279 | V15: 0.19043599 | W15: 0.33772883 | X15: 0.43778643 | Y15: 0.25717838 | Z15: 0.18175311 | AA15: 0.6588339 | AB15: 1.3412094 | AC15: 0.45935177 | AD15: 0.81979835 | AE15: 0.61755107
B16: 40 A 49 | C16: 0 | D16: 0 | E16: 0 | F16: 0 | G16: 0 | H16: 0 | I16: 0.33886462 | J16: 0.96365411 | K16: 1.8104243 | L16: 1.6444028 | M16: 2.4641117 | N16: 2.4883353 | O16: 2.0908885 | P16: 2.2348347 | Q16: 2.3541757 | R16: 2.2298553 | S16: 1.8015846 | T16: 1.778883 | U16: 1.6792321 | V16: 0.72087757 | W16: 0.066877459 | X16: 0.067141734 | Y16: 0.49533961 | Z16: 0.36388736 | AA16: 1.6182988 | AB16: 2.0817037 | AC16: 0.5655593 | AD16: 1.4218539 | AE16: 1.0663904
B17: 50 A 59 | C17: 0.3042645 | D17: 0.3042645 | E17: 0.34438512 | F17: 0.33900753 | G17: 0 | H17: 0 | I17: 0.24817623 | J17: 0.5890832 | K17: 1.1528741 | L17: 1.2361798 | M17: 1.2229913 | N17: 0.96383622 | O17: 1.3101563 | P17: 1.3888116 | Q17: 1.2965396 | R17: 0.95240311 | S17: 0.7813624 | T17: 0.44911251 | U17: 0.4459145 | V17: 0.67800601 | W17: 0.51868821 | X17: 0.39950431 | Y17: 0.5754018 | Z17: 0.81727251 | AA17: 0.90219015 | AB17: 1.0297309 | AC17: 0.57246456 | AD17: 0.83479521 | AE17: 0.67992647
B18: 60 + | C18: 0 | D18: 0 | E18: 0 | F18: 0 | G18: 0 | H18: 0.073221697 | I18: 0.10818686 | J18: 0.30009479 | K18: 0.34344462 | L18: 0.16171183 | M18: 0.33439338 | N18: 0.45485095 | O18: 0.86491363 | P18: 0.88795723 | Q18: 0.39161121 | R18: 0.09905158 | S18: 0.20123697 | T18: 0.30681229 | U18: 0.17252043 | V18: 0.14130766 | W18: 0.35931242 | X18: 0.30078848 | Y18: 0.073254839 | Z18: 0.081292559 | AA18: 0.2837804 | AB18: 0.45859715 | AC18: 0.1880794 | AD18: 0.31015232 | AE18: 0.23566514
A19: 91.1 RADIOFUTURA | B19: TOTAL | C19: 0.017832921 | D19: 0.017832921 | E19: 0.017832921 | F19: 0.017832921 | G19: 0.025593073 | H19: 0.027538638 | I19: 0.15941711 | J19: 0.20951078 | K19: 0.40022624 | L19: 0.73197805 | M19: 0.76085071 | N19: 0.95041933 | O19: 0.7402811 | P19: 0.78388231 | Q19: 0.69709746 | R19: 0.62415349 | S19: 0.65415018 | T19: 0.63299545 | U19: 0.81581182 | V19: 0.75915164 | W19: 0.60610595 | X19: 0.38776828 | Y19: 0.27548566 | Z19: 0.18370807 | AA19: 0.53540037 | AB19: 0.68876 | AC19: 0.5046719 | AD19: 0.57627742 | AE19: 0.43739404
B20: 12 A 17 | C20: 0 | D20: 0 | E20: 0 | F20: 0 | G20: 0 | H20: 0 | I20: 0 | J20: 0 | K20: 0 | L20: 0 | M20: 0 | N20: 0 | O20: 0 | P20: 0 | Q20: 0 | R20: 0.2145172 | S20: 0 | T20: 0 | U20: 0.93015942 | V20: 0 | W20: 0 | X20: 0 | Y20: 0 | Z20: 0 | AA20: 0 | AB20: 0.035752867 | AC20: 0.15502657 | AD20: 0.063593146 | AE20: 0.047694859
B21: 18 A 29 | C21: 0 | D21: 0 | E21: 0 | F21: 0 | G21: 0 | H21: 0.04447456 | I21: 0.42672621 | J21: 0.45205387 | K21: 0.84535894 | L21: 1.5509566 | M21: 1.3866026 | N21: 1.9659316 | O21: 1.392067 | P21: 1.3893564 | Q21: 0.74497386 | R21: 0.70191894 | S21: 0.86219843 | T21: 0.73170159 | U21: 0.60740575 | V21: 0.34069121 | W21: 0.53592659 | X21: 0.27663691 | Y21: 0.15586434 | Z21: 0.15047771 | AA21: 1.104605 | AB21: 0.97036937 | AC21: 0.34450042 | AD21: 0.80649158 | AE21: 0.60672179
B22: 30 A 39 | C22: 0 | D22: 0 | E22: 0 | F22: 0 | G22: 0.039696401 | H22: 0.046965487 | I22: 0.14790107 | J22: 0.29876708 | K22: 0.53287064 | L22: 1.1893723 | M22: 1.5003233 | N22: 1.8551261 | O22: 1.2523255 | P22: 1.3365645 | Q22: 1.6077971 | R22: 1.3594916 | S22: 1.4204248 | T22: 1.8122099 | U22: 1.537397 | V22: 2.0537269 | W22: 1.8871614 | X22: 1.080828 | Y22: 0.77609512 | Z22: 0.46592088 | AA22: 0.92072674 | AB22: 1.4648022 | AC22: 1.3001882 | AD22: 1.2285724 | AE22: 0.92504021
B23: 40 A 49 | C23: 0 | D23: 0 | E23: 0 | F23: 0 | G23: 0 | H23: 0.07379178 | I23: 0.079080458 | J23: 0.26010218 | K23: 0.71424702 | L23: 1.256443 | M23: 1.262827 | N23: 1.4881638 | O23: 1.3457247 | P23: 1.4162705 | Q23: 1.1895617 | R23: 0.91937556 | S23: 1.0521772 | T23: 0.69977885 | U23: 1.06957 | V23: 1.0427477 | W23: 0.22485154 | X23: 0.070517434 | Y23: 0.1536944 | Z23: 0.069733273 | AA23: 0.84347724 | AB23: 1.1038147 | AC23: 0.43851905 | AD23: 0.79527034 | AE23: 0.59952742
B24: 50 A 59 | C24: 0.10699752 | D24: 0.10699752 | E24: 0.10699752 | F24: 0.10699752 | G24: 0.11386203 | H24: 0 | I24: 0.2421114 | J24: 0.18694793 | K24: 0.12424551 | L24: 0.09417749 | M24: 0.18062969 | N24: 0.10919766 | O24: 0.1085005 | P24: 0.2835434 | Q24: 0.27758942 | R24: 0.19338192 | S24: 0.28624695 | T24: 0.2868088 | U24: 0.48909266 | V24: 0.84043287 | W24: 0.86944291 | X24: 0.84346944 | Y24: 0.56726011 | Z24: 0.41611657 | AA24: 0.15621828 | AB24: 0.23934516 | AC24: 0.6709691 | AD24: 0.35551085 | AE24: 0.28921031
B25: 60 + | C25: 0 | D25: 0 | E25: 0 | F25: 0 | G25: 0 | H25: 0 | I25: 0.060683543 | J25: 0.059193603 | K25: 0.18463532 | L25: 0.30091903 | M25: 0.23472173 | N25: 0.28409681 | O25: 0.34306892 | P25: 0.27755912 | Q25: 0.36266273 | R25: 0.35623569 | S25: 0.30385368 | T25: 0.26747358 | U25: 0.26124607 | V25: 0.2773112 | W25: 0.11925328 | X25: 0.055157918 | Y25: 0 | Z25: 0 | AA25: 0.18737501 | AB25: 0.31847562 | AC25: 0.11882808 | AD25: 0.20822623 | AE25: 0.15616968
A26: 91.9 DISNEY | B26: TOTAL | C26: 0.034386624 | D26: 0.047785161 | E26: 0.0247763 | F26: 0.013020964 | G26: 0.033156054 | H26: 0.17198029 | I26: 0.59150991 | J26: 1.2449637 | K26: 1.5367974 | L26: 2.0967027 | M26: 2.1662547 | N26: 2.523795 | O26: 2.2762145 | P26: 2.407479 | Q26: 2.3057395 | R26: 2.372532 | S26: 2.2287852 | T26: 2.0548681 | U26: 1.616145 | V26: 1.2337413 | W26: 0.76471013 | X26: 0.48013616 | Y26: 0.30268906 | Z26: 0.20589064 | AA26: 1.6933372 | AB26: 2.2742697 | AC26: 0.76721871 | AD26: 1.5782752 | AE26: 1.1972525
B27: 12 A 17 | C27: 0 | D27: 0 | E27: 0 | F27: 0 | G27: 0 | H27: 0 | I27: 0.75055485 | J27: 1.8158624 | K27: 1.4527069 | L27: 2.0189 | M27: 1.811566 | N27: 2.4296426 | O27: 2.1927017 | P27: 3.7606004 | Q27: 2.5256609 | R27: 2.8209946 | S27: 2.889333 | T27: 2.0517327 | U27: 1.6729877 | V27: 1.3169273 | W27: 1.3657161 | X27: 0.98058033 | Y27: 0 | Z27: 0 | AA27: 1.7132055 | AB27: 2.7068372 | AC27: 0.88936859 | AD27: 1.7698038 | AE27: 1.3273528
B28: 18 A 29 | C28: 0 | D28: 0 | E28: 0 | F28: 0 | G28: 0 | H28: 0.42682058 | I28: 1.4527228 | J28: 2.5440599 | K28: 2.9702123 | L28: 3.4660733 | M28: 3.8051124 | N28: 4.5541317 | O28: 4.1620645 | P28: 4.5674131 | Q28: 4.9907747 | R28: 4.6368212 | S28: 4.140825 | T28: 3.8923705 | U28: 2.437676 | V28: 1.6648187 | W28: 0.68034853 | X28: 0.40335989 | Y28: 0.18338274 | Z28: 0.043764552 | AA28: 3.1320521 | AB28: 4.3983782 | AC28: 0.90222507 | AD28: 2.8108851 | AE28: 2.125948
B29: 30 A 39 | C29: 0 | D29: 0.2301461 | E29: 0.088482396 | F29: 0.078125785 | G29: 0.11648967 | H29: 0.60506115 | I29: 0.7395722 | J29: 1.1460735 | K29: 2.2051594 | L29: 2.5997316 | M29: 2.8523733 | N29: 2.8553663 | O29: 2.8507084 | P29: 2.2753722 | Q29: 2.1805834 | R29: 2.2598062 | S29: 2.1255705 | T29: 2.2100733 | U29: 2.0024749 | V29: 1.9242432 | W29: 1.0765564 | X29: 0.97761207 | Y29: 0.78680336 | Z29: 0.43482116 | AA29: 2.0663794 | AB29: 2.317019 | AC29: 1.2004185 | AD29: 1.8612723 | AE29: 1.4425503
B30: 40 A 49 | C30: 0.081977963 | D30: 0 | E30: 0 | F30: 0 | G30: 0 | H30: 0 | I30: 0.15573452 | J30: 1.3126219 | K30: 1.6064221 | L30: 2.3299317 | M30: 2.2675165 | N30: 2.5833861 | O30: 1.8090992 | P30: 1.9702566 | Q30: 1.891517 | R30: 1.945236 | S30: 2.1856754 | T30: 2.1835641 | U30: 1.8201248 | V30: 1.5718856 | W30: 0.8417336 | X30: 0.14259515 | Y30: 0.7599467 | Z30: 0.63435429 | AA30: 1.7092688 | AB30: 1.997558 | AC30: 0.96177336 | AD30: 1.5562001 | AE30: 1.1705658
B31: 50 A 59 | C31: 0.073814499 | D31: 0 | E31: 0 | F31: 0 | G31: 0.082446653 | H31: 0 | I31: 0.28011979 | J31: 0.32965219 | K31: 0.98628362 | L31: 1.920162 | M31: 1.9573036 | N31: 2.2985747 | O31: 2.307307 | P31: 1.4885445 | Q31: 1.6418226 | R31: 2.1868059 | S31: 1.84777 | T31: 1.8026227 | U31: 1.7636063 | V31: 0.92457311 | W31: 0.62390617 | X31: 0.3766695 | Y31: 0.086001568 | Z31: 0.07266405 | AA31: 1.2953493 | AB31: 1.8791455 | AC31: 0.64123678 | AD31: 1.2719105 | AE31: 0.96044377
B32: 60 + | C32: 0.050527281 | D32: 0.056564867 | E32: 0.060175406 | F32: 0 | G32: 0 | H32: 0 | I32: 0.17035531 | J32: 0.3215121 | K32: 0 | L32: 0.24541762 | M32: 0.30365609 | N32: 0.42166846 | O32: 0.33540608 | P32: 0.3826875 | Q32: 0.60407835 | R32: 0.38552821 | S32: 0.1835372 | T32: 0.18884529 | U32: 0 | V32: 0 | W32: 0 | X32: 0 | Y32: 0 | Z32: 0.049739779 | AA32: 0.24376826 | AB32: 0.34668044 | AC32: 0.0082899631 | AD32: 0.19957956 | AE32: 0.15665415
A33: 92.5 CONCIERTO URBANA | B33: TOTAL | C33: 0.0065090509 | D33: 0.0065090509 | E33: 0 | F33: 0 | G33: 0 | H33: 0 | I33: 0 | J33: 0.10206438 | K33: 0.25483538 | L33: 0.32513669 | M33: 0.22412075 | N33: 0.20902818 | O33: 0.1799665 | P33: 0.17575091 | Q33: 0.25311168 | R33: 0.18633548 | S33: 0.18741291 | T33: 0.17933646 | U33: 0.24039981 | V33: 0.14932338 | W33: 0.11123613 | X33: 0.020774608 | Y33: 0 | Z33: 0.010967577 | AA33: 0.18586423 | AB33: 0.19365233 | AC33: 0.088783583 | AD33: 0.15610005 | AE33: 0.11761746
B34: 12 A 17 | C34: 0 | D34: 0 | E34: 0 | F34: 0 | G34: 0 | H34: 0 | I34: 0 | J34: 0 | K34: 0 | L34: 0 | M34: 0 | N34: 0 | O34: 0 | P34: 0 | Q34: 0 | R34: 0 | S34: 0 | T34: 0.2912454 | U34: 0.30274978 | V34: 0 | W34: 0 | X34: 0 | Y34: 0 | Z34: 0 | AA34: 0 | AB34: 0.048540901 | AC34: 0.050458297 | AD34: 0.032999733 | AE34: 0.024749799
B35: 18 A 29 | C35: 0 | D35: 0 | E35: 0 | F35: 0 | G35: 0 | H35: 0 | I35: 0 | J35: 0.14753374 | K35: 0.84147277 | L35: 0.6367867 | M35: 0 | N35: 0 | O35: 0.055813188 | P35: 0.054636106 | Q35: 0.052104041 | R35: 0.056533099 | S35: 0 | T35: 0.077764071 | U35: 0.12621783 | V35: 0.36963509 | W35: 0.31450243 | X35: 0.038833083 | Y35: 0 | Z35: 0 | AA35: 0.27096553 | AB35: 0.049475084 | AC35: 0.14153141 | AD35: 0.15399068 | AE35: 0.11549301
B36: 30 A 39 | C36: 0 | D36: 0 | E36: 0 | F36: 0 | G36: 0 | H36: 0 | I36: 0 | J36: 0.14571322 | K36: 0.32162607 | L36: 0.17739438 | M36: 0.15590552 | N36: 0.072750929 | O36: 0.19252164 | P36: 0 | Q36: 0.048904804 | R36: 0 | S36: 0 | T36: 0 | U36: 0.063164209 | V36: 0 | W36: 0 | X36: 0 | Y36: 0 | Z36: 0 | AA36: 0.14556502 | AB36: 0.04023774 | AC36: 0.010527368 | AD36: 0.065443376 | AE36: 0.049082532
B37: 40 A 49 | C37: 0.039054306 | D37: 0.039054306 | E37: 0 | F37: 0 | G37: 0 | H37: 0 | I37: 0 | J37: 0 | K37: 0 | L37: 0.27013113 | M37: 0.32327617 | N37: 0.23500881 | O37: 0.044415175 | P37: 0.3370188 | Q37: 0.32139995 | R37: 0.3037322 | S37: 0.38569203 | T37: 0 | U37: 0 | V37: 0 | W37: 0 | X37: 0 | Y37: 0 | Z37: 0.065805464 | AA37: 0.13806935 | AB37: 0.23204302 | AC37: 0.010967577 | AD37: 0.12702665 | AE37: 0.098524514
B38: 50 A 59 | C38: 0 | D38: 0 | E38: 0 | F38: 0 | G38: 0 | H38: 0 | I38: 0 | J38: 0.31913935 | K38: 0.36591342 | L38: 0.62855982 | M38: 0.65641883 | N38: 0.73939914 | O38: 0.56602578 | P38: 0.44648867 | Q38: 0.88992652 | R38: 0.45163794 | S38: 0.440336 | T38: 0.50762258 | U38: 0.66687075 | V38: 0.14672707 | W38: 0.29620783 | X38: 0.085814566 | Y38: 0 | Z38: 0 | AA38: 0.45157176 | AB38: 0.55033958 | AC38: 0.19927004 | AD38: 0.40039379 | AE38: 0.30029534
B39: 60 + | C39: 0 | D39: 0 | E39: 0 | F39: 0 | G39: 0 | H39: 0 | I39: 0 | J39: 0 | K39: 0 | L39: 0.23794808 | M39: 0.20912398 | N39: 0.20701019 | O39: 0.22102321 | P39: 0.2163619 | Q39: 0.20633479 | R39: 0.30610965 | S39: 0.29844946 | T39: 0.1993867 | U39: 0.28339626 | V39: 0.37957812 | W39: 0.056706523 | X39: 0 | Y39: 0 | Z39: 0 | AA39: 0.10901371 | AB39: 0.24127762 | AC39: 0.11994682 | AD39: 0.15674605 | AE39: 0.11755954
A40: 93.1 INOLVIDABLE | B40: TOTAL | C40: 0.053973476 | D40: 0.022313126 | E40: 0.034869917 | F40: 0.034412527 | G40: 0.038902981 | H40: 0.047788826 | I40: 0.23803003 | J40: 0.49827501 | K40: 1.0562682 | L40: 1.1168204 | M40: 1.4018793 | N40: 1.5082853 | O40: 1.5896909 | P40: 1.5402114 | Q40: 1.7573757 | R40: 1.3115085 | S40: 1.4467056 | T40: 1.0434514 | U40: 1.0604668 | V40: 1.0437388 | W40: 0.88201068 | X40: 0.78665216 | Y40: 0.30103503 | Z40: 0.090311426 | AA40: 0.96992637 | AB40: 1.4481573 | AC40: 0.69403581 | AD40: 1.0373731 | AE40: 0.7877074
B41: 12 A 17 | C41: 0 | D41: 0 | E41: 0 | F41: 0 | G41: 0 | H41: 0 | I41: 0 | J41: 0 | K41: 0 | L41: 0 | M41: 0 | N41: 0 | O41: 0 | P41: 1.2557088 | Q41: 0.99475714 | R41: 0.5113243 | S41: 1.2171793 | T41: 0.87770267 | U41: 1.0785932 | V41: 0.96091126 | W41: 0.99651623 | X41: 0.99099617 | Y41: 0.49249535 | Z41: 0 | AA41: 0 | AB41: 0.80944536 | AC41: 0.75325203 | AD41: 0.52089913 | AE41: 0.39067435
B42: 18 A 29 | C42: 0.1152908 | D42: 0.13387876 | E42: 0.12182138 | F42: 0.12208106 | G42: 0.11983321 | H42: 0.11676951 | I42: 0.14370673 | J42: 0.38685862 | K42: 1.2037172 | L42: 1.6766374 | M42: 2.1007892 | N42: 2.6048089 | O42: 3.368797 | P42: 2.2936324 | Q42: 3.160666 | R42: 2.1128263 | S42: 1.567652 | T42: 1.0602053 | U42: 1.2327296 | V42: 2.1253955 | W42: 2.0260927 | X42: 2.0181097 | Y42: 0.68290205 | Z42: 0.15162886 | AA42: 1.352753 | AB42: 2.2606298 | AC42: 1.3728097 | AD42: 1.6620642 | AE42: 1.2769513
B43: 30 A 39 | C43: 0.20855006 | D43: 0 | E43: 0.087398125 | F43: 0.084394106 | G43: 0.11358468 | H43: 0.16996345 | I43: 0.14301345 | J43: 0.74577215 | K43: 1.7878587 | L43: 1.5592069 | M43: 1.9760011 | N43: 2.1475383 | O43: 2.9705035 | P43: 2.2679553 | Q43: 2.3700321 | R43: 1.7657904 | S43: 2.0179472 | T43: 1.7004975 | U43: 1.891309 | V43: 2.1664677 | W43: 1.6499432 | X43: 1.2358114 | Y43: 0.4744656 | Z43: 0.21856843 | AA43: 1.3932318 | AB43: 2.182121 | AC43: 1.2727609 | AD43: 1.6160379 | AE43: 1.2396905
B44: 40 A 49 | C44: 0 | D44: 0 | E44: 0 | F44: 0 | G44: 0 | H44: 0 | I44: 0.25229311 | J44: 0.45542089 | K44: 1.5059277 | L44: 1.718165 | M44: 2.1743073 | N44: 2.1375718 | O44: 1.2020927 | P44: 1.8056551 | Q44: 1.9722854 | R44: 1.5569557 | S44: 1.569043 | T44: 1.3931749 | U44: 1.3097459 | V44: 0.33838554 | W44: 0 | X44: 0 | Y44: 0 | Z44: 0 | AA44: 1.3739477 | AB44: 1.5832011 | AC44: 0.27468857 | AD44: 1.0772791 | AE44: 0.80795934
B45: 50 A 59 | C45: 0 | D45: 0 | E45: 0 | F45: 0 | G45: 0 | H45: 0 | I45: 0.75050465 | J45: 1.2000553 | K45: 1.2739 | L45: 1.000181 | M45: 1.3037195 | N45: 1.1757931 | O45: 1.156596 | P45: 1.0480256 | Q45: 1.507506 | R45: 1.2842673 | S45: 1.8006492 | T45: 0.88380195 | U45: 0.58435166 | V45: 0.32859925 | W45: 0.32975718 | X45: 0.32793054 | Y45: 0.1563472 | Z45: 0 | AA45: 1.1173589 | AB45: 1.280141 | AC45: 0.28783097 | AD45: 0.89511031 | AE45: 0.67133273
B46: 60 + | C46: 0 | D46: 0 | E46: 0 | F46: 0 | G46: 0 | H46: 0 | I46: 0.13866222 | J46: 0.20154305 | K46: 0.56620531 | L46: 0.74673221 | M46: 0.85645866 | N46: 0.98399964 | O46: 0.84015633 | P46: 0.57029101 | Q46: 0.5390078 | R46: 0.63788731 | S46: 0.5077629 | T46: 0.34532616 | U46: 0.26607146 | V46: 0.34267334 | W46: 0.28975479 | X46: 0.14706517 | Y46: 0 | Z46: 0.17167127 | AA46: 0.58226685 | AB46: 0.57340525 | AC46: 0.20287267 | AD46: 0.45284826 | AE46: 0.33963619
A47: 93.9 OCEANO | B47: TOTAL | C47: 0.0099829984 | D47: 0.0099829984 | E47: 0 | F47: 0 | G47: 0 | H47: 0.033039999 | I47: 0.1265232 | J47: 0.56033164 | K47: 0.94014574 | L47: 0.89576994 | M47: 0.86192718 | N47: 0.93517072 | O47: 1.3075939 | P47: 1.2856345 | Q47: 1.263581 | R47: 0.98754435 | S47: 0.91064729 | T47: 0.77346151 | U47: 0.35694342 | V47: 0.29619463 | W47: 0.12065849 | X47: 0.13119891 | Y47: 0.045372279 | Z47: 0.03033678 | AA47: 0.71997807 | AB47: 1.0880771 | AC47: 0.16345075 | AD47: 0.65716864 | AE47: 0.49508507
B48: 12 A 17 | C48: 0 | D48: 0 | E48: 0 | F48: 0 | G48: 0 | H48: 0 | I48: 0 | J48: 0 | K48: 0 | L48: 0 | M48: 0 | N48: 0 | O48: 0 | P48: 0 | Q48: 0 | R48: 0 | S48: 0 | T48: 0 | U48: 0 | V48: 0 | W48: 0 | X48: 0 | Y48: 0 | Z48: 0 | AA48: 0 | AB48: 0 | AC48: 0 | AD48: 0 | AE48: 0
B49: 18 A 29 | C49: 0 | D49: 0 | E49: 0 | F49: 0 | G49: 0 | H49: 0 | I49: 0 | J49: 0.67642649 | K49: 0.49283365 | L49: 0.73245203 | M49: 0.73631783 | N49: 0.87254433 | O49: 1.1102287 | P49: 1.0490931 | Q49: 0.96716245 | R49: 0.70830857 | S49: 0.70507826 | T49: 0.70463719 | U49: 0 | V49: 0.09934392 | W49: 0.10347705 | X49: 0.09899766 | Y49: 0 | Z49: 0 | AA49: 0.58509572 | AB49: 0.87408471 | AC49: 0.050303104 | AD49: 0.50316118 | AE49: 0.37737088
B50: 30 A 39 | C50: 0.059897991 | D50: 0.059897991 | E50: 0 | F50: 0 | G50: 0 | H50: 0 | I50: 0 | J50: 0.87508433 | K50: 2.4828602 | L50: 2.7569309 | M50: 2.1336075 | N50: 2.3311138 | O50: 3.3625707 | P50: 3.3911742 | Q50: 3.5355279 | R50: 2.150308 | S50: 1.9460664 | T50: 1.966247 | U50: 1.2509396 | V50: 0.97722665 | W50: 0.30635007 | X50: 0.15490892 | Y50: 0.099459318 | Z50: 0.08880026 | AA50: 1.7632661 | AB50: 2.7253157 | AC50: 0.47961413 | AD50: 1.6560653 | AE50: 1.2470405
B51: 40 A 49 | C51: 0 | D51: 0 | E51: 0 | F51: 0 | G51: 0 | H51: 0.14127315 | I51: 0.70141687 | J51: 1.3710425 | K51: 2.1953256 | L51: 1.3336139 | M51: 1.2233768 | N51: 1.5138172 | O51: 2.3007118 | P51: 2.1723013 | Q51: 1.6350253 | R51: 1.5135906 | S51: 1.3313061 | T51: 1.4367828 | U51: 0.53395101 | V51: 0.30444722 | W51: 0 | X51: 0 | Y51: 0 | Z51: 0 | AA51: 1.3897655 | AB51: 1.7316197 | AC51: 0.13973304 | AD51: 1.0870394 | AE51: 0.82116592
B52: 50 A 59 | C52: 0 | D52: 0 | E52: 0 | F52: 0 | G52: 0 | H52: 0.056966846 | I52: 0.057722334 | J52: 0.37806326 | K52: 0.40993274 | L52: 0.34146004 | M52: 0.77000609 | N52: 0.49909288 | O52: 0.63861521 | P52: 0.66803961 | Q52: 0.89582959 | R52: 1.0861613 | S52: 1.1239051 | T52: 0.47902037 | U52: 0.26104403 | V52: 0.39614997 | W52: 0.2696371 | X52: 0.46922305 | Y52: 0.10441005 | Z52: 0.093220419 | AA52: 0.40937956 | AB52: 0.81526186 | AC52: 0.2656141 | AD52: 0.49675184 | AE52: 0.3749375
B53: 60 + | C53: 0 | D53: 0 | E53: 0 | F53: 0 | G53: 0 | H53: 0 | I53: 0 | J53: 0.061373283 | K53: 0.059922237 | L53: 0.21016283 | M53: 0.30825493 | N53: 0.39445607 | O53: 0.43343718 | P53: 0.43319894 | Q53: 0.54794099 | R53: 0.46689763 | S53: 0.35752788 | T53: 0.054081629 | U53: 0.095725924 | V53: 0 | W53: 0.044486722 | X53: 0.064063846 | Y53: 0.068364312 | Z53: 0 | AA53: 0.17236156 | AB53: 0.38218071 | AC53: 0.045440134 | AD53: 0.19999413 | AE53: 0.1499956
A54: 94.7 E. DEL SUR | B54: TOTAL | C54: 0 | D54: 0 | E54: 0.012556791 | F54: 0 | G54: 0 | H54: 0.028684961 | I54: 0.059094556 | J54: 0.11729626 | K54: 0.077433554 | L54: 0.18544457 | M54: 0.13880912 | N54: 0.15961458 | O54: 0.035059333 | P54: 0.055646931 | Q54: 0.082756714 | R54: 0.085558818 | S54: 0.11520035 | T54: 0.19000242 | U54: 0.09176139 | V54: 0.047535557 | W54: 0.040390821 | X54: 0.057386568 | Y54: 0.027333684 | Z54: 0.05950513 | AA54: 0.12294877 | AB54: 0.094037428 | AC54: 0.053985525 | AD54: 0.090323909 | AE54: 0.069461338
B55: 12 A 17 | C55: 0 | D55: 0 | E55: 0 | F55: 0 | G55: 0 | H55: 0 | I55: 0 | J55: 0 | K55: 0 | L55: 0 | M55: 0 | N55: 0 | O55: 0 | P55: 0 | Q55: 0 | R55: 0 | S55: 0 | T55: 0 | U55: 0 | V55: 0 | W55: 0 | X55: 0 | Y55: 0 | Z55: 0 | AA55: 0 | AB55: 0 | AC55: 0 | AD55: 0 | AE55: 0
B56: 18 A 29 | C56: 0 | D56: 0 | E56: 0 | F56: 0 | G56: 0 | H56: 0 | I56: 0 | J56: 0.095450597 | K56: 0.10161808 | L56: 0.09925833 | M56: 0.20214839 | N56: 0.39147218 | O56: 0 | P56: 0.106663 | Q56: 0.096279677 | R56: 0.27223652 | S56: 0 | T56: 0.16115992 | U56: 0.075346555 | V56: 0.20114472 | W56: 0.084131668 | X56: 0 | Y56: 0.098898043 | Z56: 0.29249851 | AA56: 0.1483246 | AB56: 0.10605652 | AC56: 0.12533658 | AD56: 0.12657257 | AE56: 0.094929425
B57: 30 A 39 | C57: 0 | D57: 0 | E57: 0.075340744 | F57: 0 | G57: 0 | H57: 0.066373035 | I57: 0.064085311 | J57: 0.067717138 | K57: 0.072092639 | L57: 0.45126362 | M57: 0.25675778 | N57: 0.17221449 | O57: 0.077055028 | P57: 0.083231926 | Q57: 0.075129551 | R57: 0.08322971 | S57: 0.088500345 | T57: 0.24385053 | U57: 0.13311148 | V57: 0.084068617 | W57: 0.072166593 | X57: 0.2915534 | Y57: 0 | Z57: 0 | AA57: 0.1806885 | AB57: 0.10849952 | AC57: 0.096816683 | AD57: 0.12866823 | AE57: 0.10240591
B58: 40 A 49 | C58: 0 | D58: 0 | E58: 0 | F58: 0 | G58: 0 | H58: 0 | I58: 0.070623503 | J58: 0.14815169 | K58: 0.15772443 | L58: 0.15406179 | M58: 0.080660725 | N58: 0.084985998 | O58: 0.083664719 | P58: 0.090371464 | Q58: 0.18171244 | R58: 0.15788668 | S58: 0.16788506 | T58: 0.13214079 | U58: 0.039146998 | V58: 0 | W58: 0 | X58: 0 | Y58: 0 | Z58: 0 | AA58: 0.11603469 | AB58: 0.13561019 | AC58: 0.0065244997 | AD58: 0.086056461 | AE58: 0.064542345
B59: 50 A 59 | C59: 0 | D59: 0 | E59: 0 | F59: 0 | G59: 0 | H59: 0.10573673 | I59: 0.21985852 | J59: 0.39245815 | K59: 0.13316618 | L59: 0.4080837 | M59: 0.29328784 | N59: 0.30901482 | O59: 0 | P59: 0 | Q59: 0.095022695 | R59: 0 | S59: 0 | T59: 0.1918083 | U59: 0.3029633 | V59: 0 | W59: 0.086046666 | X59: 0 | Y59: 0 | Z59: 0 | AA59: 0.29264487 | AB59: 0.047805165 | AC59: 0.064834995 | AD59: 0.13509501 | AE59: 0.10572695
B60: 60 + | C60: 0 | D60: 0 | E60: 0 | F60: 0 | G60: 0 | H60: 0 | I60: 0 | J60: 0 | K60: 0 | L60: 0 | M60: 0 | N60: 0 | O60: 0.049636249 | P60: 0.053615198 | Q60: 0.048395921 | R60: 0 | S60: 0.4348167 | T60: 0.41105498 | U60: 0 | V60: 0 | W60: 0 | X60: 0.052766004 | Y60: 0.065104064 | Z60: 0.064532272 | AA60: 0 | AB60: 0.16625318 | AC60: 0.03040039 | AD60: 0.065551188 | AE60: 0.049163391
A61: 95.5 DEL PLATA | B61: TOTAL | C61: 0.12024565 | D61: 0.094134714 | E61: 0.078069957 | F61: 0.078069957 | G61: 0.013945174 | H61: 0 | I61: 0.033472338 | J61: 0.11832718 | K61: 0.45908097 | L61: 0.72053196 | M61: 0.6063378 | N61: 0.75630484 | O61: 0.69688749 | P61: 0.702528 | Q61: 0.7542994 | R61: 0.82510244 | S61: 0.90938928 | T61: 0.95301381 | U61: 0.70121642 | V61: 0.42773599 | W61: 0.34340196 | X61: 0.26531389 | Y61: 0.21887856 | Z61: 0.19633204 | AA61: 0.44900918 | AB61: 0.80687007 | AC61: 0.35881314 | AD61: 0.5382308 | AE61: 0.41969249
B62: 12 A 17 | C62: 0 | D62: 0 | E62: 0 | F62: 0 | G62: 0 | H62: 0 | I62: 0 | J62: 0 | K62: 0.26708499 | L62: 0.58579199 | M62: 0.58313292 | N62: 0.27504219 | O62: 0 | P62: 0 | Q62: 0 | R62: 0 | S62: 0 | T62: 0.4130522 | U62: 0 | V62: 0 | W62: 0 | X62: 0 | Y62: 0 | Z62: 0 | AA62: 0.28517535 | AB62: 0.068842033 | AC62: 0 | AD62: 0.11800579 | AE62: 0.088504345
B63: 18 A 29 | C63: 0 | D63: 0 | E63: 0 | F63: 0 | G63: 0 | H63: 0 | I63: 0 | J63: 0.077380362 | K63: 0.33632958 | L63: 0.47176052 | M63: 0.46961907 | N63: 0.49129606 | O63: 0.57407059 | P63: 0.58645683 | Q63: 0.62205146 | R63: 0.7765084 | S63: 0.89549483 | T63: 0.69934768 | U63: 0.43846136 | V63: 0.17345488 | W63: 0.090070921 | X63: 0 | Y63: 0 | Z63: 0 | AA63: 0.30773093 | AB63: 0.69232163 | AC63: 0.11699786 | AD63: 0.37235014 | AE63: 0.27926261
B64: 30 A 39 | C64: 0.23922173 | D64: 0.16471063 | E64: 0.16754656 | F64: 0.16754656 | G64: 0 | H64: 0 | I64: 0 | J64: 0 | K64: 0.57286312 | L64: 1.0812685 | M64: 0.85290611 | N64: 1.0969935 | O64: 0.87246551 | P64: 1.1153754 | Q64: 1.2228169 | R64: 1.6431132 | S64: 1.591865 | T64: 1.5932226 | U64: 1.5774468 | V64: 0.72955228 | W64: 0.54460726 | X64: 0.5440409 | Y64: 0.32970332 | Z64: 0.40216472 | AA64: 0.60067187 | AB64: 1.3398098 | AC64: 0.68791921 | AD64: 0.87613362 | AE64: 0.68789294
B65: 40 A 49 | C65: 0.085585819 | D65: 0.084971467 | E65: 0.086434478 | F65: 0.086434478 | G65: 0.083671046 | H65: 0 | I65: 0.074522769 | J65: 0.41711911 | K65: 1.1274149 | L65: 1.4267293 | M65: 0.8433215 | N65: 1.5492096 | O65: 1.8053272 | P65: 1.7063662 | Q65: 1.6885725 | R65: 1.6984327 | S65: 1.778915 | T65: 2.0018648 | U65: 1.3022089 | V65: 0.72202253 | W65: 0.89338952 | X65: 0.68231294 | Y65: 0.41656097 | Z65: 0.22080574 | AA65: 0.90638619 | AB65: 1.7799131 | AC65: 0.70621677 | AD65: 1.1308387 | AE65: 0.86592473
B66: 50 A 59 | C66: 0.39666632 | D66: 0.31512619 | E66: 0.21443871 | F66: 0.21443871 | G66: 0 | H66: 0 | I66: 0.12631126 | J66: 0.21546362 | K66: 0.45079327 | L66: 0.75764141 | M66: 0.88904716 | N66: 0.93027987 | O66: 0.71146416 | P66: 0.50639749 | Q66: 0.49451271 | R66: 0.56945118 | S66: 1.0156225 | T66: 0.86630346 | U66: 0.61192859 | V66: 0.71872296 | W66: 0.40577774 | X66: 0.26912078 | Y66: 0.28571784 | Z66: 0.55502177 | AA66: 0.56158943 | AB66: 0.69395858 | AC66: 0.47438161 | AD66: 0.57664321 | AE66: 0.48001032
B67: 60 + | C67: 0 | D67: 0 | E67: 0 | F67: 0 | G67: 0 | H67: 0 | I67: 0 | J67: 0 | K67: 0 | L67: 0 | M67: 0 | N67: 0.19500787 | O67: 0.21799743 | P67: 0.30057205 | Q67: 0.49784276 | R67: 0.26310911 | S67: 0.17443834 | T67: 0.14429209 | U67: 0.27725286 | V67: 0.22266328 | W67: 0.12656629 | X67: 0.096408703 | Y67: 0.28128925 | Z67: 0 | AA67: 0.032501311 | AB67: 0.26637529 | AC67: 0.1673634 | AD67: 0.15541333 | AE67: 0.11656
A68: 96.3 ALFA | B68: TOTAL | C68: 0 | D68: 0 | E68: 0 | F68: 0 | G68: 0 | H68: 0 | I68: 0 | J68: 0 | K68: 0.094013548 | L68: 0.11579978 | M68: 0.18690815 | N68: 0.126444 | O68: 0.17033758 | P68: 0.23018221 | Q68: 0.19673678 | R68: 0.15498896 | S68: 0.12220957 | T68: 0.12469984 | U68: 0.063024587 | V68: 0.12424545 | W68: 0.12443703 | X68: 0.13442589 | Y68: 0.089625707 | Z68: 0.041375077 | AA68: 0.087194248 | AB68: 0.16652582 | AC68: 0.096188956 | AD68: 0.11663634 | AE68: 0.087477257
B69: 12 A 17 | C69: 0 | D69: 0 | E69: 0 | F69: 0 | G69: 0 | H69: 0 | I69: 0 | J69: 0 | K69: 0 | L69: 0 | M69: 0 | N69: 0 | O69: 0 | P69: 0 | Q69: 0 | R69: 0 | S69: 0 | T69: 0 | U69: 0 | V69: 0 | W69: 0 | X69: 0 | Y69: 0 | Z69: 0 | AA69: 0 | AB69: 0 | AC69: 0 | AD69: 0 | AE69: 0
B70: 18 A 29 | C70: 0 | D70: 0 | E70: 0 | F70: 0 | G70: 0 | H70: 0 | I70: 0 | J70: 0 | K70: 0 | L70: 0 | M70: 0.18860778 | N70: 0 | O70: 0 | P70: 0.30687231 | Q70: 0.30164727 | R70: 0.14881065 | S70: 0.073527094 | T70: 0.073775128 | U70: 0 | V70: 0.087534959 | W70: 0.098066347 | X70: 0.09810431 | Y70: 0.097868392 | Z70: 0 | AA70: 0.031434629 | AB70: 0.15077207 | AC70: 0.063595668 | AD70: 0.081934124 | AE70: 0.061450593
B71: 30 A 39 | C71: 0 | D71: 0 | E71: 0 | F71: 0 | G71: 0 | H71: 0 | I71: 0 | J71: 0 | K71: 0 | L71: 0.063623273 | M71: 0.066582475 | N71: 0.066946331 | O71: 0.13433089 | P71: 0.064749744 | Q71: 0.063647265 | R71: 0 | S71: 0 | T71: 0 | U71: 0 | V71: 0 | W71: 0 | X71: 0 | Y71: 0 | Z71: 0 | AA71: 0.03285868 | AB71: 0.043787983 | AC71: 0 | AD71: 0.025548888 | AE71: 0.019161666
B72: 40 A 49 | C72: 0 | D72: 0 | E72: 0 | F72: 0 | G72: 0 | H72: 0 | I72: 0 | J72: 0 | K72: 0.2038646 | L72: 0.15770507 | M72: 0.21574781 | N72: 0.2634953 | O72: 0.22811533 | P72: 0.23654137 | Q72: 0.18180571 | R72: 0.13460763 | S72: 0 | T72: 0 | U72: 0.07117475 | V72: 0.093717124 | W72: 0 | X72: 0 | Y72: 0 | Z72: 0 | AA72: 0.14013546 | AB72: 0.13017834 | AC72: 0.027481979 | AD72: 0.099265261 | AE72: 0.074448946
B73: 50 A 59 | C73: 0 | D73: 0 | E73: 0 | F73: 0 | G73: 0 | H73: 0 | I73: 0 | J73: 0 | K73: 0.36021669 | L73: 0.36479359 | M73: 0.53677937 | N73: 0.24894513 | O73: 0.28426923 | P73: 0.39060013 | Q73: 0.38394948 | R73: 0.29791654 | S73: 0.30400597 | T73: 0.30503149 | U73: 0.24651545 | V73: 0.11756175 | W73: 0 | X73: 0 | Y73: 0 | Z73: 0.096035751 | AA73: 0.25178913 | AB73: 0.32762881 | AC73: 0.076685491 | AD73: 0.21870114 | AE73: 0.16402586
B74: 60 + | C74: 0 | D74: 0 | E74: 0 | F74: 0 | G74: 0 | H74: 0 | I74: 0 | J74: 0 | K74: 0 | L74: 0.10867677 | M74: 0.11373147 | N74: 0.17927726 | O74: 0.37531003 | P74: 0.38232973 | Q74: 0.24937094 | R74: 0.34859896 | S74: 0.35572434 | T74: 0.36939243 | U74: 0.060457323 | V74: 0.44665886 | W74: 0.64855581 | X74: 0.70845104 | Y74: 0.43988585 | Z74: 0.15221471 | AA74: 0.066947585 | AB74: 0.34678774 | AC74: 0.4093706 | AD74: 0.27436864 | AE74: 0.20577648
A75: 97.1 BABEL | B75: TOTAL | C75: 0 | D75: 0 | E75: 0.016337722 | F75: 0.012099401 | G75: 0.04937675 | H75: 0.04937675 | I75: 0.13588729 | J75: 0.16702616 | K75: 0.19240155 | L75: 0.33431884 | M75: 0.20139994 | N75: 0.28317449 | O75: 0.22068526 | P75: 0.21662076 | Q75: 0.17923504 | R75: 0.16689317 | S75: 0.23130117 | T75: 0.30086368 | U75: 0.31941486 | V75: 0.38661587 | W75: 0.23600021 | X75: 0.19341135 | Y75: 0.13054266 | Z75: 0.057941888 | AA75: 0.21903471 | AB75: 0.21926651 | AC75: 0.22065447 | AD75: 0.2196519 | AE75: 0.17003853
B76: 12 A 17 | C76: 0 | D76: 0 | E76: 0 | F76: 0 | G76: 0 | H76: 0 | I76: 0 | J76: 0 | K76: 0 | L76: 0 | M76: 0 | N76: 0 | O76: 0 | P76: 0 | Q76: 0 | R76: 0 | S76: 0 | T76: 0 | U76: 0 | V76: 0 | W76: 0 | X76: 0 | Y76: 0 | Z76: 0 | AA76: 0 | AB76: 0 | AC76: 0 | AD76: 0 | AE76: 0
B77: 18 A 29 | C77: 0 | D77: 0 | E77: 0 | F77: 0 | G77: 0 | H77: 0 | I77: 0.23429761 | J77: 0.42191381 | K77: 0.42356172 | L77: 0.46663798 | M77: 0.32220264 | N77: 0.20809769 | O77: 0.22428151 | P77: 0.32000287 | Q77: 0.31803066 | R77: 0.26012167 | S77: 0.24424563 | T77: 0.34450649 | U77: 0.35781817 | V77: 0.43621245 | W77: 0.37479407 | X77: 0.28738656 | Y77: 0.27469588 | Z77: 0.088387428 | AA77: 0.34611858 | AB77: 0.28519814 | AC77: 0.30321576 | AD77: 0.31151082 | AE77: 0.23363312
B78: 30 A 39 | C78: 0 | D78: 0 | E78: 0.098026329 | F78: 0.072596406 | G78: 0.2962605 | H78: 0.2962605 | I78: 0.58102615 | J78: 0.36165087 | K78: 0.27102966 | L78: 0.27131029 | M78: 0.0805522 | N78: 0.069734102 | O78: 0.058586654 | P78: 0.097101865 | Q78: 0 | R78: 0 | S78: 0 | T78: 0.16008538 | U78: 0.080658027 | V78: 0.44884333 | W78: 0.36293035 | X78: 0.35035491 | Y78: 0.30065484 | Z78: 0.17481556 | AA78: 0.27255055 | AB78: 0.052628984 | AC78: 0.28637617 | AD78: 0.2038519 | AE78: 0.18468658
B79: 40 A 49 | C79: 0 | D79: 0 | E79: 0 | F79: 0 | G79: 0 | H79: 0 | I79: 0 | J79: 0 | K79: 0 | L79: 0.58776174 | M79: 0.34468531 | N79: 0.44757683 | O79: 0.46325342 | P79: 0.34752644 | Q79: 0.27211325 | R79: 0.080517033 | S79: 0.40295719 | T79: 0.59865967 | U79: 0.64115882 | V79: 0.70417991 | W79: 0.089294332 | X79: 0.087805266 | Y79: 0.092063809 | Z79: 0.084448342 | AA79: 0.23000398 | AB79: 0.36083783 | AC79: 0.28315841 | AD79: 0.29133341 | AE79: 0.21850006
B80: 50 A 59 | C80: 0 | D80: 0 | E80: 0 | F80: 0 | G80: 0 | H80: 0 | I80: 0 | J80: 0.085529422 | K80: 0.18555697 | L80: 0.43293596 | M80: 0.27189615 | N80: 0.85823952 | O80: 0.52018737 | P80: 0.42681355 | Q80: 0.42418305 | R80: 0.36892801 | S80: 0.27540566 | T80: 0.13149511 | U80: 0 | V80: 0.095523572 | W80: 0 | X80: 0 | Y80: 0 | Z80: 0 | AA80: 0.305693 | AB80: 0.35783546 | AC80: 0.015920595 | AD80: 0.22648302 | AE80: 0.16986226
B81: 60 + | C81: 0 | D81: 0 | E81: 0 | F81: 0 | G81: 0 | H81: 0 | I81: 0 | J81: 0.13306286 | K81: 0.27426096 | L81: 0.24726706 | M81: 0.18906333 | N81: 0.11539879 | O81: 0.057802583 | P81: 0.10827983 | Q81: 0.061083262 | R81: 0.29179228 | S81: 0.46519851 | T81: 0.57043541 | U81: 0.83685414 | V81: 0.63493595 | W81: 0.58898249 | X81: 0.43492138 | Y81: 0.11584141 | Z81: 0 | AA81: 0.15984217 | AB81: 0.25909865 | AC81: 0.4352559 | AD81: 0.28473224 | AE81: 0.21354918
A82: 97.9 M24 | B82: TOTAL | C82: 0.013915046 | D82: 0 | E82: 0 | F82: 0 | G82: 0.0090740772 | H82: 0.16711723 | I82: 0.16396339 | J82: 0.20255763 | K82: 0.27658183 | L82: 0.28129876 | M82: 0.26276698 | N82: 0.23005184 | O82: 0.16616242 | P82: 0.11177039 | Q82: 0.095400096 | R82: 0.17733575 | S82: 0.17549119 | T82: 0.10642854 | U82: 0.088367845 | V82: 0.087904628 | W82: 0.045372858 | X82: 0.11366244 | Y82: 0.071979965 | Z82: 0.071979965 | AA82: 0.23620341 | AB82: 0.13876473 | AC82: 0.079877951 | AD82: 0.15161536 | AE82: 0.12163262
B83: 12 A 17 | C83: 0 | D83: 0 | E83: 0 | F83: 0 | G83: 0 | H83: 0 | I83: 0 | J83: 0 | K83: 0 | L83: 0 | M83: 0 | N83: 0 | O83: 0 | P83: 0 | Q83: 0 | R83: 0.34234176 | S83: 0.34776814 | T83: 0 | U83: 0 | V83: 0 | W83: 0 | X83: 0 | Y83: 0 | Z83: 0 | AA83: 0 | AB83: 0.11501832 | AC83: 0 | AD83: 0.038339439 | AE83: 0.028754579
B84: 18 A 29 | C84: 0 | D84: 0 | E84: 0 | F84: 0 | G84: 0 | H84: 0.093369227 | I84: 0.1023015 | J84: 0.11096215 | K84: 0 | L84: 0 | M84: 0 | N84: 0 | O84: 0 | P84: 0 | Q84: 0 | R84: 0 | S84: 0 | T84: 0 | U84: 0 | V84: 0 | W84: 0 | X84: 0 | Y84: 0 | Z84: 0 | AA84: 0.035543941 | AB84: 0 | AC84: 0 | AD84: 0.01184798 | AE84: 0.01277637
B85: 30 A 39 | C85: 0.083490276 | D85: 0 | E85: 0 | F85: 0 | G85: 0 | H85: 0.072361922 | I85: 0.082743521 | J85: 0.25244174 | K85: 0.58625069 | L85: 0.66604359 | M85: 0.66569726 | N85: 0.49454985 | O85: 0.36535356 | P85: 0.35094562 | Q85: 0.12483175 | R85: 0.11411167 | S85: 0.037668996 | T85: 0.044806274 | U85: 0 | V85: 0.086738627 | W85: 0.06332425 | X85: 0.059698332 | Y85: 0 | Z85: 0 | AA85: 0.45795444 | AB85: 0.17295298 | AC85: 0.034960201 | AD85: 0.22195587 | AE85: 0.17296075
B86: 40 A 49 | C86: 0 | D86: 0 | E86: 0 | F86: 0 | G86: 0 | H86: 0.19054103 | I86: 0.14429013 | J86: 0 | K86: 0.05602168 | L86: 0.22581914 | M86: 0.16953941 | N86: 0.16975659 | O86: 0.086599441 | P86: 0.085254731 | Q86: 0.091805366 | R86: 0.08195783 | S86: 0.083256924 | T86: 0.099031908 | U86: 0 | V86: 0.10597423 | W86: 0.066829897 | X86: 0.30663397 | Y86: 0.3840155 | Z86: 0.3840155 | AA86: 0.12757116 | AB86: 0.087984367 | AC86: 0.20791152 | AD86: 0.14115568 | AE86: 0.11380597
