Workbook

Sheet IndiceC
A1: INDICE DE CUADROS
A3: =+EstMuestra!A1 -> CUADRO 1: CARACTERIZACION DE LA POBLACION Y LA MUESTRA
A4: =+Error!A1 -> CUADRO 2: NIVELES DE ERROR DE LAS ESTIMACIONES
A5: =+RatxHoraxLD!A1 -> CUADRO 3: RESUMEN DE RATING POR HORA | AM | LUNES A DOMINGO
A6: =+RatxHoraxLD!A35 -> CUADRO 4: RESUMEN DE RATING POR HORA | FM | LUNES A DOMINGO
A7: =+RatxHoraxLV!A1 -> CUADRO 5: RESUMEN DE RATING POR HORA | AM | LUNES A VIERNES
A8: =+RatxHoraxLV!A35 -> CUADRO 6: RESUMEN DE RATING POR HORA | FM | LUNES A VIERNES
A9: =+RatxHoraxSD!A1 -> CUADRO 7: RESUMEN DE RATING POR HORA | AM | SABADO A DOMINGO
A10: =+RatxHoraxSD!A34 -> CUADRO 8: RESUMEN DE RATING POR HORA | FM | SABADO A DOMINGO
A11: =+RatxLDxABC1!A1 -> CUADRO 9: RESUMEN DE RATING POR HORA - SEGMENTO ABC1 | AM | LUNES A DOMINGO
A12: =+RatxLDxABC1!A34 -> CUADRO 10: RESUMEN DE RATING POR HORA - SEGMENTO ABC1 | FM | LUNES A DOMINGO
A13: =+RatxLVxABC1!A1 -> CUADRO 11: RESUMEN DE RATING POR HORA - SEGMENTO ABC1 | AM | LUNES A VIERNES
A14: =+RatxLVxABC1!A33 -> CUADRO 12: RESUMEN DE RATING POR HORA - SEGMENTO ABC1 | FM | LUNES A VIERNES
A15: =+RatxSDxABC1!A1 -> CUADRO 13: RESUMEN DE RATING POR HORA - SEGMENTO ABC1 | AM | SABADO A DOMINGO
A16: =+RatxSDxABC1!A33 -> CUADRO 14: RESUMEN DE RATING POR HORA - SEGMENTO ABC1 | FM | SABADO A DOMINGO
A17: =+RatxLDxC2C3D1!A1 -> CUADRO 15: RESUMEN DE RATING POR HORA - SEGMENTO C2C3D1 | AM | LUNES A DOMINGO
A18: =+RatxLDxC2C3D1!A33 -> CUADRO 16: RESUMEN DE RATING POR HORA - SEGMENTO C2C3D1 | FM | LUNES A DOMINGO
A19: =+RatxLVxC2C3D1!A1 -> CUADRO 17: RESUMEN DE RATING POR HORA - SEGMENTO C2C3D1 | AM | LUNES A VIERNES
A20: =+RatxLVxC2C3D1!A33 -> CUADRO 18: RESUMEN DE RATING POR HORA - SEGMENTO C2C3D1 | FM | LUNES A VIERNES
A21: =+RatxSDxC2C3D1!A1 -> CUADRO 19: RESUMEN DE RATING POR HORA - SEGMENTO C2C3D1 | AM | SABADO A DOMINGO
A22: =+RatxSDxC2C3D1!A33 -> CUADRO 20: RESUMEN DE RATING POR HORA - SEGMENTO C2C3D1 | FM | SABADO A DOMINGO
A23: =+RatxLDxD2E!A1 -> CUADRO 21: RESUMEN DE RATING POR HORA - SEGMENTO D2E | AM | LUNES A DOMINGO
A24: =+RatxLDxD2E!A33 -> CUADRO 22: RESUMEN DE RATING POR HORA - SEGMENTO D2E | FM | LUNES A DOMINGO
A25: =+RatxLVxD2E!A1 -> CUADRO 23: RESUMEN DE RATING POR HORA - SEGMENTO D2E | AM | LUNES A VIERNES
A26: =+RatxLVxD2E!A33 -> CUADRO 24: RESUMEN DE RATING POR HORA - SEGMENTO D2E | FM | LUNES A VIERNES
A27: =+RatxSDxD2E!A1 -> CUADRO 25: RESUMEN DE RATING POR HORA - SEGMENTO D2E | AM | SABADO A DOMINGO
A28: =+RatxSDxD2E!A33 -> CUADRO 26: RESUMEN DE RATING POR HORA - SEGMENTO D2E | FM | SABADO A DOMINGO
A29: =+RatxNSE!A1 -> CUADROS 27 - 32: RESUMEN DE RATING POR NIVEL SOCIOECONÓMICO | AM - FM
A30: =+RatxEdad!A1 -> CUADROS 33 - 38: RESUMEN DE RATING POR EDAD | AM - FM
A31: =+RatxSexo!A1 -> CUADROS 39 - 40: RESUMEN DE RATING POR SEXO | AM - FM
A32: =+RatxLugar!A1 -> CUADRO 41: RESUMEN DE RATING POR LUGAR DE ESCUCHA
A33: =+Cobertura!A1 -> CUADRO 42: COBERTURA SEMANAL POR NIVEL SOCIOECONÓMICO, EDAD Y SEXO | AM | LUNES A DOMINGO
A34: =+Cobertura!A33 -> CUADRO 43: COBERTURA SEMANAL POR NIVEL SOCIOECONÓMICO, EDAD Y SEXO | FM | LUNES A DOMINGO
A35: =+ShaxHoraxLD!A1 -> CUADRO 44: RESUMEN DE SHARE POR HORA | AM | LUNES A DOMINGO
A36: =+ShaxHoraxLD!A33 -> CUADRO 45: RESUMEN DE SHARE POR HORA | FM | LUNES A DOMINGO
A37: =+SharexHoraxLV!A1 -> CUADRO 46: RESUMEN DE SHARE POR HORA | AM | LUNES A VIERNES
A38: =+SharexHoraxLV!A32 -> CUADRO 47: RESUMEN DE SHARE POR HORA | FM | LUNES A VIERNES
A39: =+SharexHoraxSD!A1 -> CUADRO 48: RESUMEN DE SHARE POR HORA | AM | SABADO A DOMINGO
A40: =+SharexHoraxSD!A32 -> CUADRO 49: RESUMEN DE SHARE POR HORA | FM | SABADO A DOMINGO
A41: =+AudienciaxLD!A1 -> CUADRO 50: RESUMEN DE AUDIENCIA POR HORA | AM | LUNES A DOMINGO
A42: =+AudienciaxLD!A33 -> CUADRO 51: RESUMEN DE AUDIENCIA POR HORA | FM | LUNES A DOMINGO
A43: =+AudienciaxLV!A1 -> CUADRO 52: RESUMEN DE AUDIENCIA POR HORA | AM | LUNES A VIERNES
A44: =+AudienciaxLV!A33 -> CUADRO 53: RESUMEN DE AUDIENCIA POR HORA | FM | LUNES A VIERNES
A45: =+AudienciaxSD!A1 -> CUADRO 54: RESUMEN DE AUDIENCIA POR HORA | AM | SABADO A DOMINGO
A46: =+AudienciaxSD!A33 -> CUADRO 55: RESUMEN DE AUDIENCIA POR HORA | FM | SABADO A DOMINGO
A47: =+Perfil!A1 -> CUADRO 56: PERFIL DE AUDIENCIA POR NIVEL SOCIOECONOMICO, EDAD Y SEXO | AM - FM | LUNES A DOMINGO
A48: =+Perfil!A34 -> CUADRO 57: PERFIL DE AUDIENCIA POR NIVEL SOCIOECONOMICO, EDAD Y SEXO | AM - FM | LUNES A VIERNES
A49: =+Perfil!A67 -> CUADRO 58: PERFIL DE AUDIENCIA POR NIVEL SOCIOECONOMICO, EDAD Y SEXO | AM - FM | SABADO A DOMINGO
A50: =+RatxAMxRxD!A1 -> CUADRO 59: RESUMEN DE RATING POR HORA SEGUN RADIO Y DIA | AM
A51: =+RatxAMxRxD!A77 -> CUADRO 60: RESUMEN DE RATING POR HORA SEGUN RADIO Y DIA | AM (CONTINUACION)
A52: =+RatxAMxRxD!A153 -> CUADRO 61: RESUMEN DE RATING POR HORA SEGUN RADIO Y DIA | AM (CONTINUACION)
A53: =+RatxFMxRxD!A1 -> CUADRO 62: RESUMEN DE RATING POR HORA SEGUN RADIO Y DIA | FM
A54: =+RatxFMxRxD!A77 -> CUADRO 63: RESUMEN DE RATING POR HORA SEGUN RADIO Y DIA | FM (CONTINUACION)
A55: =+RatxFMxRxD!A153 -> CUADRO 64: RESUMEN DE RATING POR HORA SEGUN RADIO Y DIA | FM (CONTINUACION)
A56: =+RatxEdadxLVxAM!A1 -> CUADRO 65: RESUMEN DE RATING POR HORA SEGUN RADIO Y EDAD | AM | LUNES A VIERNES
A57: =+RatxEdadxSDxAM!A1 -> CUADRO 66: RESUMEN DE RATING POR HORA SEGUN RADIO Y EDAD | AM | SABADO A DOMINGO
A58: =+RatxEdadxLVxFM!A1 -> CUADRO 67: RESUMEN DE RATING POR HORA SEGUN RADIO Y EDAD | FM | LUNES A VIERNES
A59: =+RatxEdadxSDxFM!A1 -> CUADRO 68: RESUMEN DE RATING POR HORA SEGUN RADIO Y EDAD | FM | SABADO A DOMINGO

Sheet InidiceG
A1: INDICE DE GRAFICOS
A3: =+GraxRAM!A1 -> PANEL 1: RESUMEN DE RATING Y COBERTURA | AM
A4: =+GraxRAMxNSE!A1 -> PANEL 2: RESUMEN DE RATING POR NSE | AM | LUNES A DOMINGO | 00:00 - 24:00
A5: =+GraxRFM!A1 -> PANEL 3: RESUMEN DE RATING Y COBERTURA | FM
A6: =+GraxRFMxNSE!A1 -> PANEL 4: RESUMEN DE RATING POR NSE | FM | LUNES A DOMINGO | 00:00 - 24:00
A7: =+EncxLug!A1 -> PANEL 5: RESUMEN DE ENCENDIDO POR LUGAR DE ESCUCHA
A8: =+CrvEncAMxLD!A1 -> PANEL 6: CURVAS DE ENCENDIDO | AM | LUNES A DOMINGO
A9: =+CrvEncAMxLV!A1 -> PANEL 7:CURVAS DE ENCENDIDO | AM | LUNES A VIERNES
A10: =+CrvEncAMxSD!A1 -> PANEL 8: CURVAS DE ENCENDIDO | AM | SABADO A DOMINGO
A11: =+CrvEncFMxLD!A1 -> PANEL 9: CURVAS DE ENCENDIDO | FM | LUNES A DOMINGO
A12: =+CrvEncFMxLV!A1 -> PANEL 10: CURVAS DE ENCENDIDO | FM | LUNES A VIERNES
A13: =+CrvEncFMxSD!A1 -> PANEL 11: CURVAS DE ENCENDIDO | FM | SABADO A DOMINGO

Sheet EstMuestra
A1: CUADRO 1: CARACTERIZACION DE LA POBLACION Y LA MUESTRA
A2: DIMENSION | B2: POBLACION | D2: MUESTRA
B3: TOTAL | C3: % | D3: TOTAL | E3: % | F3: PANEL | G3: % | H3: ROTATIVA | I3: %
A4: ZONA | B4: 1311422 | C4: 100.04377 | D4: 2000 | E4: 100 | F4: 1127 | G4: 100 | H4: 873 | I4: 77.462289
A5: Montevideo | B5: 1099709 | C5: 83.9 | D5: 1670 | E5: 83.5 | F5: 908 | G5: 80.567879 | H5: 762 | I5: 67.613132
A6: Estrato 1 | B6: 189149.95 | C6: 17.2 | D6: 336 | E6: 16.8 | F6: 214 | G6: 18.988465 | H6: 122 | I6: 10.8252
A7: Estrato 2 | B7: 199047.33 | C7: 18.1 | D7: 358 | E7: 17.9 | F7: 204 | G7: 18.101154 | H7: 154 | I7: 13.664596
A8: Estrato 3 | B8: 236437.43 | C8: 21.5 | D8: 418 | E8: 20.9 | F8: 200 | G8: 17.746229 | H8: 218 | I8: 19.34339
A9: Estrato 4 | B9: 197947.62 | C9: 18 | D9: 380 | E9: 19 | F9: 197 | G9: 17.480035 | H9: 183 | I9: 16.237799
A10: Estrato 5 | B10: 100073.52 | C10: 9.1 | D10: 178 | E10: 8.9 | F10: 93 | G10: 8.2519965 | H10: 85 | I10: 7.5421473
A11: A. Metropolitana | B11: 211713 | C11: 16.143774 | D11: 330 | E11: 16.5 | F11: 219 | G11: 19.432121 | H11: 111 | I11: 9.8491571
A12: SEXO | B12: 1311422 | C12: 100 | D12: 2000 | E12: 100 | F12: 1127 | G12: 100 | H12: 873 | I12: 100
A13: Masculino | B13: 602164 | C13: 45.916875 | D13: 969 | E13: 48.45 | F13: 531 | G13: 47.116238 | H13: 438 | I13: 50.171821
A14: Femenino | B14: 709258 | C14: 54.083125 | D14: 1031 | E14: 51.55 | F14: 596 | G14: 52.883762 | H14: 435 | I14: 49.828179
A15: EDAD | B15: 1311422 | C15: 100 | D15: 2000 | E15: 100 | F15: 1127 | G15: 100 | H15: 873 | I15: 100
... A29: B- | B29: 70126.98 | C29: 5.3474 | D29: 133 | E29: 6.65 | F29: 91 | G29: 8.0745342 | H29: 42 | I29: 4.8109966

Sheet Error
A1: CUADRO 2: NIVELES DE ERROR DE LAS ESTIMACIONES
A2: 95 % DE CONFIANZA
A3: DISEÑO | B3: MUESTRA | F3: RATING DIARIO
B4: TOTAL | C4: DIARIA | D4: ROTATIVA | E4: PANEL
F5: 0.005 | G5: 0.01 | H5: 0.02 | I5: 0.03 | J5: 0.05 | K5: 0.1 | L5: 0.15 | M5: 0.2
A6: MEDICION 2017 | B6: 2503 | C6: 1419.5714 | D6: 180.57143 | E6: 1239 | F6: 0.0035019806 | G6: 0.0049400892 | H6: 0.006950967 | I6: 0.0084696153 | J6: 0.010820915 | K6: 0.014894929 | L6: 0.017728512 | M6: 0.019859906
A7: MEDICION 2018 | B7: 2000 | C7: 1251.7143 | D7: 124.71429 | E7: 1127 | F7: 0.0037649807 | G7: 0.0053110917 | H7: 0.0074729873 | I7: 0.0091056866 | J7: 0.01163357 | K7: 0.016013544 | L7: 0.01905993 | M7: 0.021351392
A8: Notas: Muestra Total = Total de entrevistas realizadas. Muestra diaria = suma de los casos de panel + la muestra rotativa dividida en 7 dias. Muestra rotativa = muestra que no es de panel (hay una observacion de consumo por dia para cada persona). Panel = casos con observaciones en 7 dias.

Sheet RatxHoraxLD
A1: CUADRO 3: RESUMEN DE RATING POR HORA | AM | LUNES A DOMINGO
A2: RADIOS | B2: HORAS | Z2: PROMEDIO
B3: 00:00 - 00:59 | C3: 01:00 - 01:59 | D3: 02:00 - 02:59 | E3: 03:00 - 03:59 | F3: 04:00 - 04:59 | G3: 05:00 - 05:59 | H3: 06:00 - 06:59 | I3: 07:00 - 07:59 | J3: 08:00 - 08:59 | K3: 09:00 - 09:59 | L3: 10:00 - 10:59 | M3: 11:00 - 11:59 | N3: 12:00 - 12:59 | O3: 13:00 - 13:59 | P3: 14:00 - 14:59 | Q3: 15:00 - 15:59 | R3: 16:00 - 16:59 | S3: 17:00 - 17:59 | T3: 18:00 - 18:59 | U3: 19:00 - 19:59 | V3: 20:00 - 20:59 | W3: 21:00 - 21:59 | X3: 22:00 - 22:59 | Y3: 23:00 - 23:59 | Z3: 06:00 - 11:59 | AA3: 12:00 - 17:59 | AB3: 18:00 - 23:59 | AC3: 06:00 - 23:59 | AD3: 00:00 - 24:00
A4: CX4 RURAL | B4: 0.052129368 | C4: 0.043268311 | D4: 0.043268311 | E4: 0.025444247 | F4: 0 | G4: 0.024482125 | H4: 0.098622759 | I4: 0.089916305 | J4: 0.1435776 | K4: 0.17790465 | L4: 0.13379877 | M4: 0.13646189 | N4: 0.10360812 | O4: 0.059021866 | P4: 0.18692415 | Q4: 0.13495226 | R4: 0.11467711 | S4: 0.023433679 | T4: 0 | U4: 0.039315299 | V4: 0.057991965 | W4: 0.050205727 | X4: 0.0053705973 | Y4: 0.016063848 | Z4: 0.130047 | AA4: 0.10376953 | AB4: 0.028157906 | AC4: 0.087324811 | AD4: 0.073351623
A5: CX6 CLÁSICA | B5: 0 | C5: 0 | D5: 0 | E5: 0 | F5: 0 | G5: 0.014630941 | H5: 0.027649399 | I5: 0.042231396 | J5: 0.052930898 | K5: 0.049758102 | L5: 0.05254308 | M5: 0.039902331 | N5: 0.014630941 | O5: 0.014630941 | P5: 0.014630941 | Q5: 0.014630941 | R5: 0.023449619 | S5: 0.023449619 | T5: 0.023449619 | U5: 0.014630941 | V5: 0.014630941 | W5: 0.014630941 | X5: 0.020923494 | Y5: 0.014630941 | Z5: 0.044169201 | AA5: 0.0175705 | AB5: 0.017149479 | AC5: 0.026296393 | AD5: 0.020331918
A6: CX8 SARANDI | B6: 0.077005575 | C6: 0.069738464 | D6: 0.069738464 | E6: 0.058109613 | F6: 0.07761311 | G6: 0.22177404 | H6: 0.97972616 | I6: 1.6688756 | J6: 2.2689897 | K6: 2.1840303 | L6: 2.0516524 | M6: 1.475337 | N6: 0.82906481 | O6: 0.63442548 | P6: 0.60200097 | Q6: 0.73973589 | R6: 0.68915792 | S6: 0.62374027 | T6: 0.61056808 | U6: 0.18460174 | V6: 0.1464979 | W6: 0.14256251 | X6: 0.091162698 | Y6: 0.043719494 | Z6: 1.7714352 | AA6: 0.68635423 | AB6: 0.2031854 | AC6: 0.88699161 | AD6: 0.68915951
A7: CX10 CONTINENTE | B7: 0.027373888 | C7: 0.01614838 | D7: 0.0068006589 | E7: 0.0068006589 | F7: 0.0068006589 | G7: 0.0068006589 | H7: 0.035726243 | I7: 0.056451623 | J7: 0.066090648 | K7: 0.079644287 | L7: 0.12272823 | M7: 0.08864478 | N7: 0.033639596 | O7: 0.037234908 | P7: 0.024564171 | Q7: 0.03526584 | R7: 0.03526584 | S7: 0.026441958 | T7: 0.015216449 | U7: 0.0068006589 | V7: 0.0068006589 | W7: 0.0068006589 | X7: 0.019410269 | Y7: 0.018026167 | Z7: 0.074880969 | AA7: 0.032068718 | AB7: 0.01217581 | AC7: 0.039708499 | AD7: 0.032728245
A8: CX12 ORIENTAL | B8: 0.089102729 | C8: 0.087229846 | D8: 0.053081475 | E8: 0.019838936 | F8: 0.01042706 | G8: 0.090925551 | H8: 0.036487954 | I8: 0.1650154 | J8: 0.24630632 | K8: 0.24698023 | L8: 0.17137266 | M8: 0.21016131 | N8: 0.16216115 | O8: 0.071862971 | P8: 0.11673509 | Q8: 0.075372776 | R8: 0.084656241 | S8: 0.075421994 | T8: 0.0090396078 | U8: 0 | V8: 0.024092025 | W8: 0.082467994 | X8: 0.063862804 | Y8: 0.13374087 | Z8: 0.17938731 | AA8: 0.097701705 | AB8: 0.052200549 | AC8: 0.10976319 | AD8: 0.096930958
A9: CX14 EL ESPECTADOR | B9: 0 | C9: 0.0094876834 | D9: 0.0094876834 | E9: 0.0072671114 | F9: 0.0072671114 | G9: 0.022248106 | H9: 0.076737098 | I9: 0.12286231 | J9: 0.28009985 | K9: 0.25927731 | L9: 0.45198935 | M9: 0.4690916 | N9: 0.24963108 | O9: 0.17652799 | P9: 0.041726876 | Q9: 0.14692311 | R9: 0.23464385 | S9: 0.27439071 | T9: 0.078653225 | U9: 0.039342592 | V9: 0.028636566 | W9: 0.010292363 | X9: 0 | Y9: 0 | Z9: 0.27667625 | AA9: 0.18730727 | AB9: 0.026154124 | AC9: 0.16337922 | AD9: 0.12485765
A10: CX16 CARVE | B10: 0.084801394 | C10: 0.073634779 | D10: 0 | E10: 0.011268239 | F10: 0 | G10: 0.064485959 | H10: 0.20675901 | I10: 0.22821693 | J10: 0.2006183 | K10: 0.25887016 | L10: 0.22936588 | M10: 0.1571408 | N10: 0.22052713 | O10: 0.17398395 | P10: 0.12882885 | Q10: 0.12784881 | R10: 0.081583962 | S10: 0.044994091 | T10: 0.012878348 | U10: 0.012878348 | V10: 0.053256921 | W10: 0.13069266 | X10: 0.23262329 | Y10: 0.19751969 | Z10: 0.21349518 | AA10: 0.1296278 | AB10: 0.10664154 | AC10: 0.14992151 | AD10: 0.12219906
A11: CX18 SPORT 890 | B11: 0 | C11: 0 | D11: 0.0099076704 | E11: 0.0099076704 | F11: 0 | G11: 0.062912983 | H11: 0.33975224 | I11: 0.49572961 | J11: 0.76315577 | K11: 0.82943705 | L11: 0.98821104 | M11: 0.90028092 | N11: 0.88937124 | O11: 0.713653 | P11: 0.87379044 | Q11: 0.63233958 | R11: 0.45544495 | S11: 0.3451207 | T11: 0.19587668 | U11: 0.1474685 | V11: 0.060268058 | W11: 0.031382534 | X11: 0.039547925 | Y11: 0.059147862 | Z11: 0.71942777 | AA11: 0.65161998 | AB11: 0.088948592 | AC11: 0.48666545 | AD11: 0.3684461
A12: CX20 MONTECARLO | B12: 0.27722724 | C12: 0.044904229 | D12: 0.035196731 | E12: 0.018919646 | F12: 0.13413545 | G12: 0.49131302 | H12: 1.4129202 | I12: 2.4633354 | J12: 3.310048 | K12: 3.5984421 | L12: 3.6522394 | M12: 3.6260049 | N12: 2.6742012 | O12: 2.4057272 | P12: 2.1350699 | Q12: 1.6655244 | R12: 1.4885567 | S12: 1.2973073 | T12: 1.020451 | U12: 0.73272392 | V12: 0.59522539 | W12: 0.48860037 | X12: 0.51570991 | Y12: 0.44328492 | Z12: 3.0104983 | AA12: 1.9443978 | AB12: 0.63266592 | AC12: 1.8625207 | AD12: 1.4386279
A13: CX22 UNIVERSAL | B13: 0.1366626 | C13: 0.1366626 | D13: 0.034729918 | E13: 0.020270796 | F13: 0.0080550653 | G13: 0.022723337 | H13: 0.14723917 | I13: 0.059209543 | J13: 0.10405252 | K13: 0.10323707 | L13: 0.087215134 | M13: 0.11970726 | N13: 0.23393929 | O13: 0.26077241 | P13: 0.04085305 | Q13: 0.16450458 | R13: 0.16922487 | S13: 0.14902662 | T13: 0.1246723 | U13: 0.11020863 | V13: 0.049633249 | W13: 0.095865868 | X13: 0.069282617 | Y13: 0.070630562 | Z13: 0.10344345 | AA13: 0.16972014 | AB13: 0.086715538 | AC13: 0.11995971 | AD13: 0.10493246
A14: CX24 RADIO 1010 AM | B14: 0 | C14: 0 | D14: 0 | E14: 0 | F14: 0 | G14: 0 | H14: 0 | I14: 0.052554346 | J14: 0.075732632 | K14: 0.094549133 | L14: 0.10147175 | M14: 0.10147175 | N14: 0.052025837 | O14: 0.054563753 | P14: 0.066598529 | Q14: 0.16060139 | R14: 0.25816023 | S14: 0.094596716 | T14: 0.11259336 | U14: 0.10086569 | V14: 0.071710584 | W14: 0.045005601 | X14: 0 | Y14: 0 | Z14: 0.070963269 | AA14: 0.11442441 | AB14: 0.055029206 | AC14: 0.080138961 | AD14: 0.060104221
A15: CX26 RADIO URUGUAY | B15: 0.11156116 | C15: 0.08079023 | D15: 0.036745266 | E15: 0.036745266 | F15: 0 | G15: 0 | H15: 0.12603177 | I15: 0.12158542 | J15: 0.12520985 | K15: 0.14198205 | L15: 0.17301501 | M15: 0.10220222 | N15: 0.095223193 | O15: 0.12945062 | P15: 0.17249686 | Q15: 0.20151894 | R15: 0.20151894 | S15: 0.18763672 | T15: 0.1040427 | U15: 0.099278053 | V15: 0.09413503 | W15: 0.085140649 | X15: 0.15377596 | Y15: 0.19699583 | Z15: 0.13167105 | AA15: 0.16464088 | AB15: 0.12222804 | AC15: 0.13951332 | AD15: 0.11571174
... A31: RATING GENERAL | B31: 2.2693989 | C31: 1.4046613 | D31: 1.0030652 | E31: 0.7512738 | F31: 0.75661912 | G31: 2.4370274 | H31: 8.0910013 | I31: 14.124633 | J31: 23.733838 | K31: 31.064876 | L31: 34.347006 | M31: 33.579784 | N31: 29.196864 | O31: 26.95558 | P31: 26.837381 | Q31: 29.03866 | R31: 27.897252 | S31: 25.051574 | T31: 21.439031 | U31: 14.296286 | V31: 11.204793 | W31: 9.4791161 | X31: 6.0052686 | Y31: 4.5080844 | Z31: 24.156857 | AA31: 27.496219 | AB31: 11.15543 | AC31: 20.936168 | AD31: 16.061378
A35: CUADRO 4: RESUMEN DE RATING POR HORA | FM | LUNES A DOMINGO
A36: RADIOS | B36: HORAS | Z36: PROMEDIO
B37: 00:00 - 00:59 | C37: 01:00 - 01:59 | D37: 02:00 - 02:59 | E37: 03:00 - 03:59 | F37: 04:00 - 04:59 | G37: 05:00 - 05:59 | H37: 06:00 - 06:59 | I37: 07:00 - 07:59 | J37: 08:00 - 08:59 | K37: 09:00 - 09:59 | L37: 10:00 - 10:59 | M37: 11:00 - 11:59 | N37: 12:00 - 12:59 | O37: 13:00 - 13:59 | P37: 14:00 - 14:59 | Q37: 15:00 - 15:59 | R37: 16:00 - 16:59 | S37: 17:00 - 17:59 | T37: 18:00 - 18:59 | U37: 19:00 - 19:59 | V37: 20:00 - 20:59 | W37: 21:00 - 21:59 | X37: 22:00 - 22:59 | Y37: 23:00 - 23:59 | Z37: 06:00 - 11:59 | AA37: 12:00 - 17:59 | AB37: 18:00 - 23:59 | AC37: 06:00 - 23:59 | AD37: 00:00 - 24:00
A38: 88.3 LACOSTA | B38: 0.01178701 | C38: 0 | D38: 0 | E38: 0 | F38: 0.011616674 | G38: 0 | H38: 0.020472792 | I38: 0.010347905 | J38: 0.19920289 | K38: 0.44514284 | L38: 0.64891889 | M38: 0.61196657 | N38: 0.47903661 | O38: 0.4266856 | P38: 0.42695847 | Q38: 0.33879662 | R38: 0.33906837 | S38: 0.37334423 | T38: 0.36615617 | U38: 0.21592905 | V38: 0.15253054 | W38: 0.099432632 | X38: 0.15653401 | Y38: 0 | Z38: 0.32267532 | AA38: 0.39731498 | AB38: 0.16509707 | AC38: 0.29502912 | AD38: 0.22224699
A39: 90.3 OLDIES | B39: 0.0091973461 | C39: 0.023590799 | D39: 0 | E39: 0.0091973461 | F39: 0.0047040332 | G39: 0.064521813 | H39: 0.36062291 | I39: 0.41439917 | J39: 0.61329921 | K39: 1.0084324 | L39: 1.0170892 | M39: 0.95861672 | N39: 0.93870375 | O39: 0.90414311 | P39: 0.83649613 | Q39: 0.72501694 | R39: 0.71431994 | S39: 0.54411384 | T39: 0.64465776 | U39: 0.39505304 | V39: 0.35197514 | W39: 0.17033713 | X39: 0.090264819 | Y39: 0.059219739 | Z39: 0.72874327 | AA39: 0.77713228 | AB39: 0.28525127 | AC39: 0.59704228 | AD39: 0.45241551
A40: 91.1 RADIOFUTURA | B40: 0.015117198 | C40: 0.015117198 | D40: 0 | E40: 0 | F40: 0 | G40: 0.009483541 | H40: 0.04015747 | I40: 0.13298587 | J40: 0.86617612 | K40: 1.2428251 | L40: 1.1989587 | M40: 1.1403129 | N40: 0.95215885 | O40: 1.0070253 | P40: 1.2489091 | Q40: 1.2719415 | R40: 1.2744071 | S40: 1.1999518 | T40: 1.1281065 | U40: 0.62701646 | V40: 0.47236774 | W40: 0.32740939 | X40: 0.17767626 | Y40: 0.10833847 | Z40: 0.77023603 | AA40: 1.1590656 | AB40: 0.47348581 | AC40: 0.80092915 | AD40: 0.60235178
A41: 91.9 DISNEY | B41: 0.0080122355 | C41: 0.0080122355 | D41: 0.0080122355 | E41: 0.0080122355 | F41: 0.0287256 | G41: 0.096237207 | H41: 0.49940301 | I41: 0.691461 | J41: 0.9937757 | K41: 1.6922721 | L41: 2.1388844 | M41: 2.0977001 | N41: 1.8034155 | O41: 1.6329375 | P41: 1.788554 | Q41: 1.4803402 | R41: 1.4474885 | S41: 1.2554059 | T41: 1.0804487 | U41: 0.73898655 | V41: 0.63364372 | W41: 0.47320986 | X41: 0.11764465 | Y41: 0.016437356 | Z41: 1.3522494 | AA41: 1.5680236 | AB41: 0.51006181 | AC41: 1.1434449 | AD41: 0.86412585
A42: 92.5 CONCIERTO URBANA | B42: 0.0088557873 | C42: 0.0088557873 | D42: 0 | E42: 0 | F42: 0 | G42: 0 | H42: 0.0063019004 | I42: 0.038029506 | J42: 0.055415638 | K42: 0.078946678 | L42: 0.073566279 | M42: 0.055794661 | N42: 0.18256472 | O42: 0.14103974 | P42: 0.14021879 | Q42: 0.11742313 | R42: 0.093904184 | S42: 0.10054196 | T42: 0.15591034 | U42: 0.023097536 | V42: 0.10467622 | W42: 0.10288631 | X42: 0.026127956 | Y42: 0 | Z42: 0.051342444 | AA42: 0.12928209 | AB42: 0.068783059 | AC42: 0.083135864 | AD42: 0.06308988
A43: 93.1 INOLVIDABLE | B43: 0.0075771225 | C43: 0.0075771225 | D43: 0 | E43: 0 | F43: 0 | G43: 0.060989271 | H43: 0.14557865 | I43: 0.37086566 | J43: 1.135311 | K43: 1.235066 | L43: 1.3926115 | M43: 1.6150256 | N43: 1.7605148 | O43: 1.8277385 | P43: 1.6783901 | Q43: 1.6499071 | R43: 1.6703797 | S43: 1.325449 | T43: 1.2181658 | U43: 1.1396199 | V43: 1.1018329 | W43: 0.94063885 | X43: 0.38445452 | Y43: 0.17944616 | Z43: 0.98240975 | AA43: 1.6520632 | AB43: 0.82735969 | AC43: 1.1539442 | AD43: 0.86863081
A44: 93.9 OCEANO | B44: 0.059223358 | C44: 0.036242129 | D44: 0 | E44: 0 | F44: 0 | G44: 0 | H44: 0.045240222 | I44: 0.1743121 | J44: 0.67143221 | K44: 0.97839585 | L44: 1.0881267 | M44: 1.1530581 | N44: 1.1991432 | O44: 1.042932 | P44: 1.0580381 | Q44: 0.95653935 | R44: 0.93287545 | S44: 0.65681816 | T44: 0.54565514 | U44: 0.21518966 | V44: 0.097190717 | W44: 0.081133514 | X44: 0.041879564 | Y44: 0.033987832 | Z44: 0.68509419 | AA44: 0.97439105 | AB44: 0.16917274 | AC44: 0.60955266 | AD44: 0.46114222
A45: 94.7 E. DEL SUR | B45: 0 | C45: 0 | D45: 0 | E45: 0 | F45: 0 | G45: 0 | H45: 0.087002112 | I45: 0.090702431 | J45: 0.093827286 | K45: 0.113321 | L45: 0.13534322 | M45: 0.14125564 | N45: 0.050969066 | O45: 0.088648212 | P45: 0.12035998 | Q45: 0.14442808 | R45: 0.092051643 | S45: 0.048298835 | T45: 0.055370446 | U45: 0.13074844 | V45: 0.056295269 | W45: 0.020402477 | X45: 0.0087746718 | Y45: 0.0087746718 | Z45: 0.11024195 | AA45: 0.090792636 | AB45: 0.046727663 | AC45: 0.082587416 | AD45: 0.061940562
A46: 95.5 DEL PLATA | B46: 0.008671319 | C46: 0.057545241 | D46: 0.056135923 | E46: 0.048873922 | F46: 0.094269934 | G46: 0.045396011 | H46: 0.12691981 | I46: 0.38987392 | J46: 0.54522894 | K46: 0.78637683 | L46: 0.86090266 | M46: 1.0348085 | N46: 1.0979397 | O46: 1.1130519 | P46: 1.1938227 | Q46: 1.1408876 | R46: 1.0514014 | S46: 1.251268 | T46: 1.1042652 | U46: 0.85005861 | V46: 0.50787364 | W46: 0.34705706 | X46: 0.090656416 | Y46: 0.070635711 | Z46: 0.62401845 | AA46: 1.1413952 | AB46: 0.49509111 | AC46: 0.75350159 | AD46: 0.57808004
A47: 96.3 ALFA | B47: 0 | C47: 0 | D47: 0 | E47: 0 | F47: 0 | G47: 0 | H47: 0.020797484 | I47: 0.032958283 | J47: 0.10906787 | K47: 0.19074166 | L47: 0.23373129 | M47: 0.18320969 | N47: 0.15029979 | O47: 0.14730843 | P47: 0.11100447 | Q47: 0.09320389 | R47: 0.10251965 | S47: 0.09320389 | T47: 0.068089752 | U47: 0.052267499 | V47: 0.046622164 | W47: 0.025843418 | X47: 0.017888988 | Y47: 0 | Z47: 0.12841771 | AA47: 0.11625669 | AB47: 0.035118637 | AC47: 0.093264345 | AD47: 0.069948259
A48: 97.1 BABEL | B48: 0 | C48: 0.0077468601 | D48: 0 | E48: 0 | F48: 0 | G48: 0.0077468601 | H48: 0.031293356 | I48: 0.11232658 | J48: 0.17068549 | K48: 0.3909807 | L48: 0.504329 | M48: 0.45170729 | N48: 0.46488004 | O48: 0.3665072 | P48: 0.36664888 | Q48: 0.36232293 | R48: 0.37462672 | S48: 0.33172403 | T48: 0.22599391 | U48: 0.26704283 | V48: 0.18941015 | W48: 0.063637358 | X48: 0.037192776 | Y48: 0.0362201 | Z48: 0.27688707 | AA48: 0.37778497 | AB48: 0.13658285 | AC48: 0.26375163 | AD48: 0.19845929
A49: 97.9 M24 | B49: 0 | C49: 0 | D49: 0 | E49: 0 | F49: 0 | G49: 0 | H49: 0 | I49: 0.12157423 | J49: 0.22698645 | K49: 0.36559819 | L49: 0.45685722 | M49: 0.44737674 | N49: 0.33205096 | O49: 0.31268958 | P49: 0.33787259 | Q49: 0.30294595 | R49: 0.3354931 | S49: 0.26318046 | T49: 0.25116192 | U49: 0.17489255 | V49: 0.10588884 | W49: 0.11185843 | X49: 0.10613059 | Y49: 0.16228356 | Z49: 0.26973214 | AA49: 0.31403877 | AB49: 0.15203598 | AC49: 0.24526896 | AD49: 0.18395172
... A65: RATING GENERAL | B65: 2.2693989 | C65: 1.4046613 | D65: 1.0030652 | E65: 0.7512738 | F65: 0.75661912 | G65: 2.4370274 | H65: 8.0910013 | I65: 14.124633 | J65: 23.733838 | K65: 31.064876 | L65: 34.347006 | M65: 33.579784 | N65: 29.196864 | O65: 26.95558 | P65: 26.837381 | Q65: 29.03866 | R65: 27.897252 | S65: 25.051574 | T65: 21.439031 | U65: 14.296286 | V65: 11.204793 | W65: 9.4791161 | X65: 6.0052686 | Y65: 4.5080844 | Z65: 24.156857 | AA65: 27.496219 | AB65: 11.15543 | AC65: 20.936168 | AD65: 16.061378

Sheet RatxHoraxLV
A1: CUADRO 5: RESUMEN DE RATING POR HORA | AM | LUNES A VIERNES
A2: RADIOS | B2: HORAS | Z2: PROMEDIO
B3: 00:00 - 00:59 | C3: 01:00 - 01:59 | D3: 02:00 - 02:59 | E3: 03:00 - 03:59 | F3: 04:00 - 04:59 | G3: 05:00 - 05:59 | H3: 06:00 - 06:59 | I3: 07:00 - 07:59 | J3: 08:00 - 08:59 | K3: 09:00 - 09:59 | L3: 10:00 - 10:59 | M3: 11:00 - 11:59 | N3: 12:00 - 12:59 | O3: 13:00 - 13:59 | P3: 14:00 - 14:59 | Q3: 15:00 - 15:59 | R3: 16:00 - 16:59 | S3: 17:00 - 17:59 | T3: 18:00 - 18:59 | U3: 19:00 - 19:59 | V3: 20:00 - 20:59 | W3: 21:00 - 21:59 | X3: 22:00 - 22:59 | Y3: 23:00 - 23:59 | Z3: 06:00 - 11:59 | AA3: 12:00 - 17:59 | AB3: 18:00 - 23:59 | AC3: 06:00 - 23:59 | AD3: 00:00 - 24:00
A4: CX4 RURAL | B4: 0.060575635 | C4: 0.060575635 | D4: 0.060575635 | E4: 0.035621945 | F4: 0 | G4: 0.034274975 | H4: 0.10033044 | I4: 0.10482421 | J4: 0.11320335 | K4: 0.17955489 | L4: 0.12906162 | M4: 0.11509294 | N4: 0.077765279 | O4: 0.042680221 | P4: 0.21469518 | Q4: 0.15752737 | R4: 0.14482308 | S4: 0.017630971 | T4: 0 | U4: 0.026482385 | V4: 0.05261432 | W4: 0.044011647 | X4: 0.0075188363 | Y4: 0.0075188363 | Z4: 0.12367791 | AA4: 0.10918702 | AB4: 0.023024338 | AC4: 0.085296421 | AD4: 0.074456642
A5: CX6 CLÁSICA | B5: 0 | C5: 0 | D5: 0 | E5: 0 | F5: 0 | G5: 0.020483317 | H5: 0.038709158 | I5: 0.059123954 | J5: 0.038709158 | K5: 0.034267244 | L5: 0.020483317 | M5: 0.020483317 | N5: 0.020483317 | O5: 0.020483317 | P5: 0.020483317 | Q5: 0.020483317 | R5: 0.032829466 | S5: 0.032829466 | T5: 0.032829466 | U5: 0.020483317 | V5: 0.020483317 | W5: 0.020483317 | X5: 0.029292892 | Y5: 0.020483317 | Z5: 0.035296025 | AA5: 0.0245987 | AB5: 0.024009271 | AC5: 0.027967999 | AD5: 0.02182947
A6: CX8 SARANDI | B6: 0.095973645 | C6: 0.085799689 | D6: 0.085799689 | E6: 0.069519299 | F6: 0.082695925 | G6: 0.23803302 | H6: 1.1274339 | I6: 1.8185275 | J6: 2.4442541 | K6: 2.3162739 | L6: 2.2339669 | M6: 1.6072889 | N6: 0.88019185 | O6: 0.68930341 | P6: 0.64876632 | Q6: 0.73654978 | R6: 0.66422056 | S6: 0.61973897 | T6: 0.64135864 | U6: 0.15426259 | V6: 0.17739821 | W6: 0.17188865 | X6: 0.070339052 | Y6: 0.049039877 | Z6: 1.9246242 | AA6: 0.70646182 | AB6: 0.2107145 | AC6: 0.94726684 | AD6: 0.73785935
A7: CX10 CONTINENTE | B7: 0.038323444 | C7: 0.022607732 | D7: 0.0095209225 | E7: 0.0095209225 | F7: 0.0095209225 | G7: 0.0095209225 | H7: 0.05001674 | I7: 0.067894168 | J7: 0.081388802 | K7: 0.076855461 | L7: 0.1254085 | M7: 0.089456151 | N7: 0.022719636 | O7: 0.040346764 | P7: 0.022607732 | Q7: 0.022607732 | R7: 0.022607732 | S7: 0.025236634 | T7: 0.0095209225 | U7: 0.0095209225 | V7: 0.0095209225 | W7: 0.0095209225 | X7: 0.027174376 | Y7: 0.025236634 | Z7: 0.081836637 | AA7: 0.026021038 | AB7: 0.01508245 | AC7: 0.040980042 | AD7: 0.034860651
A8: CX12 ORIENTAL | B8: 0.044308385 | C8: 0.057485011 | D8: 0.036191256 | E8: 0.013176626 | F8: 0 | G8: 0.082745001 | H8: 0.036485252 | I8: 0.18644773 | J8: 0.29907736 | K8: 0.28739854 | L8: 0.19653876 | M8: 0.23032747 | N8: 0.16853545 | O8: 0.040968489 | P8: 0.12418707 | Q8: 0.09259394 | R8: 0.10559079 | S8: 0.10559079 | T8: 0.012655451 | U8: 0 | V8: 0.033728835 | W8: 0.083215932 | X8: 0.052235238 | Y8: 0.099947293 | Z8: 0.20604585 | AA8: 0.10624442 | AB8: 0.046963791 | AC8: 0.11975136 | AD8: 0.099559611
A9: CX14 EL ESPECTADOR | B9: 0 | C9: 0.013282757 | D9: 0.013282757 | E9: 0.010173956 | F9: 0.010173956 | G9: 0.031147348 | H9: 0.10743194 | I9: 0.16078939 | J9: 0.34360595 | K9: 0.32204438 | L9: 0.53058414 | M9: 0.55452728 | N9: 0.30051703 | O9: 0.2158556 | P9: 0.058417627 | Q9: 0.18022496 | R9: 0.26713645 | S9: 0.31049142 | T9: 0.084334699 | U9: 0.041590434 | V9: 0.040091192 | W9: 0.014409308 | X9: 0 | Y9: 0 | Z9: 0.33649718 | AA9: 0.22210718 | AB9: 0.030070939 | AC9: 0.1962251 | AD9: 0.15042136
A10: CX16 CARVE | B10: 0.10236792 | C10: 0.086734661 | D10: 0 | E10: 0 | F10: 0 | G10: 0.064237116 | H10: 0.22163235 | I10: 0.26593454 | J10: 0.23127815 | K10: 0.28748295 | L10: 0.22849406 | M10: 0.13921311 | N10: 0.24462999 | O10: 0.2197879 | P10: 0.14250252 | Q10: 0.12253818 | R10: 0.069417178 | S10: 0.032259587 | T10: 0.0058898406 | U10: 0.0058898406 | V10: 0.062419843 | W10: 0.14505334 | X10: 0.25106616 | Y10: 0.234397 | Z10: 0.22900586 | AA10: 0.13852256 | AB10: 0.11745267 | AC10: 0.16166036 | AD10: 0.13180109
A11: CX18 SPORT 890 | B11: 0 | C11: 0 | D11: 0 | E11: 0 | F11: 0 | G11: 0.077335917 | H11: 0.39332809 | I11: 0.56082173 | J11: 0.87626005 | K11: 0.96894699 | L11: 1.1114309 | M11: 1.0442378 | N11: 1.0795522 | O11: 0.8510719 | P11: 1.0282562 | Q11: 0.66741693 | R11: 0.48996514 | S11: 0.37018858 | T11: 0.22669676 | U11: 0.171519 | V11: 0.062209471 | W11: 0.043935548 | X11: 0.055367095 | Y11: 0.070610104 | Z11: 0.82583759 | AA11: 0.74774181 | AB11: 0.10505633 | AC11: 0.55954524 | AD11: 0.42288126
A12: CX20 MONTECARLO | B12: 0.2917301 | C12: 0.038979696 | D12: 0.025389199 | E12: 0.01381841 | F12: 0.16973346 | G12: 0.54334594 | H12: 1.5268004 | I12: 2.6472397 | J12: 3.5324582 | K12: 3.8906271 | L12: 4.0023183 | M12: 3.9408111 | N12: 2.929399 | O12: 2.657255 | P12: 2.312411 | Q12: 1.7891731 | R12: 1.6347459 | S12: 1.4402538 | T12: 1.1218416 | U12: 0.76425335 | V12: 0.61277503 | W12: 0.52454512 | X12: 0.56698845 | Y12: 0.48406934 | Z12: 3.2567091 | AA12: 2.1272063 | AB12: 0.67907881 | AC12: 2.0209981 | AD12: 1.5608734
A13: CX22 UNIVERSAL | B13: 0.15616746 | C13: 0.15616746 | D13: 0.038226192 | E13: 0.028379114 | F13: 0 | G13: 0.02053558 | H13: 0.16830959 | I13: 0.071616268 | J13: 0.11212149 | K13: 0.11097987 | L13: 0.082941436 | M13: 0.10384741 | N13: 0.25807197 | O13: 0.3027989 | P13: 0.0062757871 | Q13: 0.068887551 | R13: 0.086336998 | S13: 0.056805517 | T13: 0.037401295 | U13: 0.054020527 | V13: 0.03175855 | W13: 0.098227348 | X13: 0.075321857 | Y13: 0.088486071 | Z13: 0.10830268 | AA13: 0.12986279 | AB13: 0.064202608 | AC13: 0.10078936 | AD13: 0.092236844
A14: CX24 RADIO 1010 AM | B14: 0 | C14: 0 | D14: 0 | E14: 0 | F14: 0 | G14: 0 | H14: 0 | I14: 0.073576084 | J14: 0.10602569 | K14: 0.10968371 | L14: 0.11937538 | M14: 0.11937538 | N14: 0.072836172 | O14: 0.076389254 | P14: 0.093237941 | Q14: 0.18963958 | R14: 0.31334384 | S14: 0.084354924 | T14: 0.10963556 | U14: 0.10386158 | V14: 0.083190894 | W14: 0.063007842 | X14: 0 | Y14: 0 | Z14: 0.088006041 | AA14: 0.13830028 | AB14: 0.059949312 | AC14: 0.095418546 | AD14: 0.07156391
A15: CX26 RADIO URUGUAY | B15: 0.12019054 | C15: 0.09141362 | D15: 0.039609212 | E15: 0.039609212 | F15: 0 | G15: 0 | H15: 0.13797483 | I15: 0.15576317 | J15: 0.16083736 | K15: 0.18431844 | L15: 0.2148043 | M15: 0.1156664 | N15: 0.10589576 | O15: 0.16677444 | P15: 0.22703917 | Q15: 0.25379935 | R15: 0.25379935 | S15: 0.23436424 | T15: 0.11733261 | U15: 0.12453285 | V15: 0.11733261 | W15: 0.10474048 | X15: 0.20082992 | Y15: 0.24904711 | Z15: 0.16156075 | AA15: 0.20694538 | AB15: 0.1523026 | AC15: 0.17360291 | AD15: 0.14231979
... A31: RATING GENERAL | B31: 2.3922638 | C31: 1.5363196 | D31: 1.1487164 | E31: 0.87921107 | F31: 0.83292647 | G31: 2.7101834 | H31: 9.1108631 | I31: 15.396727 | J31: 25.700418 | K31: 33.696157 | L31: 37.013387 | M31: 35.895765 | N31: 31.43613 | O31: 29.077921 | P31: 29.127755 | Q31: 31.538139 | R31: 30.625821 | S31: 27.475452 | T31: 23.277273 | U31: 15.256897 | V31: 11.957481 | W31: 10.108187 | X31: 6.3382418 | Y31: 4.8325902 | Z31: 26.135553 | AA31: 29.880203 | AB31: 11.961778 | AC31: 22.659178 | AD31: 17.390201
A35: CUADRO 6: RESUMEN DE RATING POR HORA | FM | LUNES A VIERNES
A36: RADIOS | B36: HORAS | Z36: PROMEDIO
B37: 00:00 - 00:59 | C37: 01:00 - 01:59 | D37: 02:00 - 02:59 | E37: 03:00 - 03:59 | F37: 04:00 - 04:59 | G37: 05:00 - 05:59 | H37: 06:00 - 06:59 | I37: 07:00 - 07:59 | J37: 08:00 - 08:59 | K37: 09:00 - 09:59 | L37: 10:00 - 10:59 | M37: 11:00 - 11:59 | N37: 12:00 - 12:59 | O37: 13:00 - 13:59 | P37: 14:00 - 14:59 | Q37: 15:00 - 15:59 | R37: 16:00 - 16:59 | S37: 17:00 - 17:59 | T37: 18:00 - 18:59 | U37: 19:00 - 19:59 | V37: 20:00 - 20:59 | W37: 21:00 - 21:59 | X37: 22:00 - 22:59 | Y37: 23:00 - 23:59 | Z37: 06:00 - 11:59 | AA37: 12:00 - 17:59 | AB37: 18:00 - 23:59 | AC37: 06:00 - 23:59 | AD37: 00:00 - 24:00
A38: 88.3 LACOSTA | B38: 0.016501815 | C38: 0 | D38: 0 | E38: 0 | F38: 0 | G38: 0 | H38: 0 | I38: 0.014487067 | J38: 0.23837002 | K38: 0.48629842 | L38: 0.67975564 | M38: 0.65848956 | N38: 0.55922861 | O38: 0.46400515 | P38: 0.49915396 | Q38: 0.39914232 | R38: 0.38292311 | S38: 0.38823803 | T38: 0.41158165 | U38: 0.24603282 | V38: 0.16106814 | W38: 0.11251903 | X38: 0.15802546 | Y38: 0 | Z38: 0.34623345 | AA38: 0.44878186 | AB38: 0.18153785 | AC38: 0.32551772 | AD38: 0.24482587
A39: 90.3 OLDIES | B39: 0.012876285 | C39: 0.033027119 | D39: 0 | E39: 0.012876285 | F39: 0.0065856465 | G39: 0.076980174 | H39: 0.46582769 | I39: 0.36900478 | J39: 0.53046839 | K39: 1.0399055 | L39: 1.021094 | M39: 0.90882714 | N39: 0.94933386 | O39: 0.88474521 | P39: 0.83167468 | Q39: 0.75335498 | R39: 0.71976774 | S39: 0.54776222 | T39: 0.62319374 | U39: 0.37259718 | V39: 0.36014111 | W39: 0.19515096 | X39: 0.095510655 | Y39: 0.065210585 | Z39: 0.72252124 | AA39: 0.78110645 | AB39: 0.2853007 | AC39: 0.59630947 | AD39: 0.45316316
A40: 91.1 RADIOFUTURA | B40: 0 | C40: 0 | D40: 0 | E40: 0 | F40: 0 | G40: 0 | H40: 0.041630457 | I40: 0.18618022 | J40: 0.94920171 | K40: 1.3263829 | L40: 1.3257216 | M40: 1.2688772 | N40: 1.0056201 | O40: 1.0994708 | P40: 1.3800617 | Q40: 1.33661 | R40: 1.4212625 | S40: 1.3497443 | T40: 1.329742 | U40: 0.75828201 | V40: 0.5365665 | W40: 0.32071527 | X40: 0.12237909 | Y40: 0.079899049 | Z40: 0.84966568 | AA40: 1.2654616 | AB40: 0.52459732 | AC40: 0.87990819 | AD40: 0.65993114
A41: 91.9 DISNEY | B41: 0 | C41: 0 | D41: 0 | E41: 0 | F41: 0.015512605 | G41: 0.086172343 | H41: 0.55229305 | I41: 0.67618159 | J41: 1.0533289 | K41: 1.7805664 | L41: 2.2275918 | M41: 2.1880387 | N41: 1.9594036 | O41: 1.8035052 | P41: 1.9345678 | Q41: 1.6048624 | R41: 1.5973163 | S41: 1.2809137 | T41: 1.0905576 | U41: 0.78197056 | V41: 0.66621896 | W41: 0.57296844 | X41: 0.075582885 | Y41: 0.010359418 | Z41: 1.4130001 | AA41: 1.6967615 | AB41: 0.53294297 | AC41: 1.2142348 | AD41: 0.91491301
A42: 92.5 CONCIERTO URBANA | B42: 0 | C42: 0 | D42: 0 | E42: 0 | F42: 0 | G42: 0 | H42: 0.0088226605 | I42: 0.041070508 | J42: 0.066599582 | K42: 0.080373263 | L42: 0.080373263 | M42: 0.055492996 | N42: 0.21221394 | O42: 0.15407896 | P42: 0.13673182 | Q42: 0.10736614 | R42: 0.056742571 | S42: 0.086352933 | T42: 0.18040101 | U42: 0.032336551 | V42: 0.13079436 | W42: 0.12828849 | X42: 0.036579138 | Y42: 0 | Z42: 0.055455379 | AA42: 0.12558106 | AB42: 0.084733259 | AC42: 0.088589899 | AD42: 0.066442424
A43: 93.1 INOLVIDABLE | B43: 0.010607971 | C43: 0.010607971 | D43: 0 | E43: 0 | F43: 0 | G43: 0.073819072 | H43: 0.11205803 | I43: 0.38091619 | J43: 1.1869749 | K43: 1.1952287 | L43: 1.353254 | M43: 1.5495093 | N43: 1.7544069 | O43: 1.7248998 | P43: 1.5715902 | Q43: 1.5974687 | R43: 1.6272262 | S43: 1.3201676 | T43: 1.1995563 | U43: 1.2050503 | V43: 1.1879545 | W43: 0.96436481 | X43: 0.36771576 | Y43: 0.15125535 | Z43: 0.9629902 | AA43: 1.5992932 | AB43: 0.84598284 | AC43: 1.1360888 | AD43: 0.85602636
A44: 93.9 OCEANO | B44: 0.064559705 | C44: 0.039521851 | D44: 0 | E44: 0 | F44: 0 | G44: 0 | H44: 0.028620328 | I44: 0.15069704 | J44: 0.68470249 | K44: 1.0644401 | L44: 1.1683763 | M44: 1.1894193 | N44: 1.2022176 | O44: 1.0946019 | P44: 1.149907 | Q44: 1.088528 | R44: 1.050733 | S44: 0.71536612 | T44: 0.59629476 | U44: 0.23853504 | V44: 0.070838558 | W44: 0.065917465 | X44: 0.046067961 | Y44: 0.035019535 | Z44: 0.71437593 | AA44: 1.0502256 | AB44: 0.17544555 | AC44: 0.64668236 | AD44: 0.4893485
A45: 94.7 E. DEL SUR | B45: 0 | C45: 0 | D45: 0 | E45: 0 | F45: 0 | G45: 0 | H45: 0.12180296 | I45: 0.11506913 | J45: 0.11944393 | K45: 0.14602712 | L45: 0.14602712 | M45: 0.14275797 | N45: 0.040187844 | O45: 0.092938648 | P45: 0.12102916 | Q45: 0.15472449 | R45: 0.10457731 | S45: 0.054996081 | T45: 0.064896336 | U45: 0.11493853 | V45: 0.033932381 | W45: 0.016278927 | X45: 0 | Y45: 0 | Z45: 0.1318547 | AA45: 0.094742255 | AB45: 0.038341028 | AC45: 0.088312663 | AD45: 0.066234497
A46: 95.5 DEL PLATA | B46: 0 | C46: 0.068423491 | D46: 0.078590292 | E46: 0.068423491 | F46: 0.12015658 | G46: 0.051733091 | H46: 0.16586641 | I46: 0.47791463 | J46: 0.56771747 | K46: 0.81676534 | L46: 0.87703903 | M46: 1.0348947 | N46: 1.1167954 | O46: 1.2291971 | P46: 1.3336851 | Q46: 1.2549653 | R46: 1.1674178 | S46: 1.4052344 | T46: 1.2611822 | U46: 0.95092455 | V46: 0.59659382 | W46: 0.41628655 | X46: 0.10348708 | Y46: 0.087240205 | Z46: 0.6566996 | AA46: 1.2512159 | AB46: 0.56928573 | AC46: 0.82573373 | AD46: 0.63543892
A47: 96.3 ALFA | B47: 0 | C47: 0 | D47: 0 | E47: 0 | F47: 0 | G47: 0 | H47: 0.014937857 | I47: 0.031962975 | J47: 0.12639309 | K47: 0.21785028 | L47: 0.27002147 | M47: 0.21346984 | N47: 0.17541028 | O47: 0.18249295 | P47: 0.1316674 | Q47: 0.11836213 | R47: 0.13140419 | S47: 0.11836213 | T47: 0.083041113 | U47: 0.060889958 | V47: 0.065271029 | W47: 0.036180786 | X47: 0.025044583 | Y47: 0 | Z47: 0.14577258 | AA47: 0.14294985 | AB47: 0.045071245 | AC47: 0.11126456 | AD47: 0.083448419
A48: 97.1 BABEL | B48: 0 | C48: 0 | D48: 0 | E48: 0 | F48: 0 | G48: 0 | H48: 0.043810698 | I48: 0.13213507 | J48: 0.21383754 | K48: 0.39965775 | L48: 0.46094581 | M48: 0.40562457 | N48: 0.43543241 | O48: 0.34335211 | P48: 0.34746288 | Q48: 0.38715113 | R48: 0.41798648 | S48: 0.37520791 | T48: 0.21463389 | U48: 0.28083164 | V48: 0.20031133 | W48: 0.068566782 | X48: 0.052069886 | Y48: 0.039862535 | Z48: 0.2760019 | AA48: 0.38443215 | AB48: 0.14271268 | AC48: 0.26771558 | AD48: 0.20078668
A49: 97.9 M24 | B49: 0 | C49: 0 | D49: 0 | E49: 0 | F49: 0 | G49: 0 | H49: 0 | I49: 0.13594792 | J49: 0.24734959 | K49: 0.37486152 | L49: 0.50262416 | M49: 0.46583127 | N49: 0.3482163 | O49: 0.31847461 | P49: 0.32857521 | Q49: 0.29606229 | R49: 0.35071091 | S49: 0.26554621 | T49: 0.22671765 | U49: 0.15697701 | V49: 0.096940369 | W49: 0.096940369 | X49: 0.088921389 | Y49: 0.14460189 | Z49: 0.28776908 | AA49: 0.31793092 | AB49: 0.13518311 | AC49: 0.24696104 | AD49: 0.18522078
... A65: RATING GENERAL | B65: 2.3922638 | C65: 1.5363196 | D65: 1.1487164 | E65: 0.87921107 | F65: 0.83292647 | G65: 2.7101834 | H65: 9.1108631 | I65: 15.396727 | J65: 25.700418 | K65: 33.696157 | L65: 37.013387 | M65: 35.895765 | N65: 31.43613 | O65: 29.077921 | P65: 29.127755 | Q65: 31.538139 | R65: 30.625821 | S65: 27.475452 | T65: 23.277273 | U65: 15.256897 | V65: 11.957481 | W65: 10.108187 | X65: 6.3382418 | Y65: 4.8325902 | Z65: 26.135553 | AA65: 29.880203 | AB65: 11.961778 | AC65: 22.659178 | AD65: 17.390201

Sheet RatxHoraxSD
A1: CUADRO 7: RESUMEN DE RATING POR HORA | AM | SABADO A DOMINGO
A2: RADIOS | B2: HORAS | Z2: PROMEDIO
B3: 00:00 - 00:59 | C3: 01:00 - 01:59 | D3: 02:00 - 02:59 | E3: 03:00 - 03:59 | F3: 04:00 - 04:59 | G3: 05:00 - 05:59 | H3: 06:00 - 06:59 | I3: 07:00 - 07:59 | J3: 08:00 - 08:59 | K3: 09:00 - 09:59 | L3: 10:00 - 10:59 | M3: 11:00 - 11:59 | N3: 12:00 - 12:59 | O3: 13:00 - 13:59 | P3: 14:00 - 14:59 | Q3: 15:00 - 15:59 | R3: 16:00 - 16:59 | S3: 17:00 - 17:59 | T3: 18:00 - 18:59 | U3: 19:00 - 19:59 | V3: 20:00 - 20:59 | W3: 21:00 - 21:59 | X3: 22:00 - 22:59 | Y3: 23:00 - 23:59 | Z3: 06:00 - 11:59 | AA3: 12:00 - 17:59 | AB3: 18:00 - 23:59 | AC3: 06:00 - 23:59 | AD3: 00:00 - 24:00
A4: CX4 RURAL | B4: 0.031013701 | C4: 0 | D4: 0 | E4: 0 | F4: 0 | G4: 0 | H4: 0.094353562 | I4: 0.052646538 | J4: 0.2195132 | K4: 0.17377904 | L4: 0.14564166 | M4: 0.18988428 | N4: 0.16821522 | O4: 0.099875977 | P4: 0.11749658 | Q4: 0.078514476 | R4: 0.03931219 | S4: 0.037940447 | T4: 0 | U4: 0.071397583 | V4: 0.071436077 | W4: 0.065690927 | X4: 0 | Y4: 0.037426376 | Z4: 0.14596971 | AA4: 0.090225814 | AB4: 0.040991827 | AC4: 0.092395785 | AD4: 0.070589076
A5: CX6 CLÁSICA | B5: 0 | C5: 0 | D5: 0 | E5: 0 | F5: 0 | G5: 0 | H5: 0 | I5: 0 | J5: 0.088485247 | K5: 0.088485247 | L5: 0.13269249 | M5: 0.088449866 | N5: 0 | O5: 0 | P5: 0 | Q5: 0 | R5: 0 | S5: 0 | T5: 0 | U5: 0 | V5: 0 | W5: 0 | X5: 0 | Y5: 0 | Z5: 0.066352142 | AA5: 0 | AB5: 0 | AC5: 0.022117381 | AD5: 0.016588035
A6: CX8 SARANDI | B6: 0.0295854 | C6: 0.0295854 | D6: 0.0295854 | E6: 0.0295854 | F6: 0.064906071 | G6: 0.18112661 | H6: 0.61045683 | I6: 1.2947458 | J6: 1.8308288 | K6: 1.8534211 | L6: 1.5958662 | M6: 1.1454573 | N6: 0.70124721 | O6: 0.49723068 | P6: 0.48508761 | Q6: 0.74770118 | R6: 0.75150131 | S6: 0.63374355 | T6: 0.53359168 | U6: 0.26044961 | V6: 0.069247146 | W6: 0.069247146 | X6: 0.14322181 | Y6: 0.030418536 | Z6: 1.3884627 | AA6: 0.63608525 | AB6: 0.18436265 | AC6: 0.73630353 | AD6: 0.56740991
A7: CX10 CONTINENTE | B7: 0 | C7: 0 | D7: 0 | E7: 0 | F7: 0 | G7: 0 | H7: 0 | I7: 0.027845262 | J7: 0.027845262 | K7: 0.086616352 | L7: 0.11602756 | M7: 0.086616352 | N7: 0.060939493 | O7: 0.029455267 | P7: 0.029455267 | Q7: 0.066911108 | R7: 0.066911108 | S7: 0.029455267 | T7: 0.029455267 | U7: 0 | V7: 0 | W7: 0 | X7: 0 | Y7: 0 | Z7: 0.057491798 | AA7: 0.047187918 | AB7: 0.0049092112 | AC7: 0.036529642 | AD7: 0.027397232
A8: CX12 ORIENTAL | B8: 0.20108859 | C8: 0.16159193 | D8: 0.095307021 | E8: 0.036494709 | F8: 0.036494709 | G8: 0.11137693 | H8: 0.036494709 | I8: 0.11143459 | J8: 0.11437872 | K8: 0.14593444 | L8: 0.1084574 | M8: 0.15974589 | N8: 0.14622542 | O8: 0.14909918 | P8: 0.098105152 | Q8: 0.032319867 | R8: 0.032319867 | S8: 0 | T8: 0 | U8: 0 | V8: 0 | W8: 0.080598148 | X8: 0.092931718 | Y8: 0.2182248 | Z8: 0.11274096 | AA8: 0.076344913 | AB8: 0.065292444 | AC8: 0.084792772 | AD8: 0.090359324
A9: CX14 EL ESPECTADOR | B9: 0 | C9: 0 | D9: 0 | E9: 0 | F9: 0 | G9: 0 | H9: 0 | I9: 0.028044606 | J9: 0.1213346 | K9: 0.10235965 | L9: 0.25550239 | M9: 0.25550239 | N9: 0.12241619 | O9: 0.078208946 | P9: 0 | Q9: 0.063668504 | R9: 0.15341236 | S9: 0.18413891 | T9: 0.06444954 | U9: 0.033722988 | V9: 0 | W9: 0 | X9: 0 | Y9: 0 | Z9: 0.12712394 | AA9: 0.10030749 | AB9: 0.016362088 | AC9: 0.081264505 | AD9: 0.060948379
A10: CX16 CARVE | B10: 0.040885073 | C10: 0.040885073 | D10: 0 | E10: 0.039438837 | F10: 0 | G10: 0.065108068 | H10: 0.16957568 | I10: 0.13392288 | J10: 0.12396868 | K10: 0.18733818 | L10: 0.23154542 | M10: 0.20196002 | N10: 0.16026997 | O10: 0.059474094 | P10: 0.094644666 | Q10: 0.1411254 | R10: 0.11200092 | S10: 0.076830351 | T10: 0.030349617 | U10: 0.030349617 | V10: 0.030349617 | W10: 0.094790955 | X10: 0.18651612 | Y10: 0.10532641 | Z10: 0.17471848 | AA10: 0.1073909 | AB10: 0.079613722 | AC10: 0.12057437 | AD10: 0.098193986
A11: CX18 SPORT 890 | B11: 0 | C11: 0 | D11: 0.034676846 | E11: 0.034676846 | F11: 0 | G11: 0.026855648 | H11: 0.20581262 | I11: 0.33299932 | J11: 0.48039506 | K11: 0.48066219 | L11: 0.68016149 | M11: 0.54038873 | N11: 0.41391888 | O11: 0.37010573 | P11: 0.48762616 | Q11: 0.54464623 | R11: 0.36914446 | S11: 0.28245101 | T11: 0.11882648 | U11: 0.087342252 | V11: 0.055414524 | W11: 0 | X11: 0 | Y11: 0.030492258 | Z11: 0.45340323 | AA11: 0.41131541 | AB11: 0.048679252 | AC11: 0.30446597 | AD11: 0.2323582
A12: CX20 MONTECARLO | B12: 0.24097009 | C12: 0.059715561 | D12: 0.059715561 | E12: 0.031672737 | F12: 0.045140399 | G12: 0.36123073 | H12: 1.1282199 | I12: 2.0035747 | J12: 2.7540223 | K12: 2.8679797 | L12: 2.7770423 | M12: 2.8389893 | N12: 2.0362067 | O12: 1.7769077 | P12: 1.691717 | Q12: 1.3564026 | R12: 1.1230834 | S12: 0.93994112 | T12: 0.76697471 | U12: 0.65390034 | V12: 0.55135129 | W12: 0.39873849 | X12: 0.38751357 | Y12: 0.34132387 | Z12: 2.3949714 | AA12: 1.4873764 | AB12: 0.51663371 | AC12: 1.4663272 | AD12: 1.1330139
A13: CX22 UNIVERSAL | B13: 0.087900461 | C13: 0.087900461 | D13: 0.025989234 | E13: 0 | F13: 0.028192728 | G13: 0.028192728 | H13: 0.094563106 | I13: 0.028192728 | J13: 0.083880082 | K13: 0.083880082 | L13: 0.097899378 | M13: 0.15935689 | N13: 0.17360758 | O13: 0.15570619 | P13: 0.12729621 | Q13: 0.40354715 | R13: 0.37644455 | S13: 0.37957937 | T13: 0.3428498 | U13: 0.25067891 | V13: 0.094319996 | W13: 0.089962167 | X13: 0.054184516 | Y13: 0.025991788 | Z13: 0.091295378 | AA13: 0.26936351 | AB13: 0.14299786 | AC13: 0.16788558 | AD13: 0.1366715
A14: CX24 RADIO 1010 AM | B14: 0 | C14: 0 | D14: 0 | E14: 0 | F14: 0 | G14: 0 | H14: 0 | I14: 0 | J14: 0 | K14: 0.056712679 | L14: 0.056712679 | M14: 0.056712679 | N14: 0 | O14: 0 | P14: 0 | Q14: 0.088005902 | R14: 0.1202012 | S14: 0.1202012 | T14: 0.11998785 | U14: 0.093375984 | V14: 0.04300981 | W14: 0 | X14: 0 | Y14: 0 | Z14: 0.028356339 | AA14: 0.054734717 | AB14: 0.04272894 | AC14: 0.041939999 | AD14: 0.031454999
A15: CX26 RADIO URUGUAY | B15: 0.0899877 | C15: 0.054231754 | D15: 0.0295854 | E15: 0.0295854 | F15: 0 | G15: 0 | H15: 0.096174111 | I15: 0.036141067 | J15: 0.036141067 | K15: 0.036141067 | L15: 0.068541784 | M15: 0.068541784 | N15: 0.068541784 | O15: 0.036141067 | P15: 0.036141067 | Q15: 0.070817913 | R15: 0.070817913 | S15: 0.070817913 | T15: 0.070817913 | U15: 0.036141067 | V15: 0.036141067 | W15: 0.036141067 | X15: 0.036141067 | Y15: 0.066867619 | Z15: 0.056946813 | AA15: 0.05887961 | AB15: 0.047041633 | AC15: 0.054289352 | AD15: 0.049191608
... A31: RATING GENERAL | B31: 1.9622368 | C31: 1.0755154 | D31: 0.63893727 | E31: 0.4314306 | F31: 0.56585073 | G31: 1.7541372 | H31: 5.5413469 | I31: 10.944398 | J31: 18.817387 | K31: 24.486676 | L31: 27.681054 | M31: 27.789833 | N31: 23.598699 | O31: 21.649729 | P31: 21.111449 | Q31: 22.78996 | R31: 21.07583 | S31: 18.991878 | T31: 16.843426 | U31: 11.894757 | V31: 9.3230744 | W31: 7.906439 | X31: 5.1728354 | Y31: 3.6968199 | Z31: 19.210116 | AA31: 21.536258 | AB31: 9.1395586 | AC31: 16.628644 | AD31: 12.739321
A34: CUADRO 8: RESUMEN DE RATING POR HORA | FM | SABADO A DOMINGO
A35: RADIOS | B35: HORAS | Z35: PROMEDIO
B36: 00:00 - 00:59 | C36: 01:00 - 01:59 | D36: 02:00 - 02:59 | E36: 03:00 - 03:59 | F36: 04:00 - 04:59 | G36: 05:00 - 05:59 | H36: 06:00 - 06:59 | I36: 07:00 - 07:59 | J36: 08:00 - 08:59 | K36: 09:00 - 09:59 | L36: 10:00 - 10:59 | M36: 11:00 - 11:59 | N36: 12:00 - 12:59 | O36: 13:00 - 13:59 | P36: 14:00 - 14:59 | Q36: 15:00 - 15:59 | R36: 16:00 - 16:59 | S36: 17:00 - 17:59 | T36: 18:00 - 18:59 | U36: 19:00 - 19:59 | V36: 20:00 - 20:59 | W36: 21:00 - 21:59 | X36: 22:00 - 22:59 | Y36: 23:00 - 23:59 | Z36: 06:00 - 11:59 | AA36: 12:00 - 17:59 | AB36: 18:00 - 23:59 | AC36: 06:00 - 23:59 | AD36: 00:00 - 24:00
A37: 88.3 LACOSTA | B37: 0 | C37: 0 | D37: 0 | E37: 0 | F37: 0.040658358 | G37: 0 | H37: 0.07165477 | I37: 0 | J37: 0.10128508 | K37: 0.34225387 | L37: 0.57182703 | M37: 0.49565911 | N37: 0.27855659 | O37: 0.33338674 | P37: 0.24646974 | Q37: 0.18793238 | R37: 0.22943152 | S37: 0.33610972 | T37: 0.25259247 | U37: 0.14066964 | V37: 0.13118655 | W37: 0.066716627 | X37: 0.15280538 | Y37: 0 | Z37: 0.26377998 | AA37: 0.26864778 | AB37: 0.12399511 | AC37: 0.21880762 | AD37: 0.16579982
A38: 90.3 OLDIES | B38: 0 | C38: 0 | D38: 0 | E38: 0 | F38: 0 | G38: 0.03337591 | H38: 0.097610937 | I38: 0.52788515 | J38: 0.82037626 | K38: 0.92974983 | L38: 1.0070772 | M38: 1.0830907 | N38: 0.91212846 | O38: 0.95263784 | P38: 0.84854975 | Q38: 0.65417186 | R38: 0.70070044 | S38: 0.53499286 | T38: 0.69831781 | U38: 0.45119271 | V38: 0.33156022 | W38: 0.10830257 | X38: 0.077150231 | Y38: 0.044242624 | Z38: 0.74429835 | AA38: 0.76719687 | AB38: 0.28512769 | AC38: 0.5988743 | AD38: 0.45054639
A39: 91.1 RADIOFUTURA | B39: 0.052910194 | C39: 0.052910194 | D39: 0 | E39: 0 | F39: 0 | G39: 0.033192394 | H39: 0.036475002 | I39: 0 | J39: 0.65861217 | K39: 1.0339304 | L39: 0.88205158 | M39: 0.81890224 | N39: 0.81850568 | O39: 0.77591153 | P39: 0.92102767 | Q39: 1.1102705 | R39: 0.90726862 | S39: 0.82547053 | T39: 0.62401787 | U39: 0.29885257 | V39: 0.31187085 | W39: 0.34414467 | X39: 0.31591919 | Y39: 0.17943701 | Z39: 0.57166189 | AA39: 0.89307575 | AB39: 0.34570703 | AC39: 0.60348156 | AD39: 0.45840337
A40: 91.9 DISNEY | B40: 0.028042824 | C40: 0.028042824 | D40: 0.028042824 | E40: 0.028042824 | F40: 0.061758087 | G40: 0.12139937 | H40: 0.36717792 | I40: 0.72965952 | J40: 0.84489284 | K40: 1.4715363 | L40: 1.9171158 | M40: 1.8718536 | N40: 1.4134451 | O40: 1.2065183 | P40: 1.4235194 | Q40: 1.1690347 | R40: 1.0729188 | S40: 1.1916364 | T40: 1.0551767 | U40: 0.63152652 | V40: 0.55220561 | W40: 0.22381338 | X40: 0.22279906 | Y40: 0.0316322 | Z40: 1.2003727 | AA40: 1.2461788 | AB40: 0.45285891 | AC40: 0.96647013 | AD40: 0.73715796
A41: 92.5 CONCIERTO URBANA | B41: 0.030995255 | C41: 0.030995255 | D41: 0 | E41: 0 | F41: 0 | G41: 0 | H41: 0 | I41: 0.030427002 | J41: 0.027455777 | K41: 0.075380218 | L41: 0.056548821 | M41: 0.056548821 | N41: 0.10844169 | O41: 0.10844169 | P41: 0.14893622 | Q41: 0.1425656 | R41: 0.18680822 | S41: 0.13601453 | T41: 0.094683642 | U41: 0 | V41: 0.039380856 | W41: 0.039380856 | X41: 0 | Y41: 0 | Z41: 0.041060107 | AA41: 0.13853466 | AB41: 0.028907559 | AC41: 0.069500775 | AD41: 0.054708519
A42: 93.1 INOLVIDABLE | B42: 0 | C42: 0 | D42: 0 | E42: 0 | F42: 0 | G42: 0.028914766 | H42: 0.22938022 | I42: 0.34573933 | J42: 1.0061512 | K42: 1.3346594 | L42: 1.4910053 | M42: 1.7788163 | N42: 1.7757846 | O42: 2.0848352 | P42: 1.94539 | Q42: 1.7810032 | R42: 1.7782634 | S42: 1.3386523 | T42: 1.2646895 | U42: 0.97604416 | V42: 0.88652878 | W42: 0.88132395 | X42: 0.42630142 | Y42: 0.2499232 | Z42: 1.0309586 | AA42: 1.7839881 | AB42: 0.78080183 | AC42: 1.1985829 | AD42: 0.90014193
A43: 93.9 OCEANO | B43: 0.045882491 | C43: 0.028042824 | D43: 0 | E43: 0 | F43: 0 | G43: 0 | H43: 0.086789956 | I43: 0.23334973 | J43: 0.63825652 | K43: 0.76328517 | L43: 0.88750258 | M43: 1.0621552 | N43: 1.1914573 | O43: 0.91375707 | P43: 0.82836596 | Q43: 0.6265677 | R43: 0.63823154 | S43: 0.51044824 | T43: 0.41905611 | U43: 0.15682621 | V43: 0.16307112 | W43: 0.11917364 | X43: 0.031408574 | Y43: 0.031408574 | Z43: 0.61188985 | AA43: 0.78480464 | AB43: 0.1534907 | AC43: 0.5167284 | AD43: 0.39062652
A44: 94.7 E. DEL SUR | B44: 0 | C44: 0 | D44: 0 | E44: 0 | F44: 0 | G44: 0 | H44: 0 | I44: 0.029785674 | J44: 0.029785674 | K44: 0.031555722 | L44: 0.10863347 | M44: 0.13749983 | N44: 0.07792212 | O44: 0.07792212 | P44: 0.11868703 | Q44: 0.11868703 | R44: 0.060737485 | S44: 0.031555722 | T44: 0.031555722 | U44: 0.17027323 | V44: 0.11220249 | W44: 0.030711351 | X44: 0.030711351 | Y44: 0.030711351 | Z44: 0.056210062 | AA44: 0.080918586 | AB44: 0.06769425 | AC44: 0.068274299 | AD44: 0.051205724
A45: 95.5 DEL PLATA | B45: 0.030349617 | C45: 0.030349617 | D45: 0 | E45: 0 | F45: 0.029553311 | G45: 0.029553311 | H45: 0.029553311 | I45: 0.16977215 | J45: 0.48900762 | K45: 0.71040555 | L45: 0.82056173 | M45: 1.0345931 | N45: 1.0508005 | O45: 0.82268862 | P45: 0.84416684 | Q45: 0.85569324 | R45: 0.76136033 | S45: 0.86635224 | T45: 0.71197277 | U45: 0.59789377 | V45: 0.28607318 | W45: 0.17398335 | X45: 0.058579744 | Y45: 0.029124477 | Z45: 0.54231558 | AA45: 0.86684363 | AB45: 0.30960455 | AC45: 0.57292125 | AD45: 0.43468285
A46: 96.3 ALFA | B46: 0 | C46: 0 | D46: 0 | E46: 0 | F46: 0 | G46: 0 | H46: 0.035446551 | I46: 0.035446551 | J46: 0.065754838 | K46: 0.12297012 | L46: 0.14300585 | M46: 0.1075593 | N46: 0.087523565 | O46: 0.05934715 | P46: 0.05934715 | Q46: 0.030308288 | R46: 0.030308288 | S46: 0.030308288 | T46: 0.030711351 | U46: 0.030711351 | V46: 0 | W46: 0 | X46: 0 | Y46: 0 | Z46: 0.085030536 | AA46: 0.049523788 | AB46: 0.010237117 | AC46: 0.048263814 | AD46: 0.03619786
A47: 97.1 BABEL | B47: 0 | C47: 0.027114011 | D47: 0 | E47: 0 | F47: 0 | G47: 0.027114011 | H47: 0 | I47: 0.062805365 | J47: 0.062805365 | K47: 0.36928809 | L47: 0.61278697 | M47: 0.56691409 | N47: 0.53849911 | O47: 0.42439493 | P47: 0.41461389 | Q47: 0.30025244 | R47: 0.26622733 | S47: 0.22301435 | T47: 0.25439396 | U47: 0.23257082 | V47: 0.16215717 | W47: 0.051313799 | X47: 0 | Y47: 0.027114011 | Z47: 0.27909998 | AA47: 0.36116701 | AB47: 0.12125829 | AC47: 0.25384176 | AD47: 0.19264082
A48: 97.9 M24 | B48: 0 | C48: 0 | D48: 0 | E48: 0 | F48: 0 | G48: 0 | H48: 0 | I48: 0.085640009 | J48: 0.17607861 | K48: 0.34243987 | L48: 0.34243987 | M48: 0.40124042 | N48: 0.2916376 | O48: 0.29822701 | P48: 0.36111603 | Q48: 0.32015509 | R48: 0.29744859 | S48: 0.25726607 | T48: 0.31227258 | U48: 0.2196814 | V48: 0.12826002 | W48: 0.1491536 | X48: 0.1491536 | Y48: 0.20648772 | Z48: 0.2246398 | AA48: 0.3043084 | AB48: 0.19416815 | AC48: 0.24103878 | AD48: 0.18077909
... A64: RATING GENERAL | B64: 1.9622368 | C64: 1.0755154 | D64: 0.63893727 | E64: 0.4314306 | F64: 0.56585073 | G64: 1.7541372 | H64: 5.5413469 | I64: 10.944398 | J64: 18.817387 | K64: 24.486676 | L64: 27.681054 | M64: 27.789833 | N64: 23.598699 | O64: 21.649729 | P64: 21.111449 | Q64: 22.78996 | R64: 21.07583 | S64: 18.991878 | T64: 16.843426 | U64: 11.894757 | V64: 9.3230744 | W64: 7.906439 | X64: 5.1728354 | Y64: 3.6968199 | Z64: 19.210116 | AA64: 21.536258 | AB64: 9.1395586 | AC64: 16.628644 | AD64: 12.739321

Sheet RatxLDxABC1
A1: CUADRO 9: RESUMEN DE RATING POR HORA - SEGMENTO ABC1 | AM | LUNES A DOMINGO
A2: RADIOS | B2: HORAS | Z2: PROMEDIO
B3: 00:00 - 00:59 | C3: 01:00 - 01:59 | D3: 02:00 - 02:59 | E3: 03:00 - 03:59 | F3: 04:00 - 04:59 | G3: 05:00 - 05:59 | H3: 06:00 - 06:59 | I3: 07:00 - 07:59 | J3: 08:00 - 08:59 | K3: 09:00 - 09:59 | L3: 10:00 - 10:59 | M3: 11:00 - 11:59 | N3: 12:00 - 12:59 | O3: 13:00 - 13:59 | P3: 14:00 - 14:59 | Q3: 15:00 - 15:59 | R3: 16:00 - 16:59 | S3: 17:00 - 17:59 | T3: 18:00 - 18:59 | U3: 19:00 - 19:59 | V3: 20:00 - 20:59 | W3: 21:00 - 21:59 | X3: 22:00 - 22:59 | Y3: 23:00 - 23:59 | Z3: 06:00 - 11:59 | AA3: 12:00 - 17:59 | AB3: 18:00 - 23:59 | AC3: 06:00 - 23:59 | AD3: 00:00 - 24:00
A4: CX4 RURAL | B4: 0 | C4: 0 | D4: 0 | E4: 0 | F4: 0 | G4: 0.10286607 | H4: 0.2202273 | I4: 0.041922816 | J4: 0.11426514 | K4: 0.11426514 | L4: 0.11426514 | M4: 0.12545472 | N4: 0.12545472 | O4: 0 | P4: 0.077111147 | Q4: 0.085036018 | R4: 0 | S4: 0 | T4: 0 | U4: 0 | V4: 0 | W4: 0 | X4: 0 | Y4: 0 | Z4: 0.12173338 | AA4: 0.047933647 | AB4: 0 | AC4: 0.056555674 | AD4: 0.046702842
A5: CX6 CLÁSICA | B5: 0 | C5: 0 | D5: 0 | E5: 0 | F5: 0 | G5: 0 | H5: 0 | I5: 0.061268895 | J5: 0.10622479 | K5: 0.14759312 | L5: 0.15929471 | M5: 0.10618231 | N5: 0 | O5: 0 | P5: 0 | Q5: 0 | R5: 0 | S5: 0 | T5: 0 | U5: 0 | V5: 0 | W5: 0 | X5: 0 | Y5: 0 | Z5: 0.096760636 | AA5: 0 | AB5: 0 | AC5: 0.032253545 | AD5: 0.024190159
A6: CX8 SARANDI | B6: 0.19322505 | C6: 0.19322505 | D6: 0.19322505 | E6: 0.19322505 | F6: 0.19322505 | G6: 0.45273028 | H6: 1.9254234 | I6: 2.9156934 | J6: 4.352831 | K6: 4.2821684 | L6: 3.8425091 | M6: 2.7815099 | N6: 1.5177621 | O6: 1.2935807 | P6: 1.4562233 | Q6: 1.7394561 | R6: 1.7394561 | S6: 1.2719643 | T6: 1.4336934 | U6: 0.13173087 | V6: 0.055541427 | W6: 0 | X6: 0 | Y6: 0 | Z6: 3.3500225 | AA6: 1.5030738 | AB6: 0.27016096 | AC6: 1.7077524 | AD6: 1.3399333
A7: CX10 CONTINENTE | B7: 0.047166001 | C7: 0 | D7: 0 | E7: 0 | F7: 0 | G7: 0 | H7: 0 | I7: 0 | J7: 0 | K7: 0.10398122 | L7: 0.18878626 | M7: 0.23595226 | N7: 0.11276864 | O7: 0.088598855 | P7: 0.035360465 | Q7: 0.035360465 | R7: 0.035360465 | S7: 0.082526466 | T7: 0.035360465 | U7: 0 | V7: 0 | W7: 0 | X7: 0.052981554 | Y7: 0.047166001 | Z7: 0.088119956 | AA7: 0.064995893 | AB7: 0.02258467 | AC7: 0.058566839 | AD7: 0.04589038
A8: CX12 ORIENTAL | B8: 0.080784877 | C8: 0.080784877 | D8: 0 | E8: 0 | F8: 0 | G8: 0.042686901 | H8: 0.10949956 | I8: 0.31485217 | J8: 0.36901638 | K8: 0.37184793 | L8: 0.35735007 | M8: 0.40327011 | N8: 0.15577795 | O8: 0.15577795 | P8: 0.079316107 | Q8: 0.23991143 | R8: 0.23991143 | S8: 0.23991143 | T8: 0 | U8: 0 | V8: 0 | W8: 0.13132242 | X8: 0.10385991 | Y8: 0.23984575 | Z8: 0.3209727 | AA8: 0.18510105 | AB8: 0.079171347 | AC8: 0.1950817 | AD8: 0.15482197
A9: CX14 EL ESPECTADOR | B9: 0 | C9: 0 | D9: 0 | E9: 0 | F9: 0 | G9: 0 | H9: 0.080743135 | I9: 0.1866825 | J9: 0.613928 | K9: 0.56895736 | L9: 1.5151194 | M9: 1.5869775 | N9: 0.92618804 | O9: 0.48406104 | P9: 0.093747002 | Q9: 0.28923834 | R9: 0.45990163 | S9: 0.58159329 | T9: 0.036886617 | U9: 0 | V9: 0.077076484 | W9: 0 | X9: 0 | Y9: 0 | Z9: 0.75873465 | AA9: 0.47245489 | AB9: 0.01899385 | AC9: 0.4167278 | AD9: 0.31254585
A10: CX16 CARVE | B10: 0 | C10: 0.047166001 | D10: 0 | E10: 0 | F10: 0 | G10: 0.032341184 | H10: 0.22556624 | I10: 0.51490916 | J10: 0.56207517 | K10: 0.78335782 | L10: 0.70653134 | M10: 0.51330629 | N10: 0.5630648 | O10: 0.36652933 | P10: 0.042742036 | Q10: 0.098541236 | R10: 0.14570724 | S10: 0.055799201 | T10: 0 | U10: 0 | V10: 0.1330997 | W10: 0.0859337 | X10: 0.0859337 | Y10: 0 | Z10: 0.55095767 | AA10: 0.21206397 | AB10: 0.05082785 | AC10: 0.27128316 | AD10: 0.20677517
A11: CX18 SPORT 890 | B11: 0 | C11: 0 | D11: 0.041628867 | E11: 0.041628867 | F11: 0 | G11: 0 | H11: 0.29769449 | I11: 0.29769449 | J11: 0.31077888 | K11: 0.24889195 | L11: 0.5023959 | M11: 0.71427538 | N11: 1.1742418 | O11: 0.83791292 | P11: 0.92707677 | Q11: 0.64709464 | R11: 0.51780743 | S11: 0.50275019 | T11: 0.32074182 | U11: 0.093172313 | V11: 0.054843708 | W11: 0 | X11: 0 | Y11: 0 | Z11: 0.39528852 | AA11: 0.76781396 | AB11: 0.078126307 | AC11: 0.41374293 | AD11: 0.31377627
A12: CX20 MONTECARLO | B12: 0 | C12: 0 | D12: 0 | E12: 0 | F12: 0.22202808 | G12: 0.38284189 | H12: 1.1199197 | I12: 2.0013814 | J12: 1.211719 | K12: 1.3751361 | L12: 1.5995742 | M12: 1.7574807 | N12: 1.6114078 | O12: 1.3535492 | P12: 1.0404373 | Q12: 0.98849414 | R12: 0.53885488 | S12: 0.36218518 | T12: 0.38516634 | U12: 0.32087039 | V12: 0.35961147 | W12: 0.085573351 | X12: 0.12609993 | Y12: 0.27263017 | Z12: 1.5108685 | AA12: 0.98248809 | AB12: 0.25832528 | AC12: 0.91722729 | AD12: 0.71312339
A13: CX22 UNIVERSAL | B13: 0.388864 | C13: 0.388864 | D13: 0 | E13: 0 | F13: 0 | G13: 0 | H13: 0 | I13: 0 | J13: 0.055192686 | K13: 0 | L13: 0 | M13: 0.059344671 | N13: 0.059344671 | O13: 0.060746403 | P13: 0.056588372 | Q13: 0.056588372 | R13: 0 | S13: 0.034925623 | T13: 0.034925623 | U13: 0.066812654 | V13: 0 | W13: 0 | X13: 0 | Y13: 0.039508446 | Z13: 0.019089559 | AA13: 0.044698907 | AB13: 0.02354112 | AC13: 0.029109862 | AD13: 0.05423773
A14: CX24 RADIO 1010 AM | B14: 0 | C14: 0 | D14: 0 | E14: 0 | F14: 0 | G14: 0 | H14: 0 | I14: 0 | J14: 0 | K14: 0 | L14: 0 | M14: 0 | N14: 0 | O14: 0 | P14: 0.056655547 | Q14: 0.28960823 | R14: 0.28960823 | S14: 0 | T14: 0 | U14: 0.060573387 | V14: 0.060573387 | W14: 0 | X14: 0 | Y14: 0 | Z14: 0 | AA14: 0.10597867 | AB14: 0.020191129 | AC14: 0.042056599 | AD14: 0.031542449
A15: CX26 RADIO URUGUAY | B15: 0.15439187 | C15: 0.15439187 | D15: 0.15439187 | E15: 0.15439187 | F15: 0 | G15: 0 | H15: 0 | I15: 0.096602747 | J15: 0.096602747 | K15: 0.29753271 | L15: 0.37699031 | M15: 0.079457595 | N15: 0.079457595 | O15: 0.19394665 | P15: 0.37481321 | Q15: 0.41644208 | R15: 0.41644208 | S15: 0.37972276 | T15: 0.041628867 | U15: 0 | V15: 0 | W15: 0 | X15: 0.29753271 | Y15: 0.38809997 | Z15: 0.15786435 | AA15: 0.3101374 | AB15: 0.12121026 | AC15: 0.196404 | AD15: 0.17303498
... A31: RATING GENERAL | B31: 1.3009242 | C31: 1.3825349 | D31: 0.70926897 | E31: 0.86098977 | F31: 0.91311436 | G31: 1.9988827 | H31: 7.8996562 | I31: 15.558743 | J31: 26.436106 | K31: 36.153754 | L31: 40.139033 | M31: 38.706663 | N31: 31.821054 | O31: 28.526937 | P31: 27.393035 | Q31: 29.107344 | R31: 28.521533 | S31: 24.740896 | T31: 20.573514 | U31: 11.966725 | V31: 7.0042992 | W31: 4.1113212 | X31: 2.7611735 | Y31: 1.8404868 | Z31: 27.482326 | AA31: 28.3518 | AB31: 8.04292 | AC31: 21.292349 | AD31: 16.267833
A34: CUADRO 10: RESUMEN DE RATING POR HORA - SEGMENTO ABC1 | FM | LUNES A DOMINGO
A35: RADIOS | B35: HORAS | Z35: PROMEDIO
B36: 00:00 - 00:59 | C36: 01:00 - 01:59 | D36: 02:00 - 02:59 | E36: 03:00 - 03:59 | F36: 04:00 - 04:59 | G36: 05:00 - 05:59 | H36: 06:00 - 06:59 | I36: 07:00 - 07:59 | J36: 08:00 - 08:59 | K36: 09:00 - 09:59 | L36: 10:00 - 10:59 | M36: 11:00 - 11:59 | N36: 12:00 - 12:59 | O36: 13:00 - 13:59 | P36: 14:00 - 14:59 | Q36: 15:00 - 15:59 | R36: 16:00 - 16:59 | S36: 17:00 - 17:59 | T36: 18:00 - 18:59 | U36: 19:00 - 19:59 | V36: 20:00 - 20:59 | W36: 21:00 - 21:59 | X36: 22:00 - 22:59 | Y36: 23:00 - 23:59 | Z36: 06:00 - 11:59 | AA36: 12:00 - 17:59 | AB36: 18:00 - 23:59 | AC36: 06:00 - 23:59 | AD36: 00:00 - 24:00
A37: 88.3 LACOSTA | B37: 0 | C37: 0 | D37: 0 | E37: 0 | F37: 0 | G37: 0 | H37: 0 | I37: 0 | J37: 0.51980712 | K37: 0.89307713 | L37: 1.4976254 | M37: 1.2784391 | N37: 1.0056908 | O37: 0.85275158 | P37: 0.60817545 | Q37: 0.62264005 | R37: 0.62309257 | S37: 0.65240354 | T37: 0.52363863 | U37: 0.15565824 | V37: 0 | W37: 0.1230738 | X37: 0.39809289 | Y37: 0 | Z37: 0.69815811 | AA37: 0.727459 | AB37: 0.20007726 | AC37: 0.54189812 | AD37: 0.40642359
A38: 90.3 OLDIES | B38: 0 | C38: 0 | D38: 0 | E38: 0 | F38: 0 | G38: 0 | H38: 0 | I38: 0.26096849 | J38: 0.81064529 | K38: 1.5658811 | L38: 1.6713719 | M38: 1.5392278 | N38: 1.7630474 | O38: 1.7626178 | P38: 1.2998629 | Q38: 1.2902726 | R38: 1.3127655 | S38: 1.245162 | T38: 1.7598674 | U38: 1.3173311 | V38: 0.96320751 | W38: 0.35941742 | X38: 0.053112393 | Y38: 0.053112393 | Z38: 0.97468243 | AA38: 1.4456214 | AB38: 0.75100803 | AC38: 1.0571039 | AD38: 0.79282796
A39: 91.1 RADIOFUTURA | B39: 0.06351764 | C39: 0.06351764 | D39: 0 | E39: 0 | F39: 0 | G39: 0 | H39: 0.075745955 | I39: 0.23901137 | J39: 1.1147609 | K39: 1.4880515 | L39: 1.2230814 | M39: 0.99497388 | N39: 0.76973704 | O39: 0.77611895 | P39: 0.84073593 | Q39: 0.99032529 | R39: 1.1990898 | S39: 0.97741788 | T39: 0.78509347 | U39: 0.69965144 | V39: 0.56174561 | W39: 0.38665175 | X39: 0.42197119 | Y39: 0.13063593 | Z39: 0.8559375 | AA39: 0.92557082 | AB39: 0.4976249 | AC39: 0.75971107 | AD39: 0.57507644
A40: 91.9 DISNEY | B40: 0 | C40: 0 | D40: 0 | E40: 0 | F40: 0 | G40: 0 | H40: 0.067132179 | I40: 0.81475321 | J40: 1.1801163 | K40: 1.9361775 | L40: 2.5294151 | M40: 2.7374683 | N40: 2.5676906 | O40: 2.3726259 | P40: 2.4886614 | Q40: 1.534546 | R40: 1.944314 | S40: 2.0123592 | T40: 1.8124808 | U40: 1.2815775 | V40: 0.45563596 | W40: 0.22125023 | X40: 0.17843286 | Y40: 0.03797383 | Z40: 1.5441771 | AA40: 2.1533662 | AB40: 0.66455854 | AC40: 1.4540339 | AD40: 1.0905255
A41: 92.5 CONCIERTO URBANA | B41: 0 | C41: 0 | D41: 0 | E41: 0 | F41: 0 | G41: 0 | H41: 0 | I41: 0.076138999 | J41: 0.058732735 | K41: 0.18538107 | L41: 0.16277435 | M41: 0.16277435 | N41: 0.3784719 | O41: 0.3784719 | P41: 0.44693244 | Q41: 0.46679054 | R41: 0.3945554 | S41: 0.1942147 | T41: 0.38843382 | U41: 0.097048472 | V41: 0.11743364 | W41: 0.11743364 | X41: 0 | Y41: 0 | Z41: 0.10763358 | AA41: 0.37657281 | AB41: 0.12005826 | AC41: 0.20142155 | AD41: 0.15106616
A42: 93.1 INOLVIDABLE | B42: 0 | C42: 0 | D42: 0 | E42: 0 | F42: 0 | G42: 0.22154584 | H42: 0.22154584 | I42: 0.4278372 | J42: 0.55558111 | K42: 0.64785676 | L42: 1.03939 | M42: 1.15019 | N42: 0.86886146 | O42: 0.95628899 | P42: 0.81258734 | Q42: 0.76308274 | R42: 0.67838549 | S42: 0.65457192 | T42: 0.39625633 | U42: 0.28427588 | V42: 0.18610809 | W42: 0.15668639 | X42: 0 | Y42: 0 | Z42: 0.67373348 | AA42: 0.78896299 | AB42: 0.17055445 | AC42: 0.54441697 | AD42: 0.41754381
A43: 93.9 OCEANO | B43: 0 | C43: 0 | D43: 0 | E43: 0 | F43: 0 | G43: 0 | H43: 0.040015728 | I43: 0.37212068 | J43: 1.5425483 | K43: 2.1870751 | L43: 2.345486 | M43: 2.0575061 | N43: 1.8873214 | O43: 1.604218 | P43: 1.5034237 | Q43: 1.3969648 | R43: 1.2611897 | S43: 0.76987353 | T43: 0.61484821 | U43: 0.38550139 | V43: 0.2190923 | W43: 0.10536022 | X43: 0.043152341 | Y43: 0 | Z43: 1.4241253 | AA43: 1.4038319 | AB43: 0.22799241 | AC43: 1.0186499 | AD43: 0.7639874
A44: 94.7 E. DEL SUR | B44: 0 | C44: 0 | D44: 0 | E44: 0 | F44: 0 | G44: 0 | H44: 0 | I44: 0.057576599 | J44: 0.30961886 | K44: 0.37926307 | L44: 0.43492501 | M44: 0.43492501 | N44: 0.12530615 | O44: 0.093543962 | P44: 0.21784249 | Q44: 0.21784249 | R44: 0.13179748 | S44: 0.15407996 | T44: 0.14830944 | U44: 0.24613793 | V44: 0.15081005 | W44: 0 | X44: 0 | Y44: 0 | Z44: 0.26938476 | AA44: 0.15673542 | AB44: 0.090876237 | AC44: 0.17233214 | AD44: 0.1292491
A45: 95.5 DEL PLATA | B45: 0 | C45: 0.20535261 | D45: 0.20535261 | E45: 0.20535261 | F45: 0.20535261 | G45: 0 | H45: 0.13649684 | I45: 0.76255062 | J45: 0.87520309 | K45: 1.2325447 | L45: 1.2792242 | M45: 1.800719 | N45: 2.1063434 | O45: 2.0046243 | P45: 1.8382861 | Q45: 1.6851357 | R45: 1.5221771 | S45: 1.523862 | T45: 1.4178373 | U45: 1.1641205 | V45: 0.74545472 | W45: 0.34388784 | X45: 0.12169075 | Y45: 0 | Z45: 1.0144564 | AA45: 1.7800714 | AB45: 0.6321652 | AC45: 1.142231 | AD45: 0.89089869
A46: 96.3 ALFA | B46: 0 | C46: 0 | D46: 0 | E46: 0 | F46: 0 | G46: 0 | H46: 0 | I46: 0 | J46: 0 | K46: 0.2000649 | L46: 0.24272006 | M46: 0.10913522 | N46: 0.10913522 | O46: 0.10913522 | P46: 0.10913522 | Q46: 0.10913522 | R46: 0.10913522 | S46: 0.10913522 | T46: 0.24922303 | U46: 0.18274297 | V46: 0.19589144 | W46: 0.075163815 | X46: 0.075163815 | Y46: 0 | Z46: 0.091986697 | AA46: 0.10913522 | AB46: 0.12969751 | AC46: 0.11027314 | AD46: 0.082704857
A47: 97.1 BABEL | B47: 0 | C47: 0 | D47: 0 | E47: 0 | F47: 0 | G47: 0 | H47: 0.04282131 | I47: 0.27073364 | J47: 0.35569864 | K47: 0.6629489 | L47: 1.0327184 | M47: 1.0103636 | N47: 1.0373184 | O47: 0.88190752 | P47: 0.80906428 | Q47: 1.162332 | R47: 1.0027614 | S47: 0.78080428 | T47: 0.44430511 | U47: 0.5328804 | V47: 0.2421308 | W47: 0.2421308 | X47: 0.15627217 | Y47: 0.081108354 | Z47: 0.56254742 | AA47: 0.94569797 | AB47: 0.28313794 | AC47: 0.59712778 | AD47: 0.44784583
A48: 97.9 M24 | B48: 0 | C48: 0 | D48: 0 | E48: 0 | F48: 0 | G48: 0 | H48: 0 | I48: 0.044990545 | J48: 0.14213131 | K48: 0.097140765 | L48: 0.23316494 | M48: 0.34590827 | N48: 0.17341137 | O48: 0 | P48: 0.101555 | Q48: 0.050634282 | R48: 0.30383465 | S48: 0 | T48: 0 | U48: 0 | V48: 0 | W48: 0 | X48: 0 | Y48: 0 | Z48: 0.1438893 | AA48: 0.10490588 | AB48: 0 | AC48: 0.082931729 | AD48: 0.062198797
... A64: RATING GENERAL | B64: 1.3009242 | C64: 1.3825349 | D64: 0.70926897 | E64: 0.86098977 | F64: 0.91311436 | G64: 1.9988827 | H64: 7.8996562 | I64: 15.558743 | J64: 26.436106 | K64: 36.153754 | L64: 40.139033 | M64: 38.706663 | N64: 31.821054 | O64: 28.526937 | P64: 27.393035 | Q64: 29.107344 | R64: 28.521533 | S64: 24.740896 | T64: 20.573514 | U64: 11.966725 | V64: 7.0042992 | W64: 4.1113212 | X64: 2.7611735 | Y64: 1.8404868 | Z64: 27.482326 | AA64: 28.3518 | AB64: 8.04292 | AC64: 21.292349 | AD64: 16.267833

Sheet RatxLVxABC1
A1: CUADRO 11: RESUMEN DE RATING POR HORA - SEGMENTO ABC1 | AM | LUNES A VIERNES
A2: RADIOS | B2: HORAS | Z2: PROMEDIO
B3: 00:00 - 00:59 | C3: 01:00 - 01:59 | D3: 02:00 - 02:59 | E3: 03:00 - 03:59 | F3: 04:00 - 04:59 | G3: 05:00 - 05:59 | H3: 06:00 - 06:59 | I3: 07:00 - 07:59 | J3: 08:00 - 08:59 | K3: 09:00 - 09:59 | L3: 10:00 - 10:59 | M3: 11:00 - 11:59 | N3: 12:00 - 12:59 | O3: 13:00 - 13:59 | P3: 14:00 - 14:59 | Q3: 15:00 - 15:59 | R3: 16:00 - 16:59 | S3: 17:00 - 17:59 | T3: 18:00 - 18:59 | U3: 19:00 - 19:59 | V3: 20:00 - 20:59 | W3: 21:00 - 21:59 | X3: 22:00 - 22:59 | Y3: 23:00 - 23:59 | Z3: 06:00 - 11:59 | AA3: 12:00 - 17:59 | AB3: 18:00 - 23:59 | AC3: 06:00 - 23:59 | AD3: 00:00 - 24:00
A4: CX4 RURAL | B4: 0 | C4: 0 | D4: 0 | E4: 0 | F4: 0 | G4: 0.1440125 | H4: 0.19703052 | I4: 0.058691943 | J4: 0.058691943 | K4: 0.058691943 | L4: 0.058691943 | M4: 0 | N4: 0 | O4: 0 | P4: 0.10795561 | Q4: 0.11905043 | R4: 0 | S4: 0 | T4: 0 | U4: 0 | V4: 0 | W4: 0 | X4: 0 | Y4: 0 | Z4: 0.071966383 | AA4: 0.037834339 | AB4: 0 | AC4: 0.03660024 | AD4: 0.033450701
A5: CX6 CLÁSICA | B5: 0 | C5: 0 | D5: 0 | E5: 0 | F5: 0 | G5: 0 | H5: 0 | I5: 0.085776453 | J5: 0 | K5: 0.057915661 | L5: 0 | M5: 0 | N5: 0 | O5: 0 | P5: 0 | Q5: 0 | R5: 0 | S5: 0 | T5: 0 | U5: 0 | V5: 0 | W5: 0 | X5: 0 | Y5: 0 | Z5: 0.023948686 | AA5: 0 | AB5: 0 | AC5: 0.0079828952 | AD5: 0.0059871714
A6: CX8 SARANDI | B6: 0.22079171 | C6: 0.22079171 | D6: 0.22079171 | E6: 0.22079171 | F6: 0.22079171 | G6: 0.58409903 | H6: 2.3649199 | I6: 3.1658237 | J6: 4.5447462 | K6: 4.4558301 | L6: 4.1802774 | M6: 3.1283259 | N6: 1.5975488 | O6: 1.3667892 | P6: 1.6126778 | Q6: 1.9130442 | R6: 1.9130442 | S6: 1.456468 | T6: 1.8512112 | U6: 0.13212445 | V6: 0.077757998 | W6: 0 | X6: 0 | Y6: 0 | Z6: 3.6399872 | AA6: 1.643262 | AB6: 0.34351561 | AC6: 1.8755883 | AD6: 1.4770269
A7: CX10 CONTINENTE | B7: 0.066032401 | C7: 0 | D7: 0 | E7: 0 | F7: 0 | G7: 0 | H7: 0 | I7: 0 | J7: 0 | K7: 0 | L7: 0.11872706 | M7: 0.18475946 | N7: 0.055456781 | O7: 0.074533746 | P7: 0 | Q7: 0 | R7: 0 | S7: 0.066032401 | T7: 0 | U7: 0 | V7: 0 | W7: 0 | X7: 0.074174176 | Y7: 0.066032401 | Z7: 0.050581087 | AA7: 0.032670488 | AB7: 0.023367763 | AC7: 0.035539779 | AD7: 0.029406185
A8: CX12 ORIENTAL | B8: 0.060805824 | C8: 0.060805824 | D8: 0 | E8: 0 | F8: 0 | G8: 0.059761662 | H8: 0.15329938 | I8: 0.44079304 | J8: 0.51662293 | K8: 0.46755227 | L8: 0.38429251 | M8: 0.39653219 | N8: 0.069433888 | O8: 0.069433888 | P8: 0.11104255 | Q8: 0.335876 | R8: 0.335876 | S8: 0.335876 | T8: 0 | U8: 0 | V8: 0 | W8: 0.078199298 | X8: 0.077757998 | Y8: 0.22003325 | Z8: 0.39318205 | AA8: 0.20958972 | AB8: 0.06266509 | AC8: 0.22181229 | AD8: 0.17391644
A9: CX14 EL ESPECTADOR | B9: 0 | C9: 0 | D9: 0 | E9: 0 | F9: 0 | G9: 0 | H9: 0.11304039 | I9: 0.26135551 | J9: 0.70270929 | K9: 0.69088821 | L9: 1.7581323 | M9: 1.8587337 | N9: 1.0909218 | O9: 0.54624185 | P9: 0.1312458 | Q9: 0.35460508 | R9: 0.4894812 | S9: 0.60820827 | T9: 0 | U9: 0 | V9: 0.10790708 | W9: 0 | X9: 0 | Y9: 0 | Z9: 0.89747656 | AA9: 0.53678399 | AB9: 0.017984513 | AC9: 0.48408169 | AD9: 0.36306127
A10: CX16 CARVE | B10: 0 | C10: 0.066032401 | D10: 0 | E10: 0 | F10: 0 | G10: 0.045277658 | H10: 0.26606937 | I10: 0.62164482 | J10: 0.68767722 | K10: 0.89096957 | L10: 0.70911461 | M10: 0.48832291 | N10: 0.68178736 | O10: 0.51314107 | P10: 0.05983885 | Q10: 0.05983885 | R10: 0.12587125 | S10: 0 | T10: 0 | U10: 0 | V10: 0.18633958 | W10: 0.12030718 | X10: 0.12030718 | Y10: 0 | Z10: 0.61063308 | AA10: 0.24007956 | AB10: 0.07115899 | AC10: 0.30729055 | AD10: 0.23510583
A11: CX18 SPORT 890 | B11: 0 | C11: 0 | D11: 0 | E11: 0 | F11: 0 | G11: 0 | H11: 0.31271981 | I11: 0.31271981 | J11: 0.37653913 | K11: 0.28989741 | L11: 0.54075047 | M11: 0.78765837 | N11: 1.539886 | O11: 1.0690256 | P11: 1.0662002 | Q11: 0.57863488 | R11: 0.41619621 | S11: 0.41619621 | T11: 0.34246383 | U11: 0.076781191 | V11: 0.076781191 | W11: 0 | X11: 0 | Y11: 0 | Z11: 0.43671417 | AA11: 0.84768985 | AB11: 0.082671035 | AC11: 0.45569168 | AD11: 0.34176876
A12: CX20 MONTECARLO | B12: 0 | C12: 0 | D12: 0 | E12: 0 | F12: 0.31083932 | G12: 0.48179032 | H12: 1.3284072 | I12: 2.3139494 | J12: 1.4321325 | K12: 1.670716 | L12: 1.9307409 | M12: 2.1518101 | N12: 1.9495186 | O12: 1.5885165 | P12: 1.2332913 | Q12: 1.1672479 | R12: 0.69307682 | S12: 0.33812089 | T12: 0.36000007 | U12: 0.22038824 | V12: 0.28389522 | W12: 0.058482671 | X12: 0.11521989 | Y12: 0.22598849 | Z12: 1.804626 | AA12: 1.1616287 | AB12: 0.21066243 | AC12: 1.0589724 | AD12: 0.82725551
A13: CX22 UNIVERSAL | B13: 0.44035712 | C13: 0.44035712 | D13: 0 | E13: 0 | F13: 0 | G13: 0 | H13: 0 | I13: 0 | J13: 0.07726976 | K13: 0 | L13: 0 | M13: 0.083082539 | N13: 0.083082539 | O13: 0.085044964 | P13: 0 | Q13: 0 | R13: 0 | S13: 0 | T13: 0 | U13: 0.093537716 | V13: 0 | W13: 0 | X13: 0 | Y13: 0.055311824 | Z13: 0.026725383 | AA13: 0.028021251 | AB13: 0.024808257 | AC13: 0.026518297 | AD13: 0.056585149
A14: CX24 RADIO 1010 AM | B14: 0 | C14: 0 | D14: 0 | E14: 0 | F14: 0 | G14: 0 | H14: 0 | I14: 0 | J14: 0 | K14: 0 | L14: 0 | M14: 0 | N14: 0 | O14: 0 | P14: 0.079317766 | Q14: 0.40545152 | R14: 0.40545152 | S14: 0 | T14: 0 | U14: 0.084802741 | V14: 0.084802741 | W14: 0 | X14: 0 | Y14: 0 | Z14: 0 | AA14: 0.14837014 | AB14: 0.02826758 | AC14: 0.058879239 | AD14: 0.044159429
A15: CX26 RADIO URUGUAY | B15: 0.16642526 | C15: 0.16642526 | D15: 0.16642526 | E15: 0.16642526 | F15: 0 | G15: 0 | H15: 0 | I15: 0.13524385 | J15: 0.13524385 | K15: 0.4165458 | L15: 0.47333144 | M15: 0.056785647 | N15: 0.056785647 | O15: 0.27152531 | P15: 0.5247385 | Q15: 0.5247385 | R15: 0.5247385 | S15: 0.47333144 | T15: 0 | U15: 0 | V15: 0 | W15: 0 | X15: 0.4165458 | Y15: 0.49169869 | Z15: 0.20285843 | AA15: 0.39597632 | AB15: 0.15137408 | AC15: 0.25006961 | AD15: 0.21528975
... A31: RATING GENERAL | B31: 1.4223887 | C31: 1.5908319 | D31: 0.83524942 | E31: 0.99642014 | F31: 1.0784227 | G31: 2.3694203 | H31: 9.1561679 | I31: 17.44241 | J31: 29.246809 | K31: 40.419437 | L31: 43.8533 | M31: 42.147484 | N31: 34.798221 | O31: 31.705028 | P31: 30.946861 | Q31: 33.310001 | R31: 32.561851 | S31: 28.311694 | T31: 23.192445 | U31: 13.537893 | V31: 7.8870718 | W31: 4.4477907 | X31: 2.808979 | Y31: 1.982962 | Z31: 30.377601 | AA31: 31.938943 | AB31: 8.9761903 | AC31: 23.764245 | AD31: 18.168714
A33: CUADRO 12: RESUMEN DE RATING POR HORA - SEGMENTO ABC1 | FM | LUNES A VIERNES
A34: RADIOS | B34: HORAS | Z34: PROMEDIO
B35: 00:00 - 00:59 | C35: 01:00 - 01:59 | D35: 02:00 - 02:59 | E35: 03:00 - 03:59 | F35: 04:00 - 04:59 | G35: 05:00 - 05:59 | H35: 06:00 - 06:59 | I35: 07:00 - 07:59 | J35: 08:00 - 08:59 | K35: 09:00 - 09:59 | L35: 10:00 - 10:59 | M35: 11:00 - 11:59 | N35: 12:00 - 12:59 | O35: 13:00 - 13:59 | P35: 14:00 - 14:59 | Q35: 15:00 - 15:59 | R35: 16:00 - 16:59 | S35: 17:00 - 17:59 | T35: 18:00 - 18:59 | U35: 19:00 - 19:59 | V35: 20:00 - 20:59 | W35: 21:00 - 21:59 | X35: 22:00 - 22:59 | Y35: 23:00 - 23:59 | Z35: 06:00 - 11:59 | AA35: 12:00 - 17:59 | AB35: 18:00 - 23:59 | AC35: 06:00 - 23:59 | AD35: 00:00 - 24:00
A36: 88.3 LACOSTA | B36: 0 | C36: 0 | D36: 0 | E36: 0 | F36: 0 | G36: 0 | H36: 0 | I36: 0 | J36: 0.55750294 | K36: 0.96729648 | L36: 1.4092285 | M36: 1.2868455 | N36: 1.1442222 | O36: 0.79879237 | P36: 0.65744714 | Q36: 0.7269362 | R36: 0.65782327 | S36: 0.58833421 | T36: 0.58833421 | U36: 0.21792153 | V36: 0 | W36: 0.17230332 | X36: 0.38276148 | Y36: 0 | Z36: 0.70347891 | AA36: 0.76225923 | AB36: 0.22688676 | AC36: 0.5642083 | AD36: 0.42315622
A37: 90.3 OLDIES | B37: 0 | C37: 0 | D37: 0 | E37: 0 | F37: 0 | G37: 0 | H37: 0 | I37: 0.055311824 | J37: 0.66461039 | K37: 1.6849983 | L37: 1.6739983 | M37: 1.3486835 | N37: 1.7068996 | O37: 1.6327473 | P37: 1.2282751 | Q37: 1.2845953 | R37: 1.2427119 | S37: 1.3061741 | T37: 1.7151146 | U37: 1.3623801 | V37: 0.96248749 | W37: 0.37647016 | X37: 0 | Y37: 0 | Z37: 0.90460038 | AA37: 1.4002339 | AB37: 0.73607539 | AC37: 1.0136366 | AD37: 0.76022742
A38: 91.1 RADIOFUTURA | B38: 0 | C38: 0 | D38: 0 | E38: 0 | F38: 0 | G38: 0 | H38: 0.10604434 | I38: 0.33461592 | J38: 1.2286065 | K38: 1.5734639 | L38: 1.4333185 | M38: 1.2201012 | N38: 0.86497886 | O38: 1.002629 | P38: 1.0930928 | Q38: 1.2135932 | R38: 1.5058636 | S38: 1.1955228 | T38: 0.92626866 | U38: 0.89058733 | V38: 0.69751916 | W38: 0.34625441 | X38: 0.27245316 | Y38: 0.093965605 | Z38: 0.98269172 | AA38: 1.1459467 | AB38: 0.53784139 | AC38: 0.88882661 | AD38: 0.66661996
A39: 91.9 DISNEY | B39: 0 | C39: 0 | D39: 0 | E39: 0 | F39: 0 | G39: 0 | H39: 0.047478838 | I39: 0.77102052 | J39: 1.1139221 | K39: 1.7361011 | L39: 2.3561349 | M39: 2.8126811 | N39: 2.5646088 | O39: 2.5381677 | P39: 2.6646962 | Q39: 1.6847306 | R39: 2.1302861 | S39: 2.3047731 | T39: 1.9812203 | U39: 1.595261 | V39: 0.49848517 | W39: 0.21924102 | X39: 0 | Y39: 0 | Z39: 1.4728897 | AA39: 2.3145438 | AB39: 0.71570125 | AC39: 1.5010449 | AD39: 1.1257837
A40: 92.5 CONCIERTO URBANA | B40: 0 | C40: 0 | D40: 0 | E40: 0 | F40: 0 | G40: 0 | H40: 0 | I40: 0.055456781 | J40: 0.082225829 | K40: 0.17898822 | L40: 0.17898822 | M40: 0.17898822 | N40: 0.34760571 | O40: 0.34760571 | P40: 0.43548647 | Q40: 0.41390072 | R40: 0.23841416 | S40: 0.14864735 | T40: 0.54380735 | U40: 0.13586786 | V40: 0.1644071 | W40: 0.1644071 | X40: 0 | Y40: 0 | Z40: 0.11244121 | AA40: 0.32194335 | AB40: 0.16808157 | AC40: 0.20082204 | AD40: 0.15061653
A41: 93.1 INOLVIDABLE | B41: 0 | C41: 0 | D41: 0 | E41: 0 | F41: 0 | G41: 0.31016417 | H41: 0.31016417 | I41: 0.53327934 | J41: 0.53327934 | K41: 0.61519671 | L41: 0.97645169 | M41: 1.1233724 | N41: 0.68012006 | O41: 0.86383862 | P41: 0.71204879 | Q41: 0.75999554 | R41: 0.70125978 | S41: 0.60793916 | T41: 0.48121221 | U41: 0.32443957 | V41: 0.26055133 | W41: 0.14200496 | X41: 0 | Y41: 0 | Z41: 0.68195728 | AA41: 0.72086699 | AB41: 0.20136801 | AC41: 0.53473076 | AD41: 0.41397158
A42: 93.9 OCEANO | B42: 0 | C42: 0 | D42: 0 | E42: 0 | F42: 0 | G42: 0 | H42: 0 | I42: 0.29512798 | J42: 1.6509117 | K42: 2.4158998 | L42: 2.5571298 | M42: 2.153958 | N42: 1.9375348 | O42: 1.7690635 | P42: 1.6817171 | Q42: 1.709283 | R42: 1.5701854 | S42: 0.88234271 | T42: 0.72355242 | U42: 0.32891601 | V42: 0.085447635 | W42: 0 | X42: 0.060413277 | Y42: 0 | Z42: 1.5121712 | AA42: 1.5916877 | AB42: 0.19972156 | AC42: 1.1011935 | AD42: 0.82589513
A43: 94.7 E. DEL SUR | B43: 0 | C43: 0 | D43: 0 | E43: 0 | F43: 0 | G43: 0 | H43: 0 | I43: 0.080607238 | J43: 0.43346641 | K43: 0.47793347 | L43: 0.47793347 | M43: 0.47793347 | N43: 0.044467061 | O43: 0 | P43: 0.17401793 | Q43: 0.17401793 | R43: 0.13148164 | S43: 0.16267712 | T43: 0.15459838 | U43: 0.15459838 | V43: 0.074174176 | W43: 0 | X43: 0 | Y43: 0 | Z43: 0.32464567 | AA43: 0.11444362 | AB43: 0.063895157 | AC43: 0.16766148 | AD43: 0.12574611
A44: 95.5 DEL PLATA | B44: 0 | C44: 0.28749366 | D44: 0.28749366 | E44: 0.28749366 | F44: 0.28749366 | G44: 0 | H44: 0.19109558 | I44: 1.0139108 | J44: 0.91629272 | K44: 1.4353983 | L44: 1.4476816 | M44: 1.9466854 | N44: 2.4212207 | O44: 2.4374155 | P44: 2.2823393 | Q44: 2.0433878 | R44: 1.8934467 | S44: 1.8176046 | T44: 1.6572851 | U44: 1.4180573 | V44: 0.87250641 | W44: 0.43193833 | X44: 0.1208624 | Y44: 0 | Z44: 1.1585107 | AA44: 2.1492358 | AB44: 0.75010826 | AC44: 1.3526182 | AD44: 1.0623793
A45: 96.3 ALFA | B45: 0 | C45: 0 | D45: 0 | E45: 0 | F45: 0 | G45: 0 | H45: 0 | I45: 0 | J45: 0 | K45: 0.28009086 | L45: 0.33980809 | M45: 0.15278931 | N45: 0.15278931 | O45: 0.15278931 | P45: 0.15278931 | Q45: 0.15278931 | R45: 0.15278931 | S45: 0.15278931 | T45: 0.34891224 | U45: 0.25584016 | V45: 0.27424802 | W45: 0.10522934 | X45: 0.10522934 | Y45: 0 | Z45: 0.12878138 | AA45: 0.15278931 | AB45: 0.18157652 | AC45: 0.1543824 | AD45: 0.1157868
A46: 97.1 BABEL | B46: 0 | C46: 0 | D46: 0 | E46: 0 | F46: 0 | G46: 0 | H46: 0.059949834 | I46: 0.27347186 | J46: 0.39242286 | K46: 0.56654668 | L46: 0.95547113 | M46: 0.92417444 | N46: 0.92900196 | O46: 0.77907261 | P46: 0.81405199 | Q46: 1.2577394 | R46: 1.1398957 | S46: 0.9034537 | T46: 0.37961602 | U46: 0.53706393 | V46: 0.28809572 | W46: 0.28809572 | X46: 0.21878104 | Y46: 0.1135517 | Z46: 0.5286728 | AA46: 0.97053589 | AB46: 0.30420069 | AC46: 0.60113646 | AD46: 0.45085235
A47: 97.9 M24 | B47: 0 | C47: 0 | D47: 0 | E47: 0 | F47: 0 | G47: 0 | H47: 0 | I47: 0.062986763 | J47: 0.12462648 | K47: 0.06163972 | L47: 0.25207356 | M47: 0.40991422 | N47: 0.24277592 | O47: 0 | P47: 0.071289001 | Q47: 0 | R47: 0.35783487 | S47: 0 | T47: 0 | U47: 0 | V47: 0 | W47: 0 | X47: 0 | Y47: 0 | Z47: 0.15187346 | AA47: 0.1119833 | AB47: 0 | AC47: 0.087952252 | AD47: 0.065964189
... A63: RATING GENERAL | B63: 1.4223887 | C63: 1.5908319 | D63: 0.83524942 | E63: 0.99642014 | F63: 1.0784227 | G63: 2.3694203 | H63: 9.1561679 | I63: 17.44241 | J63: 29.246809 | K63: 40.419437 | L63: 43.8533 | M63: 42.147484 | N63: 34.798221 | O63: 31.705028 | P63: 30.946861 | Q63: 33.310001 | R63: 32.561851 | S63: 28.311694 | T63: 23.192445 | U63: 13.537893 | V63: 7.8870718 | W63: 4.4477907 | X63: 2.808979 | Y63: 1.982962 | Z63: 30.377601 | AA63: 31.938943 | AB63: 8.9761903 | AC63: 23.764245 | AD63: 18.168714

Sheet RatxSDxABC1
A1: CUADRO 13: RESUMEN DE RATING POR HORA - SEGMENTO ABC1 | AM | SABADO A DOMINGO
A2: RADIOS | B2: HORAS | Z2: PROMEDIO
B3: 00:00 - 00:59 | C3: 01:00 - 01:59 | D3: 02:00 - 02:59 | E3: 03:00 - 03:59 | F3: 04:00 - 04:59 | G3: 05:00 - 05:59 | H3: 06:00 - 06:59 | I3: 07:00 - 07:59 | J3: 08:00 - 08:59 | K3: 09:00 - 09:59 | L3: 10:00 - 10:59 | M3: 11:00 - 11:59 | N3: 12:00 - 12:59 | O3: 13:00 - 13:59 | P3: 14:00 - 14:59 | Q3: 15:00 - 15:59 | R3: 16:00 - 16:59 | S3: 17:00 - 17:59 | T3: 18:00 - 18:59 | U3: 19:00 - 19:59 | V3: 20:00 - 20:59 | W3: 21:00 - 21:59 | X3: 22:00 - 22:59 | Y3: 23:00 - 23:59 | Z3: 06:00 - 11:59 | AA3: 12:00 - 17:59 | AB3: 18:00 - 23:59 | AC3: 06:00 - 23:59 | AD3: 00:00 - 24:00
A4: CX4 RURAL | B4: 0 | C4: 0 | D4: 0 | E4: 0 | F4: 0 | G4: 0 | H4: 0.27821923 | I4: 0 | J4: 0.25319813 | K4: 0.25319813 | L4: 0.25319813 | M4: 0.43909151 | N4: 0.43909151 | O4: 0 | P4: 0 | Q4: 0 | R4: 0 | S4: 0 | T4: 0 | U4: 0 | V4: 0 | W4: 0 | X4: 0 | Y4: 0 | Z4: 0.24615086 | AA4: 0.073181918 | AB4: 0 | AC4: 0.10644426 | AD4: 0.079833194
A5: CX6 CLÁSICA | B5: 0 | C5: 0 | D5: 0 | E5: 0 | F5: 0 | G5: 0 | H5: 0 | I5: 0 | J5: 0.37178675 | K5: 0.37178675 | L5: 0.55753147 | M5: 0.37163809 | N5: 0 | O5: 0 | P5: 0 | Q5: 0 | R5: 0 | S5: 0 | T5: 0 | U5: 0 | V5: 0 | W5: 0 | X5: 0 | Y5: 0 | Z5: 0.27879051 | AA5: 0 | AB5: 0 | AC5: 0.092930171 | AD5: 0.069697628
A6: CX8 SARANDI | B6: 0.1243084 | C6: 0.1243084 | D6: 0.1243084 | E6: 0.1243084 | F6: 0.1243084 | G6: 0.1243084 | H6: 0.82668216 | I6: 2.2903675 | J6: 3.8730431 | K6: 3.8480142 | L6: 2.9980884 | M6: 1.9144699 | N6: 1.3182953 | O6: 1.1105596 | P6: 1.0650872 | Q6: 1.3054857 | R6: 1.3054857 | S6: 0.81070521 | T6: 0.38989904 | U6: 0.13074693 | V6: 0 | W6: 0 | X6: 0 | Y6: 0 | Z6: 2.6251109 | AA6: 1.1526031 | AB6: 0.086774328 | AC6: 1.2881628 | AD6: 0.99719918
A7: CX10 CONTINENTE | B7: 0 | C7: 0 | D7: 0 | E7: 0 | F7: 0 | G7: 0 | H7: 0 | I7: 0 | J7: 0 | K7: 0.36393425 | L7: 0.36393425 | M7: 0.36393425 | N7: 0.25604829 | O7: 0.12376163 | P7: 0.12376163 | Q7: 0.12376163 | R7: 0.12376163 | S7: 0.12376163 | T7: 0.12376163 | U7: 0 | V7: 0 | W7: 0 | X7: 0 | Y7: 0 | Z7: 0.18196713 | AA7: 0.1458094 | AB7: 0.020626938 | AC7: 0.11613449 | AD7: 0.087100867
A8: CX12 ORIENTAL | B8: 0.13073251 | C8: 0.13073251 | D8: 0 | E8: 0 | F8: 0 | G8: 0 | H8: 0 | I8: 0 | J8: 0 | K8: 0.13258707 | L8: 0.28999396 | M8: 0.42011491 | N8: 0.37163809 | O8: 0.37163809 | P8: 0 | Q8: 0 | R8: 0 | S8: 0 | T8: 0 | U8: 0 | V8: 0 | W8: 0.26413023 | X8: 0.16911468 | Y8: 0.28937702 | Z8: 0.14044932 | AA8: 0.12387936 | AB8: 0.12043699 | AC8: 0.12825523 | AD8: 0.1070858
A9: CX14 EL ESPECTADOR | B9: 0 | C9: 0 | D9: 0 | E9: 0 | F9: 0 | G9: 0 | H9: 0 | I9: 0 | J9: 0.39197478 | K9: 0.26413023 | L9: 0.90758713 | M9: 0.90758713 | N9: 0.51435373 | O9: 0.32860902 | P9: 0 | Q9: 0.1258215 | R9: 0.38595271 | S9: 0.51505587 | T9: 0.12910316 | U9: 0 | V9: 0 | W9: 0 | X9: 0 | Y9: 0 | Z9: 0.41187988 | AA9: 0.31163214 | AB9: 0.021517193 | AC9: 0.24834307 | AD9: 0.1862573
A10: CX16 CARVE | B10: 0 | C10: 0 | D10: 0 | E10: 0 | F10: 0 | G10: 0 | H10: 0.1243084 | I10: 0.24807003 | J10: 0.24807003 | K10: 0.51432845 | L10: 0.70007316 | M10: 0.57576476 | N10: 0.26625842 | O10: 0 | P10: 0 | Q10: 0.1952972 | R10: 0.1952972 | S10: 0.1952972 | T10: 0 | U10: 0 | V10: 0 | W10: 0 | X10: 0 | Y10: 0 | Z10: 0.40176914 | AA10: 0.142025 | AB10: 0 | AC10: 0.18126471 | AD10: 0.13594854
A11: CX18 SPORT 890 | B11: 0 | C11: 0 | D11: 0.14570104 | E11: 0.14570104 | F11: 0 | G11: 0 | H11: 0.26013121 | I11: 0.26013121 | J11: 0.14637827 | K11: 0.14637827 | L11: 0.40650948 | M11: 0.53081788 | N11: 0.26013121 | O11: 0.26013121 | P11: 0.57926831 | Q11: 0.81824405 | R11: 0.77183546 | S11: 0.71913515 | T11: 0.26643679 | U11: 0.13415012 | V11: 0 | W11: 0 | X11: 0 | Y11: 0 | Z11: 0.29172439 | AA11: 0.56812423 | AB11: 0.066764484 | AC11: 0.30887103 | AD11: 0.24379503
A12: CX20 MONTECARLO | B12: 0 | C12: 0 | D12: 0 | E12: 0 | F12: 0 | G12: 0.13547081 | H12: 0.59870082 | I12: 1.2199615 | J12: 0.66068506 | K12: 0.63618657 | L12: 0.77165738 | M12: 0.77165738 | N12: 0.76613103 | O12: 0.76613103 | P12: 0.55830229 | Q12: 0.54160972 | R12: 0.15330005 | S12: 0.42234592 | T12: 0.44808202 | U12: 0.57207576 | V12: 0.54890207 | W12: 0.15330005 | X12: 0.15330005 | Y12: 0.38923437 | Z12: 0.77647479 | AA12: 0.53463667 | AB12: 0.37748239 | AC12: 0.56286462 | AD12: 0.42779308
A13: CX22 UNIVERSAL | B13: 0.26013121 | C13: 0.26013121 | D13: 0 | E13: 0 | F13: 0 | G13: 0 | H13: 0 | I13: 0 | J13: 0 | K13: 0 | L13: 0 | M13: 0 | N13: 0 | O13: 0 | P13: 0.1980593 | Q13: 0.1980593 | R13: 0 | S13: 0.12223968 | T13: 0.12223968 | U13: 0 | V13: 0 | W13: 0 | X13: 0 | Y13: 0 | Z13: 0 | AA13: 0.086393048 | AB13: 0.02037328 | AC13: 0.035588776 | AD13: 0.048369183
A14: CX24 RADIO 1010 AM | B14: 0 | C14: 0 | D14: 0 | E14: 0 | F14: 0 | G14: 0 | H14: 0 | I14: 0 | J14: 0 | K14: 0 | L14: 0 | M14: 0 | N14: 0 | O14: 0 | P14: 0 | Q14: 0 | R14: 0 | S14: 0 | T14: 0 | U14: 0 | V14: 0 | W14: 0 | X14: 0 | Y14: 0 | Z14: 0 | AA14: 0 | AB14: 0 | AC14: 0 | AD14: 0
A15: CX26 RADIO URUGUAY | B15: 0.1243084 | C15: 0.1243084 | D15: 0.1243084 | E15: 0.1243084 | F15: 0 | G15: 0 | H15: 0 | I15: 0 | J15: 0 | K15: 0 | L15: 0.13613747 | M15: 0.13613747 | N15: 0.13613747 | O15: 0 | P15: 0 | Q15: 0.14570104 | R15: 0.14570104 | S15: 0.14570104 | T15: 0.14570104 | U15: 0 | V15: 0 | W15: 0 | X15: 0 | Y15: 0.12910316 | Z15: 0.045379155 | AA15: 0.095540095 | AB15: 0.045800699 | AC15: 0.062239983 | AD15: 0.067398055
... A31: RATING GENERAL | B31: 0.99726308 | C31: 0.63948053 | D31: 0.61662958 | E31: 0.52241385 | F31: 0.49984347 | G31: 1.0725386 | H31: 4.7583767 | I31: 10.849577 | J31: 19.409347 | K31: 25.489544 | L31: 30.853366 | M31: 30.104612 | N31: 24.378137 | O31: 20.58171 | P31: 18.508468 | Q31: 18.600703 | R31: 18.42074 | S31: 15.813902 | T31: 14.026187 | U31: 8.0388042 | V31: 4.7973677 | W31: 3.2701476 | X31: 2.6416598 | Y31: 1.4842989 | Z31: 20.244137 | AA31: 19.383943 | AB31: 5.7097442 | AC31: 15.112608 | AD31: 11.51563
A33: CUADRO 14: RESUMEN DE RATING POR HORA - SEGMENTO ABC1 | FM | SABADO A DOMINGO
A34: RADIOS | B34: HORAS | Z34: PROMEDIO
B35: 00:00 - 00:59 | C35: 01:00 - 01:59 | D35: 02:00 - 02:59 | E35: 03:00 - 03:59 | F35: 04:00 - 04:59 | G35: 05:00 - 05:59 | H35: 06:00 - 06:59 | I35: 07:00 - 07:59 | J35: 08:00 - 08:59 | K35: 09:00 - 09:59 | L35: 10:00 - 10:59 | M35: 11:00 - 11:59 | N35: 12:00 - 12:59 | O35: 13:00 - 13:59 | P35: 14:00 - 14:59 | Q35: 15:00 - 15:59 | R35: 16:00 - 16:59 | S35: 17:00 - 17:59 | T35: 18:00 - 18:59 | U35: 19:00 - 19:59 | V35: 20:00 - 20:59 | W35: 21:00 - 21:59 | X35: 22:00 - 22:59 | Y35: 23:00 - 23:59 | Z35: 06:00 - 11:59 | AA35: 12:00 - 17:59 | AB35: 18:00 - 23:59 | AC35: 06:00 - 23:59 | AD35: 00:00 - 24:00
A36: 88.3 LACOSTA | B36: 0 | C36: 0 | D36: 0 | E36: 0 | F36: 0 | G36: 0 | H36: 0 | I36: 0 | J36: 0.42556755 | K36: 0.70752875 | L36: 1.7186175 | M36: 1.2574228 | N36: 0.65936235 | O36: 0.98764961 | P36: 0.48499622 | Q36: 0.36189969 | R36: 0.53626582 | S36: 0.81257688 | T36: 0.36189969 | U36: 0 | V36: 0 | W36: 0 | X36: 0.43642141 | Y36: 0 | Z36: 0.68485611 | AA36: 0.64045843 | AB36: 0.13305352 | AC36: 0.48612268 | AD36: 0.36459201
A37: 90.3 OLDIES | B37: 0 | C37: 0 | D37: 0 | E37: 0 | F37: 0 | G37: 0 | H37: 0 | I37: 0.77511016 | J37: 1.1757325 | K37: 1.268088 | L37: 1.6648061 | M37: 2.0155886 | N37: 1.903417 | O37: 2.0872941 | P37: 1.4788322 | Q37: 1.3044661 | R37: 1.4878995 | S37: 1.0926315 | T37: 1.8717493 | U37: 1.2047087 | V37: 0.96500755 | W37: 0.31678555 | X37: 0.18589338 | Y37: 0.18589338 | Z37: 1.1498876 | AA37: 1.5590901 | AB37: 0.78833963 | AC37: 1.1657724 | AD37: 0.87432931
A38: 91.1 RADIOFUTURA | B38: 0.22231174 | C38: 0 | D38: 0.22231174 | E38: 0 | F38: 0 | G38: 0 | H38: 0 | I38: 0 | J38: 0.83014685 | K38: 1.2745205 | L38: 0.69748887 | M38: 0.4321555 | N38: 0.53163248 | O38: 0.20984376 | P38: 0.20984376 | Q38: 0.4321555 | R38: 0.4321555 | S38: 0.4321555 | T38: 0.4321555 | U38: 0.22231174 | V38: 0.22231174 | W38: 0.48764511 | X38: 0.79576626 | Y38: 0.22231174 | Z38: 0.53905196 | AA38: 0.37463108 | AB38: 0.39708368 | AC38: 0.43692224 | AD38: 0.34621766
A39: 91.9 DISNEY | B39: 0 | C39: 0 | D39: 0 | E39: 0 | F39: 0 | G39: 0 | H39: 0.11626553 | I39: 0.92408492 | J39: 1.3456018 | K39: 2.4363686 | L39: 2.9626158 | M39: 2.5494366 | N39: 2.5753949 | O39: 1.9587714 | P39: 2.0485746 | Q39: 1.1590847 | R39: 1.4793837 | S39: 1.2813244 | T39: 1.3906319 | U39: 0.49736898 | V39: 0.34851292 | W39: 0.22627324 | X39: 0.62451501 | Y39: 0.1329084 | Z39: 1.7223955 | AA39: 1.7504223 | AB39: 0.53670175 | AC39: 1.3365065 | AD39: 1.0023799
A40: 92.5 CONCIERTO URBANA | B40: 0 | C40: 0 | D40: 0 | E40: 0 | F40: 0 | G40: 0 | H40: 0 | I40: 0.12784454 | J40: 0 | K40: 0.2013632 | L40: 0.12223968 | M40: 0.12223968 | N40: 0.45563736 | O40: 0.45563736 | P40: 0.47554738 | Q40: 0.59901511 | R40: 0.78490848 | S40: 0.30813306 | T40: 0 | U40: 0 | V40: 0 | W40: 0 | X40: 0 | Y40: 0 | Z40: 0.095614517 | AA40: 0.51314646 | AB40: 0 | AC40: 0.20292033 | AD40: 0.15219024
A41: 93.1 INOLVIDABLE | B41: 0 | C41: 0 | D41: 0 | E41: 0 | F41: 0 | G41: 0 | H41: 0 | I41: 0.16423187 | J41: 0.61133554 | K41: 0.72950687 | L41: 1.1967359 | M41: 1.2172338 | N41: 1.340715 | O41: 1.1874149 | P41: 1.0639337 | Q41: 0.77080073 | R41: 0.62119976 | S41: 0.77115384 | T41: 0.18386663 | U41: 0.18386663 | V41: 0 | W41: 0.19338996 | X41: 0 | Y41: 0 | Z41: 0.653174 | AA41: 0.95920299 | AB41: 0.093520538 | AC41: 0.56863251 | AD41: 0.42647438
A42: 93.9 OCEANO | B42: 0 | C42: 0 | D42: 0 | E42: 0 | F42: 0 | G42: 0 | H42: 0.14005505 | I42: 0.56460242 | J42: 1.2716398 | K42: 1.6150133 | L42: 1.8163765 | M42: 1.8163765 | N42: 1.7617878 | O42: 1.1921043 | P42: 1.0576903 | Q42: 0.61616932 | R42: 0.48870059 | S42: 0.48870059 | T42: 0.3430877 | U42: 0.52696485 | V42: 0.55320396 | W42: 0.36876076 | X42: 0 | Y42: 0 | Z42: 1.2040106 | AA42: 0.93419213 | AB42: 0.29866955 | AC42: 0.81229076 | AD42: 0.60921807
A43: 94.7 E. DEL SUR | B43: 0 | C43: 0 | D43: 0 | E43: 0 | F43: 0 | G43: 0 | H43: 0 | I43: 0 | J43: 0 | K43: 0.13258707 | L43: 0.32740387 | M43: 0.32740387 | N43: 0.32740387 | O43: 0.32740387 | P43: 0.32740387 | Q43: 0.32740387 | R43: 0.13258707 | S43: 0.13258707 | T43: 0.13258707 | U43: 0.47498681 | V43: 0.34239975 | W43: 0 | X43: 0 | Y43: 0 | Z43: 0.13123247 | AA43: 0.26246493 | AB43: 0.15832894 | AC43: 0.18400878 | AD43: 0.13800658
A44: 95.5 DEL PLATA | B44: 0 | C44: 0 | D44: 0 | E44: 0 | F44: 0 | G44: 0 | H44: 0 | I44: 0.13415012 | J44: 0.77247902 | K44: 0.7254107 | L44: 0.85808074 | M44: 1.4358031 | N44: 1.31915 | O44: 0.92264607 | P44: 0.72815332 | Q44: 0.78950543 | R44: 0.5940032 | S44: 0.78950543 | T44: 0.81921794 | U44: 0.5292786 | V44: 0.42782549 | W44: 0.12376163 | X44: 0.12376163 | Y44: 0 | Z44: 0.65432062 | AA44: 0.85716058 | AB44: 0.33730755 | AC44: 0.61626291 | AD44: 0.46219719
A45: 96.3 ALFA | B45: 0 | C45: 0 | D45: 0 | E45: 0 | F45: 0 | G45: 0 | H45: 0 | I45: 0 | J45: 0 | K45: 0 | L45: 0 | M45: 0 | N45: 0 | O45: 0 | P45: 0 | Q45: 0 | R45: 0 | S45: 0 | T45: 0 | U45: 0 | V45: 0 | W45: 0 | X45: 0 | Y45: 0 | Z45: 0 | AA45: 0 | AB45: 0 | AC45: 0 | AD45: 0
A46: 97.1 BABEL | B46: 0 | C46: 0 | D46: 0 | E46: 0 | F46: 0 | G46: 0 | H46: 0 | I46: 0.26388809 | J46: 0.26388809 | K46: 0.90395444 | L46: 1.2258366 | M46: 1.2258366 | N46: 1.3081095 | O46: 1.1389948 | P46: 0.79659503 | Q46: 0.92381353 | R46: 0.65992544 | S46: 0.47418072 | T46: 0.60602783 | U46: 0.52242158 | V46: 0.1272185 | W46: 0.1272185 | X46: 0 | Y46: 0 | Z46: 0.64723397 | AA46: 0.88360316 | AB46: 0.23048107 | AC46: 0.58710607 | AD46: 0.44032955
A47: 97.9 M24 | B47: 0 | C47: 0 | D47: 0 | E47: 0 | F47: 0 | G47: 0 | H47: 0 | I47: 0 | J47: 0.18589338 | K47: 0.18589338 | L47: 0.18589338 | M47: 0.18589338 | N47: 0 | O47: 0 | P47: 0.17721999 | Q47: 0.17721999 | R47: 0.16883411 | S47: 0 | T47: 0 | U47: 0 | V47: 0 | W47: 0 | X47: 0 | Y47: 0 | Z47: 0.12392892 | AA47: 0.087212346 | AB47: 0 | AC47: 0.070380421 | AD47: 0.052785316
... A63: RATING GENERAL | B63: 0.99726308 | C63: 0.63948053 | D63: 0.61662958 | E63: 0.52241385 | F63: 0.49984347 | G63: 1.0725386 | H63: 4.7583767 | I63: 10.849577 | J63: 19.409347 | K63: 25.489544 | L63: 30.853366 | M63: 30.104612 | N63: 24.378137 | O63: 20.58171 | P63: 18.508468 | Q63: 18.600703 | R63: 18.42074 | S63: 15.813902 | T63: 14.026187 | U63: 8.0388042 | V63: 4.7973677 | W63: 3.2701476 | X63: 2.6416598 | Y63: 1.4842989 | Z63: 20.244137 | AA63: 19.383943 | AB63: 5.7097442 | AC63: 15.112608 | AD63: 11.51563

Sheet RatxLDxC2C3D1
A1: CUADRO 15: RESUMEN DE RATING POR HORA - SEGMENTO C2C3D1 | AM | LUNES A DOMINGO
A2: RADIOS | B2: HORAS | Z2: PROMEDIO
B3: 00:00 - 00:59 | C3: 01:00 - 01:59 | D3: 02:00 - 02:59 | E3: 03:00 - 03:59 | F3: 04:00 - 04:59 | G3: 05:00 - 05:59 | H3: 06:00 - 06:59 | I3: 07:00 - 07:59 | J3: 08:00 - 08:59 | K3: 09:00 - 09:59 | L3: 10:00 - 10:59 | M3: 11:00 - 11:59 | N3: 12:00 - 12:59 | O3: 13:00 - 13:59 | P3: 14:00 - 14:59 | Q3: 15:00 - 15:59 | R3: 16:00 - 16:59 | S3: 17:00 - 17:59 | T3: 18:00 - 18:59 | U3: 19:00 - 19:59 | V3: 20:00 - 20:59 | W3: 21:00 - 21:59 | X3: 22:00 - 22:59 | Y3: 23:00 - 23:59 | Z3: 06:00 - 11:59 | AA3: 12:00 - 17:59 | AB3: 18:00 - 23:59 | AC3: 06:00 - 23:59 | AD3: 00:00 - 24:00
A4: CX4 RURAL | B4: 0.076065698 | C4: 0.061321842 | D4: 0.061321842 | E4: 0.042336517 | F4: 0 | G4: 0 | H4: 0.076886292 | I4: 0.12135784 | J4: 0.18199647 | K4: 0.23911303 | L4: 0.16572555 | M4: 0.16572555 | N4: 0.11106037 | O4: 0.086554493 | P4: 0.19167577 | Q4: 0.12143806 | R4: 0.1213772 | S4: 0.038991146 | T4: 0 | U4: 0.065416471 | V4: 0.096492454 | W4: 0.083536983 | X4: 0 | Y4: 0.01779243 | Z4: 0.15846745 | AA4: 0.11184951 | AB4: 0.043873056 | AC4: 0.10473001 | AD4: 0.088591083
A5: CX6 CLÁSICA | B5: 0 | C5: 0 | D5: 0 | E5: 0 | F5: 0 | G5: 0.024344327 | H5: 0.046005655 | I5: 0.046005655 | J5: 0.046005655 | K5: 0.024344327 | L5: 0.024344327 | M5: 0.024344327 | N5: 0.024344327 | O5: 0.024344327 | P5: 0.024344327 | Q5: 0.024344327 | R5: 0.039017668 | S5: 0.039017668 | T5: 0.039017668 | U5: 0.024344327 | V5: 0.024344327 | W5: 0.024344327 | X5: 0.024344327 | Y5: 0.024344327 | Z5: 0.035174991 | AA5: 0.029235441 | AB5: 0.026789884 | AC5: 0.030400105 | AD5: 0.023814426
A6: CX8 SARANDI | B6: 0.051610671 | C6: 0.039518971 | D6: 0.039518971 | E6: 0.020169802 | F6: 0.052621543 | G6: 0.18184678 | H6: 0.77837608 | I6: 1.4585442 | J6: 1.8702126 | K6: 1.8594499 | L6: 1.8592257 | M6: 1.2837655 | N6: 0.76297998 | O6: 0.52789819 | P6: 0.40953969 | Q6: 0.50455117 | R6: 0.42039481 | S6: 0.49667665 | T6: 0.41071371 | U6: 0.25499133 | V6: 0.22176214 | W6: 0.23720883 | X6: 0.099439326 | Y6: 0.072744582 | Z6: 1.5182623 | AA6: 0.52034008 | AB6: 0.21614332 | AC6: 0.75158191 | AD6: 0.57974005
A7: CX10 CONTINENTE | B7: 0.015553613 | C7: 0.015553613 | D7: 0 | E7: 0 | F7: 0 | G7: 0 | H7: 0.037007841 | I7: 0.071492667 | J7: 0.087530977 | K7: 0.080026787 | L7: 0.11813052 | M7: 0.042741237 | N7: 0 | O7: 0.015553613 | P7: 0.015553613 | Q7: 0.03336005 | R7: 0.03336005 | S7: 0 | T7: 0 | U7: 0 | V7: 0 | W7: 0 | X7: 0 | Y7: 0 | Z7: 0.072821671 | AA7: 0.016304554 | AB7: 0 | AC7: 0.029708742 | AD7: 0.023577691
A8: CX12 ORIENTAL | B8: 0.10815822 | C8: 0.10504195 | D8: 0.088321921 | E8: 0.033009877 | F8: 0.017349517 | G8: 0.13438614 | H8: 0.017349517 | I8: 0.13595308 | J8: 0.26369455 | K8: 0.26369455 | L8: 0.14363285 | M8: 0.14363285 | N8: 0.15384478 | O8: 0.057883228 | P8: 0.16282506 | Q8: 0.03040575 | R8: 0.045852447 | S8: 0.030487642 | T8: 0.015040945 | U8: 0 | V8: 0.040086564 | W8: 0.040086564 | X8: 0.057436081 | Y8: 0.074727593 | Z8: 0.16132623 | AA8: 0.080216484 | AB8: 0.037896291 | AC8: 0.093146336 | AD8: 0.090120903
A9: CX14 EL ESPECTADOR | B9: 0 | C9: 0.015786495 | D9: 0.015786495 | E9: 0.012091699 | F9: 0.012091699 | G9: 0.037018478 | H9: 0.095707541 | I9: 0.13050228 | J9: 0.22293675 | K9: 0.20609894 | L9: 0.1520648 | M9: 0.1520648 | N9: 0.048582901 | O9: 0.10203238 | P9: 0.032304642 | Q9: 0.10178597 | R9: 0.18016014 | S9: 0.2262421 | T9: 0.11626324 | U9: 0.065461883 | V9: 0.017125395 | W9: 0.017125395 | X9: 0 | Y9: 0 | Z9: 0.15989585 | AA9: 0.11518469 | AB9: 0.035995986 | AC9: 0.10369218 | AD9: 0.081634751
A10: CX16 CARVE | B10: 0.14110049 | C10: 0.10384238 | D10: 0 | E10: 0.01874915 | F10: 0 | G10: 0.094490445 | H10: 0.2476992 | I10: 0.16882116 | J10: 0.10422193 | K10: 0.11351742 | L10: 0.094849234 | M10: 0.051192802 | N10: 0.1369562 | O10: 0.13734267 | P10: 0.1904313 | Q10: 0.15814633 | R10: 0.062488498 | S10: 0.045768473 | T10: 0.014428151 | U10: 0.014428151 | V10: 0.02890543 | W10: 0.17642831 | X10: 0.27955784 | Y10: 0.32865173 | Z10: 0.13005029 | AA10: 0.12185558 | AB10: 0.14039993 | AC10: 0.1307686 | AD10: 0.11300072
A11: CX18 SPORT 890 | B11: 0 | C11: 0 | D11: 0 | E11: 0 | F11: 0 | G11: 0.1046805 | H11: 0.40778471 | I11: 0.65342932 | J11: 1.0878567 | K11: 1.212066 | L11: 1.296265 | M11: 1.1287688 | N11: 0.87957413 | O11: 0.72038616 | P11: 0.95152833 | Q11: 0.64136698 | R11: 0.40881508 | S11: 0.23121004 | T11: 0.10132596 | U11: 0.12130313 | V11: 0 | W11: 0 | X11: 0.013586341 | Y11: 0.058777903 | Z11: 0.96436174 | AA11: 0.63881345 | AB11: 0.049165555 | AC11: 0.55078025 | AD11: 0.41744687
A12: CX20 MONTECARLO | B12: 0.44071246 | C12: 0.074715855 | D12: 0.058563613 | E12: 0.031480277 | F12: 0.099277462 | G12: 0.61122757 | H12: 1.6748535 | I12: 2.9384045 | J12: 4.4218782 | K12: 4.8473212 | L12: 4.7133294 | M12: 4.7447166 | N12: 3.5006744 | O12: 3.0829699 | P12: 2.8214231 | Q12: 2.1383081 | R12: 2.0219127 | S12: 1.8328259 | T12: 1.3552266 | U12: 0.97771052 | V12: 0.76859912 | W12: 0.67724822 | X12: 0.69242169 | Y12: 0.50097888 | Z12: 3.8900839 | AA12: 2.5663523 | AB12: 0.8286975 | AC12: 2.4283779 | AD12: 1.8761158
A13: CX22 UNIVERSAL | B13: 0.015612401 | C13: 0.015612401 | D13: 0 | E13: 0.033728446 | F13: 0.013402771 | G13: 0.037809213 | H13: 0.2449903 | I13: 0.098518374 | J13: 0.1418106 | K13: 0.16231046 | L13: 0.1451167 | M13: 0.17567925 | N13: 0.28155924 | O13: 0.26293577 | P13: 0.0304114 | Q13: 0.18640028 | R13: 0.20928662 | S13: 0.16954371 | T13: 0.16989797 | U13: 0.15691718 | V13: 0.082584441 | W13: 0.1496971 | X13: 0.1152789 | Y13: 0.10187613 | Z13: 0.16140428 | AA13: 0.19002284 | AB13: 0.12937529 | AC13: 0.16026747 | AD13: 0.12504082
A14: CX24 RADIO 1010 AM | B14: 0 | C14: 0 | D14: 0 | E14: 0 | F14: 0 | G14: 0 | H14: 0 | I14: 0.087444835 | J14: 0.12601104 | K14: 0.15731969 | L14: 0.16883819 | M14: 0.16883819 | N14: 0.050666934 | O14: 0.075098428 | P14: 0.07268704 | Q14: 0.11646921 | R14: 0.27326959 | S14: 0.15739886 | T14: 0.18734335 | U14: 0.11570417 | V14: 0.095331311 | W14: 0.074884528 | X14: 0 | Y14: 0 | Z14: 0.11807532 | AA14: 0.12426501 | AB14: 0.078877227 | AC14: 0.10707252 | AD14: 0.08030439
A15: CX26 RADIO URUGUAY | B15: 0.065792299 | C15: 0.014592751 | D15: 0 | E15: 0 | F15: 0 | G15: 0 | H15: 0.20970344 | I15: 0.16404987 | J15: 0.17008052 | K15: 0.11841807 | L15: 0.13858788 | M15: 0.13858788 | N15: 0.11841807 | O15: 0.13858788 | P15: 0.13858788 | Q15: 0.16183478 | R15: 0.16183478 | S15: 0.16183478 | T15: 0.15663066 | U15: 0.15663066 | V15: 0.15663066 | W15: 0.14166497 | X15: 0.13804189 | Y15: 0.16013672 | Z15: 0.15657128 | AA15: 0.14684969 | AB15: 0.1516226 | AC15: 0.15168119 | AD15: 0.11711027
... A31: RATING GENERAL | B31: 2.2969327 | C31: 1.2525322 | D31: 0.82082479 | E31: 0.56529739 | F31: 0.63115575 | G31: 2.5541016 | H31: 8.8135948 | I31: 15.232904 | J31: 24.927349 | K31: 31.897058 | L31: 34.267814 | M31: 33.482127 | N31: 29.184984 | O31: 27.287498 | P31: 28.018658 | Q31: 29.623024 | R31: 28.254324 | S31: 25.84212 | T31: 22.121695 | U31: 14.650249 | V31: 12.335674 | W31: 10.925681 | X31: 6.8550321 | Y31: 5.1573314 | Z31: 24.770141 | AA31: 28.035101 | AB31: 12.007611 | AC31: 21.604284 | AD31: 16.541582
A33: CUADRO 16: RESUMEN DE RATING POR HORA - SEGMENTO C2C3D1 | FM | LUNES A DOMINGO
A34: RADIOS | B34: HORAS | Z34: PROMEDIO
B35: 00:00 - 00:59 | C35: 01:00 - 01:59 | D35: 02:00 - 02:59 | E35: 03:00 - 03:59 | F35: 04:00 - 04:59 | G35: 05:00 - 05:59 | H35: 06:00 - 06:59 | I35: 07:00 - 07:59 | J35: 08:00 - 08:59 | K35: 09:00 - 09:59 | L35: 10:00 - 10:59 | M35: 11:00 - 11:59 | N35: 12:00 - 12:59 | O35: 13:00 - 13:59 | P35: 14:00 - 14:59 | Q35: 15:00 - 15:59 | R35: 16:00 - 16:59 | S35: 17:00 - 17:59 | T35: 18:00 - 18:59 | U35: 19:00 - 19:59 | V35: 20:00 - 20:59 | W35: 21:00 - 21:59 | X35: 22:00 - 22:59 | Y35: 23:00 - 23:59 | Z35: 06:00 - 11:59 | AA35: 12:00 - 17:59 | AB35: 18:00 - 23:59 | AC35: 06:00 - 23:59 | AD35: 00:00 - 24:00
A36: 88.3 LACOSTA | B36: 0.01961233 | C36: 0 | D36: 0 | E36: 0 | F36: 0.019328908 | G36: 0 | H36: 0.034064545 | I36: 0.017217812 | J36: 0.080998433 | K36: 0.31211149 | L36: 0.3147374 | M36: 0.33195521 | N36: 0.22798299 | O36: 0.22302111 | P36: 0.32844967 | Q36: 0.21767559 | R36: 0.21532171 | S36: 0.25266385 | T36: 0.29977734 | U36: 0.23350416 | V36: 0.10559037 | W36: 0 | X36: 0.018741363 | Y36: 0 | Z36: 0.18184748 | AA36: 0.24418582 | AB36: 0.10960221 | AC36: 0.17854517 | AD36: 0.13553143
A37: 90.3 OLDIES | B37: 0.015303405 | C37: 0.016586042 | D37: 0 | E37: 0.015303405 | F37: 0 | G37: 0.099530415 | H37: 0.40957912 | I37: 0.47302775 | J37: 0.45398595 | K37: 0.79675698 | L37: 0.83300669 | M37: 0.72208461 | N37: 0.73730162 | O37: 0.73822492 | P37: 0.82859656 | Q37: 0.60201526 | R37: 0.57530927 | S37: 0.36203134 | T37: 0.33048177 | U37: 0.11048872 | V37: 0.1225781 | W37: 0.12780525 | X37: 0.11332797 | Y37: 0.061672262 | Z37: 0.61474018 | AA37: 0.64057983 | AB37: 0.14439234 | AC37: 0.46657079 | AD37: 0.35604156
A38: 91.1 RADIOFUTURA | B38: 0 | C38: 0 | D38: 0 | E38: 0 | F38: 0 | G38: 0.015779602 | H38: 0.036821851 | I38: 0.12662423 | J38: 0.97199377 | K38: 1.3989294 | L38: 1.4413978 | M38: 1.4237338 | N38: 1.0615752 | O38: 1.0742079 | P38: 1.367256 | Q38: 1.3463412 | R38: 1.3228789 | S38: 1.2944695 | T38: 1.335672 | U38: 0.62916302 | V38: 0.48908898 | W38: 0.31723205 | X38: 0.089517078 | Y38: 0.089517078 | Z38: 0.89991681 | AA38: 1.2444548 | AB38: 0.49169837 | AC38: 0.87868999 | AD38: 0.65967497
A39: 91.9 DISNEY | B39: 0.013331507 | C39: 0.013331507 | D39: 0.013331507 | E39: 0.013331507 | F39: 0.04779634 | G39: 0.13305464 | H39: 0.77890172 | I39: 0.80233158 | J39: 1.1132934 | K39: 1.7826122 | L39: 2.0648647 | M39: 1.8785476 | N39: 1.5308013 | O39: 1.450812 | P39: 1.6348272 | Q39: 1.5502189 | R39: 1.3358075 | S39: 1.0568099 | T39: 0.88519194 | U39: 0.50985035 | V39: 0.81363019 | W39: 0.65235398 | X39: 0.12508757 | Y39: 0.012312121 | Z39: 1.4034252 | AA39: 1.4265461 | AB39: 0.49973769 | AC39: 1.109903 | AD39: 0.84218463
A40: 92.5 CONCIERTO URBANA | B40: 0.014735087 | C40: 0.014735087 | D40: 0 | E40: 0 | F40: 0 | G40: 0 | H40: 0 | I40: 0 | J40: 0.013052426 | K40: 0.013052426 | L40: 0.013052426 | M40: 0.028376649 | N40: 0.028795187 | O40: 0.028795187 | P40: 0.045793497 | Q40: 0 | R40: 0 | S40: 0.090380802 | T40: 0.10559582 | U40: 0 | V40: 0.11724983 | W40: 0.11724983 | X40: 0.043474136 | Y40: 0 | Z40: 0.011255654 | AA40: 0.032294112 | AB40: 0.063928267 | AC40: 0.035826011 | AD40: 0.028097432
A41: 93.1 INOLVIDABLE | B41: 0.012607525 | C41: 0.012607525 | D41: 0 | E41: 0 | F41: 0 | G41: 0.013746026 | H41: 0.042285624 | I41: 0.33544646 | J41: 1.2508034 | K41: 1.284374 | L41: 1.2751048 | M41: 1.4623231 | N41: 1.4956282 | O41: 1.5047465 | P41: 1.393967 | Q41: 1.465308 | R41: 1.449757 | S41: 1.218188 | T41: 1.1561796 | U41: 1.1123432 | V41: 1.3820482 | W41: 1.1668397 | X41: 0.5362919 | Y41: 0.20823045 | Z41: 0.94172291 | AA41: 1.4212658 | AB41: 0.92698885 | AC41: 1.0966592 | AD41: 0.82411776
A42: 93.9 OCEANO | B42: 0.090060417 | C42: 0.060303044 | D42: 0 | E42: 0 | F42: 0 | G42: 0 | H42: 0.04624725 | I42: 0.092355099 | J42: 0.45464584 | K42: 0.65335232 | L42: 0.77320091 | M42: 0.96453636 | N42: 1.1433529 | O42: 1.0208211 | P42: 1.0561708 | Q42: 0.92321023 | R42: 0.95088976 | S42: 0.72585548 | T42: 0.59398593 | U42: 0.20539156 | V42: 0.056504937 | W42: 0.074826121 | X42: 0.052594521 | Y42: 0.056552133 | Z42: 0.49738963 | AA42: 0.97005004 | AB42: 0.1733092 | AC42: 0.54691629 | AD42: 0.41645236
A43: 94.7 E. DEL SUR | B43: 0 | C43: 0 | D43: 0 | E43: 0 | F43: 0 | G43: 0 | H43: 0.14476225 | I43: 0.12811847 | J43: 0.033507483 | K43: 0.038363385 | L43: 0.052963504 | M43: 0.062801148 | N43: 0.035185029 | O43: 0.11045715 | P43: 0.094619552 | Q43: 0.073453541 | R43: 0.10097145 | S43: 0.019347429 | T43: 0.033399003 | U43: 0.12007923 | V43: 0.033947548 | W43: 0.033947548 | X43: 0.014600119 | Y43: 0.014600119 | Z43: 0.076752707 | AA43: 0.072339026 | AB43: 0.041762261 | AC43: 0.063617998 | AD43: 0.047713498
A44: 95.5 DEL PLATA | B44: 0.014428151 | C44: 0.014428151 | D44: 0 | E44: 0 | F44: 0.075534128 | G44: 0.075534128 | H44: 0.14916809 | I44: 0.27759521 | J44: 0.48374342 | K44: 0.75121304 | L44: 0.8362029 | M44: 0.91904834 | N44: 0.91155602 | O44: 0.9847173 | P44: 1.1840243 | Q44: 1.1331705 | R44: 1.0357567 | S44: 1.3180632 | T44: 1.1388765 | U44: 0.81658024 | V44: 0.47581554 | W44: 0.35429944 | X44: 0.089694676 | Y44: 0.1045727 | Z44: 0.56949517 | AA44: 1.094548 | AB44: 0.49663985 | AC44: 0.72022767 | AD44: 0.54766761
A45: 96.3 ALFA | B45: 0 | C45: 0 | D45: 0 | E45: 0 | F45: 0 | G45: 0 | H45: 0.034604798 | I45: 0.054839073 | J45: 0.18147733 | K45: 0.23814678 | L45: 0.27372975 | M45: 0.24256766 | N45: 0.20686457 | O45: 0.20188727 | P45: 0.14148134 | Q45: 0.11186307 | R45: 0.1273635 | S45: 0.11186307 | T45: 0.014600119 | U45: 0.014600119 | V45: 0 | W45: 0 | X45: 0 | Y45: 0 | Z45: 0.17089423 | AA45: 0.15022047 | AB45: 0.0048667065 | AC45: 0.10866047 | AD45: 0.081495352
A46: 97.1 BABEL | B46: 0 | C46: 0.01288995 | D46: 0 | E46: 0 | F46: 0 | G46: 0.01288995 | H46: 0.024367384 | I46: 0.024367384 | J46: 0.063115351 | K46: 0.22681364 | L46: 0.27184324 | M46: 0.2262919 | N46: 0.30340893 | O46: 0.23297995 | P46: 0.2620621 | Q46: 0.14257557 | R46: 0.2262388 | S46: 0.24274978 | T46: 0.20008202 | U46: 0.23330665 | V46: 0.20927252 | W46: 0 | X46: 0 | Y46: 0.01288995 | Z46: 0.13946648 | AA46: 0.23500252 | AB46: 0.10925852 | AC46: 0.16124251 | AD46: 0.12200604
A47: 97.9 M24 | B47: 0 | C47: 0 | D47: 0 | E47: 0 | F47: 0 | G47: 0 | H47: 0 | I47: 0.17289935 | J47: 0.2442415 | K47: 0.49269323 | L47: 0.58482271 | M47: 0.5793989 | N47: 0.48382538 | O47: 0.52028217 | P47: 0.51212174 | Q47: 0.47417248 | R47: 0.43790426 | S47: 0.43790426 | T47: 0.41790668 | U47: 0.29100258 | V47: 0.16665724 | W47: 0.17659 | X47: 0.17659 | Y47: 0.25589438 | Z47: 0.34567595 | AA47: 0.47770171 | AB47: 0.24744015 | AC47: 0.35693927 | AD47: 0.26770445
... A63: RATING GENERAL | B63: 2.2969327 | C63: 1.2525322 | D63: 0.82082479 | E63: 0.56529739 | F63: 0.63115575 | G63: 2.5541016 | H63: 8.8135948 | I63: 15.232904 | J63: 24.927349 | K63: 31.897058 | L63: 34.267814 | M63: 33.482127 | N63: 29.184984 | O63: 27.287498 | P63: 28.018658 | Q63: 29.623024 | R63: 28.254324 | S63: 25.84212 | T63: 22.121695 | U63: 14.650249 | V63: 12.335674 | W63: 10.925681 | X63: 6.8550321 | Y63: 5.1573314 | Z63: 24.770141 | AA63: 28.035101 | AB63: 12.007611 | AC63: 21.604284 | AD63: 16.541582

Sheet RatxLVxC2C3D1
A1: CUADRO 17: RESUMEN DE RATING POR HORA - SEGMENTO C2C3D1 | AM | LUNES A VIERNES
A2: RADIOS | B2: HORAS | Z2: PROMEDIO
B3: 00:00 - 00:59 | C3: 01:00 - 01:59 | D3: 02:00 - 02:59 | E3: 03:00 - 03:59 | F3: 04:00 - 04:59 | G3: 05:00 - 05:59 | H3: 06:00 - 06:59 | I3: 07:00 - 07:59 | J3: 08:00 - 08:59 | K3: 09:00 - 09:59 | L3: 10:00 - 10:59 | M3: 11:00 - 11:59 | N3: 12:00 - 12:59 | O3: 13:00 - 13:59 | P3: 14:00 - 14:59 | Q3: 15:00 - 15:59 | R3: 16:00 - 16:59 | S3: 17:00 - 17:59 | T3: 18:00 - 18:59 | U3: 19:00 - 19:59 | V3: 20:00 - 20:59 | W3: 21:00 - 21:59 | X3: 22:00 - 22:59 | Y3: 23:00 - 23:59 | Z3: 06:00 - 11:59 | AA3: 12:00 - 17:59 | AB3: 18:00 - 23:59 | AC3: 06:00 - 23:59 | AD3: 00:00 - 24:00
A4: CX4 RURAL | B4: 0.085850578 | C4: 0.085850578 | D4: 0.085850578 | E4: 0.059271124 | F4: 0 | G4: 0 | H4: 0.088913765 | I4: 0.15117393 | J4: 0.16511593 | K4: 0.27551782 | L4: 0.19150239 | M4: 0.19150239 | N4: 0.12939314 | O4: 0.071015342 | P4: 0.24343668 | Q4: 0.14392191 | R4: 0.16992809 | S4: 0.029336059 | T4: 0 | U4: 0.044063869 | V4: 0.087544626 | W4: 0.073230694 | X4: 0 | Y4: 0 | Z4: 0.1772877 | AA4: 0.13117187 | AB4: 0.034139865 | AC4: 0.11419981 | AD4: 0.098850812
A5: CX6 CLÁSICA | B5: 0 | C5: 0 | D5: 0 | E5: 0 | F5: 0 | G5: 0.034082058 | H5: 0.064407917 | I5: 0.064407917 | J5: 0.064407917 | K5: 0.034082058 | L5: 0.034082058 | M5: 0.034082058 | N5: 0.034082058 | O5: 0.034082058 | P5: 0.034082058 | Q5: 0.034082058 | R5: 0.054624736 | S5: 0.054624736 | T5: 0.054624736 | U5: 0.034082058 | V5: 0.034082058 | W5: 0.034082058 | X5: 0.034082058 | Y5: 0.034082058 | Z5: 0.049244988 | AA5: 0.040929617 | AB5: 0.037505837 | AC5: 0.042560147 | AD5: 0.033340196
A6: CX8 SARANDI | B6: 0.072254939 | C6: 0.05532656 | D6: 0.05532656 | E6: 0.028237723 | F6: 0.050162227 | G6: 0.16475449 | H6: 0.85798599 | I6: 1.63318 | J6: 2.0732848 | K6: 1.9956109 | L6: 2.0289317 | M6: 1.3514123 | N6: 0.81027318 | O6: 0.5840375 | P6: 0.41921455 | Q6: 0.46796217 | R6: 0.34761406 | S6: 0.45440864 | T6: 0.33406052 | U6: 0.20435436 | V6: 0.26437904 | W6: 0.28600441 | X6: 0.072881824 | Y6: 0.081597132 | Z6: 1.6567343 | AA6: 0.51391835 | AB6: 0.20721288 | AC6: 0.79262184 | AD6: 0.61221898
A7: CX10 CONTINENTE | B7: 0.021775058 | C7: 0.021775058 | D7: 0 | E7: 0 | F7: 0 | G7: 0 | H7: 0.051810977 | I7: 0.081557113 | J7: 0.10401075 | K7: 0.1120375 | L7: 0.14580788 | M7: 0.059837732 | N7: 0 | O7: 0.021775058 | P7: 0.021775058 | Q7: 0.021775058 | R7: 0.021775058 | S7: 0 | T7: 0 | U7: 0 | V7: 0 | W7: 0 | X7: 0 | Y7: 0 | Z7: 0.092510326 | AA7: 0.014516705 | AB7: 0 | AC7: 0.035675677 | AD7: 0.028571346
A8: CX12 ORIENTAL | B8: 0.038293893 | C8: 0.060218396 | D8: 0.060218396 | E8: 0.021924503 | F8: 0 | G8: 0.11401285 | H8: 0 | I8: 0.1161682 | J8: 0.29304676 | K8: 0.29304676 | L8: 0.17483718 | M8: 0.17483718 | N8: 0.19045368 | O8: 0.040670921 | P8: 0.16266047 | Q8: 0.021057323 | R8: 0.042682699 | S8: 0.042682699 | T8: 0.021057323 | U8: 0 | V8: 0.056121189 | W8: 0.056121189 | X8: 0.056121189 | Y8: 0.027793204 | Z8: 0.17532268 | AA8: 0.083367966 | AB8: 0.036202349 | AC8: 0.098297665 | AD8: 0.086001084
A9: CX14 EL ESPECTADOR | B9: 0 | C9: 0.022101093 | D9: 0.022101093 | E9: 0.016928379 | F9: 0.016928379 | G9: 0.05182587 | H9: 0.13399056 | I9: 0.1640379 | J9: 0.29344616 | K9: 0.26225122 | L9: 0.18660343 | M9: 0.18660343 | N9: 0.068016061 | O9: 0.14284533 | P9: 0.045226499 | Q9: 0.12005577 | R9: 0.2112554 | S9: 0.27577014 | T9: 0.14032396 | U9: 0.069202053 | V9: 0.023975553 | W9: 0.023975553 | X9: 0 | Y9: 0 | Z9: 0.20448878 | AA9: 0.14386153 | AB9: 0.042912853 | AC9: 0.13042106 | AD9: 0.10322766
A10: CX16 CARVE | B10: 0.17032932 | C10: 0.11816797 | D10: 0 | E10: 0 | F10: 0 | G10: 0.088953467 | H10: 0.25360731 | I10: 0.18651121 | J10: 0.10269738 | K10: 0.11571107 | L10: 0.089575611 | M10: 0.028456607 | N10: 0.12724586 | O10: 0.15269631 | P10: 0.20361236 | Q10: 0.1584134 | R10: 0.04387645 | S10: 0.04387645 | T10: 0 | U10: 0 | V10: 0.020268191 | W10: 0.18391081 | X10: 0.30275599 | Y10: 0.39001164 | Z10: 0.12942653 | AA10: 0.12162014 | AB10: 0.14949111 | AC10: 0.13351259 | AD10: 0.11586156
A11: CX18 SPORT 890 | B11: 0 | C11: 0 | D11: 0 | E11: 0 | F11: 0 | G11: 0.12867873 | H11: 0.47512396 | I11: 0.73437637 | J11: 1.2374839 | K11: 1.4111992 | L11: 1.4901246 | M11: 1.3393584 | N11: 1.0579459 | O11: 0.86424288 | P11: 1.1601775 | Q11: 0.73910691 | R11: 0.52298951 | S11: 0.32369406 | T11: 0.14185634 | U11: 0.16982438 | V11: 0 | W11: 0 | X11: 0.019020877 | Y11: 0.061994716 | Z11: 1.1146111 | AA11: 0.77802612 | AB11: 0.065449385 | AC11: 0.65269552 | AD11: 0.49488326
A12: CX20 MONTECARLO | B12: 0.46849134 | C12: 0.064858064 | D12: 0.042244924 | E12: 0.022992363 | F12: 0.12086857 | G12: 0.66231166 | H12: 1.7790654 | I12: 3.1696059 | J12: 4.707917 | K12: 5.1528618 | L12: 5.1282711 | M12: 5.0935184 | N12: 3.8428841 | O12: 3.4130014 | P12: 3.0519698 | Q12: 2.2554541 | R12: 2.1862787 | S12: 2.0561739 | T12: 1.5067305 | U12: 1.0696177 | V12: 0.83643851 | W12: 0.7326012 | X12: 0.76131489 | Y12: 0.59692167 | Z12: 4.1718733 | AA12: 2.8009603 | AB12: 0.91727076 | AC12: 2.6300348 | AD12: 2.0300997
A13: CX22 UNIVERSAL | B13: 0.021857362 | C13: 0.021857362 | D13: 0 | E13: 0.047219824 | F13: 0 | G13: 0.034169019 | H13: 0.28004924 | I13: 0.11916184 | J13: 0.15595888 | K13: 0.18465869 | L13: 0.13800572 | M13: 0.13988979 | N13: 0.31070347 | O13: 0.32553411 | P13: 0 | Q13: 0.060321439 | R13: 0.089355461 | S13: 0.040218222 | T13: 0.029034022 | U13: 0.052842846 | V13: 0.052842846 | W13: 0.14970096 | X13: 0.12532755 | Y13: 0.12532755 | Z13: 0.16962069 | AA13: 0.13768878 | AB13: 0.089179295 | AC13: 0.13216292 | AD13: 0.10433484
A14: CX24 RADIO 1010 AM | B14: 0 | C14: 0 | D14: 0 | E14: 0 | F14: 0 | G14: 0 | H14: 0 | I14: 0.12242277 | J14: 0.17641545 | K14: 0.18250202 | L14: 0.19862792 | M14: 0.19862792 | N14: 0.070933708 | O14: 0.1051378 | P14: 0.10176186 | Q14: 0.10448392 | R14: 0.30257663 | S14: 0.14035761 | T14: 0.18242189 | U14: 0.09983876 | V14: 0.10483834 | W14: 0.10483834 | X14: 0 | Y14: 0 | Z14: 0.14643268 | AA14: 0.13754192 | AB14: 0.081989555 | AC14: 0.12198805 | AD14: 0.091491039
A15: CX26 RADIO URUGUAY | B15: 0.068311584 | C15: 0.020429852 | D15: 0 | E15: 0 | F15: 0 | G15: 0 | H15: 0.22957543 | I15: 0.20561586 | J15: 0.21405877 | K15: 0.14173135 | L15: 0.16996907 | M15: 0.16996907 | N15: 0.14173135 | O15: 0.16996907 | P15: 0.16996907 | Q15: 0.20251473 | R15: 0.20251473 | S15: 0.20251473 | T15: 0.19522898 | U15: 0.19522898 | V15: 0.19522898 | W15: 0.17427701 | X15: 0.16920469 | Y15: 0.20013745 | Z15: 0.18848659 | AA15: 0.18153561 | AB15: 0.18821768 | AC15: 0.18607996 | AD15: 0.14325753
... A31: RATING GENERAL | B31: 2.2225802 | C31: 1.2408766 | D31: 0.83660124 | E31: 0.61849352 | F31: 0.62543662 | G31: 2.7233193 | H31: 9.8619644 | I31: 16.646878 | J31: 27.141731 | K31: 34.544007 | L31: 36.931919 | M31: 35.777075 | N31: 31.838029 | O31: 29.76851 | P31: 30.526381 | Q31: 32.131369 | R31: 30.930439 | S31: 28.306631 | T31: 24.000752 | U31: 15.510694 | V31: 13.000725 | W31: 11.550019 | X31: 7.2308958 | Y31: 5.4679804 | Z31: 26.817262 | AA31: 30.58356 | AB31: 12.793511 | AC31: 23.398111 | AD31: 17.893055
A33: CUADRO 18: RESUMEN DE RATING POR HORA - SEGMENTO C2C3D1 | FM | LUNES A VIERNES
A34: RADIOS | B34: HORAS | Z34: PROMEDIO
B35: 00:00 - 00:59 | C35: 01:00 - 01:59 | D35: 02:00 - 02:59 | E35: 03:00 - 03:59 | F35: 04:00 - 04:59 | G35: 05:00 - 05:59 | H35: 06:00 - 06:59 | I35: 07:00 - 07:59 | J35: 08:00 - 08:59 | K35: 09:00 - 09:59 | L35: 10:00 - 10:59 | M35: 11:00 - 11:59 | N35: 12:00 - 12:59 | O35: 13:00 - 13:59 | P35: 14:00 - 14:59 | Q35: 15:00 - 15:59 | R35: 16:00 - 16:59 | S35: 17:00 - 17:59 | T35: 18:00 - 18:59 | U35: 19:00 - 19:59 | V35: 20:00 - 20:59 | W35: 21:00 - 21:59 | X35: 22:00 - 22:59 | Y35: 23:00 - 23:59 | Z35: 06:00 - 11:59 | AA35: 12:00 - 17:59 | AB35: 18:00 - 23:59 | AC35: 06:00 - 23:59 | AD35: 00:00 - 24:00
A36: 88.3 LACOSTA | B36: 0.027457262 | C36: 0 | D36: 0 | E36: 0 | F36: 0 | G36: 0 | H36: 0 | I36: 0.024104937 | J36: 0.11339781 | K36: 0.3485832 | L36: 0.37435091 | M36: 0.39845585 | N36: 0.28029422 | O36: 0.27334758 | P36: 0.39526232 | Q36: 0.27906059 | R36: 0.27576515 | S36: 0.3008121 | T36: 0.35096804 | U36: 0.26062439 | V36: 0.12042705 | W36: 0 | X36: 0.026237909 | Y36: 0 | Z36: 0.20981545 | AA36: 0.30075699 | AB36: 0.12637623 | AC36: 0.21231622 | AD36: 0.16038122
A37: 90.3 OLDIES | B37: 0.021424766 | C37: 0.023220459 | D37: 0 | E37: 0.021424766 | F37: 0 | G37: 0.117129 | H37: 0.50844509 | I37: 0.50737073 | J37: 0.39722331 | K37: 0.8371137 | L37: 0.86666912 | M37: 0.73351417 | N37: 0.79888386 | O37: 0.77780376 | P37: 0.86008625 | Q37: 0.63122572 | R37: 0.59192624 | S37: 0.33857757 | T37: 0.31934445 | U37: 0.070169118 | V37: 0.13118322 | W37: 0.15702545 | X37: 0.13675726 | Y37: 0.086341167 | Z37: 0.64172269 | AA37: 0.66641723 | AB37: 0.15013678 | AC37: 0.48609223 | AD37: 0.37220246
A38: 91.1 RADIOFUTURA | B38: 0 | C38: 0 | D38: 0 | E38: 0 | F38: 0 | G38: 0 | H38: 0.027274384 | I38: 0.17727392 | J38: 1.0539445 | K38: 1.4965114 | L38: 1.5656479 | M38: 1.5409182 | N38: 1.1203398 | O38: 1.1649633 | P38: 1.4993488 | Q38: 1.3793308 | R38: 1.4506964 | S38: 1.4653645 | T38: 1.6177607 | U38: 0.76431165 | V38: 0.55954358 | W38: 0.3394933 | X38: 0.072009634 | Y38: 0.072009634 | Z38: 0.97692839 | AA38: 1.3466739 | AB38: 0.57085476 | AC38: 0.96481903 | AD38: 0.72361427
A39: 91.9 DISNEY | B39: 0 | C39: 0 | D39: 0 | E39: 0 | F39: 0.025811323 | G39: 0.10547825 | H39: 0.8645012 | I39: 0.80114383 | J39: 1.2437278 | K39: 2.0204928 | L39: 2.2178536 | M39: 1.9216856 | N39: 1.7440498 | O39: 1.6539475 | P39: 1.7945592 | Q39: 1.7215693 | R39: 1.4785175 | S39: 1.0126572 | T39: 0.88003684 | U39: 0.47064124 | V39: 0.84475359 | W39: 0.8001772 | X39: 0.12576187 | Y39: 0.017236969 | Z39: 1.5115675 | AA39: 1.5675501 | AB39: 0.52310128 | AC39: 1.2007396 | AD39: 0.90602511
A40: 92.5 CONCIERTO URBANA | B40: 0 | C40: 0 | D40: 0 | E40: 0 | F40: 0 | G40: 0 | H40: 0 | I40: 0 | J40: 0 | K40: 0 | L40: 0 | M40: 0.021453912 | N40: 0.040313261 | O40: 0.040313261 | P40: 0.040313261 | Q40: 0 | R40: 0 | S40: 0.084816744 | T40: 0.084816744 | U40: 0 | V40: 0.13793954 | W40: 0.13793954 | X40: 0.060863791 | Y40: 0 | Z40: 0.003575652 | AA40: 0.034292755 | AB40: 0.070259934 | AC40: 0.03604278 | AD40: 0.027032085
A41: 93.1 INOLVIDABLE | B41: 0.017650535 | C41: 0.017650535 | D41: 0 | E41: 0 | F41: 0 | G41: 0 | H41: 0 | I41: 0.35899626 | J41: 1.3969654 | K41: 1.3003155 | L41: 1.3380129 | M41: 1.5346406 | N41: 1.6466808 | O41: 1.5347275 | P41: 1.36763 | Q41: 1.4511669 | R41: 1.4305328 | S41: 1.2429722 | T41: 1.1497219 | U41: 1.1811698 | V41: 1.4004434 | W41: 1.1096705 | X41: 0.48833982 | Y41: 0.14644362 | Z41: 0.9881551 | AA41: 1.4456184 | AB41: 0.91263151 | AC41: 1.1154683 | AD41: 0.83807213
A42: 93.9 OCEANO | B42: 0.10742047 | C42: 0.065760152 | D42: 0 | E42: 0 | F42: 0 | G42: 0 | H42: 0.029167545 | I42: 0.063424023 | J42: 0.43030134 | K42: 0.67276828 | L42: 0.78977895 | M42: 0.95856964 | N42: 1.0970454 | O42: 1.0098242 | P42: 1.1176141 | Q42: 0.9902428 | R42: 1.0010398 | S42: 0.75387655 | T42: 0.62977951 | U42: 0.26664397 | V42: 0.058202703 | W42: 0.08385236 | X42: 0.052728121 | Y42: 0.058268777 | Z42: 0.4906683 | AA42: 0.99494047 | AB42: 0.19157924 | AC42: 0.55906267 | AD42: 0.42651286
A43: 94.7 E. DEL SUR | B43: 0 | C43: 0 | D43: 0 | E43: 0 | F43: 0 | G43: 0 | H43: 0.20266715 | I43: 0.15954178 | J43: 0.027086401 | K43: 0.053708739 | L43: 0.053708739 | M43: 0.048269222 | N43: 0.049259041 | O43: 0.15464001 | P43: 0.13246737 | Q43: 0.10283496 | R43: 0.1219379 | S43: 0.027086401 | T43: 0.046758604 | U43: 0.13002348 | V43: 0.027086401 | W43: 0.027086401 | X43: 0 | Y43: 0 | Z43: 0.090830339 | AA43: 0.098037614 | AB43: 0.038492481 | AC43: 0.075786811 | AD43: 0.056840108
A44: 95.5 DEL PLATA | B44: 0 | C44: 0 | D44: 0 | E44: 0 | F44: 0.086078355 | G44: 0.086078355 | H44: 0.1891659 | I44: 0.31188935 | J44: 0.48914031 | K44: 0.70878901 | L44: 0.78947536 | M44: 0.85452157 | N44: 0.81792906 | O44: 1.0093691 | P44: 1.2261333 | Q44: 1.1569849 | R44: 1.0524215 | S44: 1.4396371 | T44: 1.2962306 | U44: 0.87501487 | V44: 0.55851176 | W44: 0.41482692 | X44: 0.10618854 | Y44: 0.12701777 | Z44: 0.55716358 | AA44: 1.1170792 | AB44: 0.56296508 | AC44: 0.74573594 | AD44: 0.56647515
A45: 96.3 ALFA | B45: 0 | C45: 0 | D45: 0 | E45: 0 | F45: 0 | G45: 0 | H45: 0.024855003 | I45: 0.053182987 | J45: 0.21030464 | K45: 0.25156182 | L45: 0.30137798 | M45: 0.28134277 | N45: 0.23135844 | O45: 0.24314324 | P45: 0.15857495 | Q45: 0.1364364 | R45: 0.158137 | S45: 0.1364364 | T45: 0 | U45: 0 | V45: 0 | W45: 0 | X45: 0 | Y45: 0 | Z45: 0.1871042 | AA45: 0.17734774 | AB45: 0 | AC45: 0.12148398 | AD45: 0.091112984
A46: 97.1 BABEL | B46: 0 | C46: 0 | D46: 0 | E46: 0 | F46: 0 | G46: 0 | H46: 0.034114338 | I46: 0.034114338 | J46: 0.088361492 | K46: 0.23446658 | L46: 0.21346027 | M46: 0.18021942 | N46: 0.30060618 | O46: 0.22413254 | P46: 0.21712037 | Q46: 0.14610509 | R46: 0.24407869 | S46: 0.26653232 | T46: 0.20679746 | U46: 0.25459305 | V46: 0.21920891 | W46: 0 | X46: 0 | Y46: 0 | Z46: 0.13078941 | AA46: 0.23309587 | AB46: 0.11343324 | AC46: 0.15910617 | AD46: 0.11932963
A47: 97.9 M24 | B47: 0 | C47: 0 | D47: 0 | E47: 0 | F47: 0 | G47: 0 | H47: 0 | I47: 0.18506074 | J47: 0.28493975 | K47: 0.52204921 | L47: 0.65103048 | M47: 0.57355594 | N47: 0.48325396 | O47: 0.52990784 | P47: 0.51848324 | Q47: 0.49261613 | R47: 0.44184062 | S47: 0.44184062 | T47: 0.37723403 | U47: 0.26119302 | V47: 0.14795572 | W47: 0.14795572 | X47: 0.14795572 | Y47: 0.24060215 | Z47: 0.36943936 | AA47: 0.48465707 | AB47: 0.22048273 | AC47: 0.35819305 | AD47: 0.26864479
... A63: RATING GENERAL | B63: 2.2225802 | C63: 1.2408766 | D63: 0.83660124 | E63: 0.61849352 | F63: 0.62543662 | G63: 2.7233193 | H63: 9.8619644 | I63: 16.646878 | J63: 27.141731 | K63: 34.544007 | L63: 36.931919 | M63: 35.777075 | N63: 31.838029 | O63: 29.76851 | P63: 30.526381 | Q63: 32.131369 | R63: 30.930439 | S63: 28.306631 | T63: 24.000752 | U63: 15.510694 | V63: 13.000725 | W63: 11.550019 | X63: 7.2308958 | Y63: 5.4679804 | Z63: 26.817262 | AA63: 30.58356 | AB63: 12.793511 | AC63: 23.398111 | AD63: 17.893055

Sheet RatxSDxC2C3D1
A1: CUADRO 19: RESUMEN DE RATING POR HORA - SEGMENTO C2C3D1 | AM | SABADO A DOMINGO
A2: RADIOS | B2: HORAS | Z2: PROMEDIO
B3: 00:00 - 00:59 | C3: 01:00 - 01:59 | D3: 02:00 - 02:59 | E3: 03:00 - 03:59 | F3: 04:00 - 04:59 | G3: 05:00 - 05:59 | H3: 06:00 - 06:59 | I3: 07:00 - 07:59 | J3: 08:00 - 08:59 | K3: 09:00 - 09:59 | L3: 10:00 - 10:59 | M3: 11:00 - 11:59 | N3: 12:00 - 12:59 | O3: 13:00 - 13:59 | P3: 14:00 - 14:59 | Q3: 15:00 - 15:59 | R3: 16:00 - 16:59 | S3: 17:00 - 17:59 | T3: 18:00 - 18:59 | U3: 19:00 - 19:59 | V3: 20:00 - 20:59 | W3: 21:00 - 21:59 | X3: 22:00 - 22:59 | Y3: 23:00 - 23:59 | Z3: 06:00 - 11:59 | AA3: 12:00 - 17:59 | AB3: 18:00 - 23:59 | AC3: 06:00 - 23:59 | AD3: 00:00 - 24:00
A4: CX4 RURAL | B4: 0.051603496 | C4: 0 | D4: 0 | E4: 0 | F4: 0 | G4: 0 | H4: 0.046817611 | I4: 0.046817611 | J4: 0.22419782 | K4: 0.14810105 | L4: 0.10128344 | M4: 0.10128344 | N4: 0.065228429 | O4: 0.12540237 | P4: 0.062273504 | Q4: 0.065228429 | R4: 0 | S4: 0.063128864 | T4: 0 | U4: 0.11879797 | V4: 0.11886202 | W4: 0.10930271 | X4: 0 | Y4: 0.062273504 | Z4: 0.11141683 | AA4: 0.063543599 | AB4: 0.068206035 | AC4: 0.081055488 | AD4: 0.062941761
A5: CX6 CLÁSICA | B5: 0 | C5: 0 | D5: 0 | E5: 0 | F5: 0 | G5: 0 | H5: 0 | I5: 0 | J5: 0 | K5: 0 | L5: 0 | M5: 0 | N5: 0 | O5: 0 | P5: 0 | Q5: 0 | R5: 0 | S5: 0 | T5: 0 | U5: 0 | V5: 0 | W5: 0 | X5: 0 | Y5: 0 | Z5: 0 | AA5: 0 | AB5: 0 | AC5: 0 | AD5: 0
A6: CX8 SARANDI | B6: 0 | C6: 0 | D6: 0 | E6: 0 | F6: 0.058769834 | G6: 0.22457751 | H6: 0.5793513 | I6: 1.0219547 | J6: 1.3625322 | K6: 1.5190472 | L6: 1.4349609 | M6: 1.1146485 | N6: 0.64474698 | O6: 0.38754991 | P6: 0.38535252 | Q6: 0.59602367 | R6: 0.60234668 | S6: 0.60234668 | T6: 0.60234668 | U6: 0.38158376 | V6: 0.11521988 | W6: 0.11521988 | X6: 0.16583308 | Y6: 0.050613205 | Z6: 1.1720825 | AA6: 0.53639441 | AB6: 0.23846941 | AC6: 0.64898209 | AD6: 0.49854271
A7: CX10 CONTINENTE | B7: 0 | C7: 0 | D7: 0 | E7: 0 | F7: 0 | G7: 0 | H7: 0 | I7: 0.04633155 | J7: 0.04633155 | K7: 0 | L7: 0.048937112 | M7: 0 | N7: 0 | O7: 0 | P7: 0 | Q7: 0.062322531 | R7: 0.062322531 | S7: 0 | T7: 0 | U7: 0 | V7: 0 | W7: 0 | X7: 0 | Y7: 0 | Z7: 0.023600035 | AA7: 0.020774177 | AB7: 0 | AC7: 0.014791404 | AD7: 0.011093553
A8: CX12 ORIENTAL | B8: 0.28281905 | C8: 0.21710082 | D8: 0.15858073 | E8: 0.06072331 | F8: 0.06072331 | G8: 0.18531935 | H8: 0.06072331 | I8: 0.18541529 | J8: 0.19031401 | K8: 0.19031401 | L8: 0.065622024 | M8: 0.065622024 | N8: 0.062322531 | O8: 0.10091399 | P8: 0.16323653 | Q8: 0.053776817 | R8: 0.053776817 | S8: 0 | T8: 0 | U8: 0 | V8: 0 | W8: 0 | X8: 0.06072331 | Y8: 0.19206357 | Z8: 0.12633511 | AA8: 0.072337781 | AB8: 0.042131146 | AC8: 0.080268013 | AD8: 0.10042045
A9: CX14 EL ESPECTADOR | B9: 0 | C9: 0 | D9: 0 | E9: 0 | F9: 0 | G9: 0 | H9: 0 | I9: 0.046663238 | J9: 0.046663238 | K9: 0.065718232 | L9: 0.065718232 | M9: 0.065718232 | N9: 0 | O9: 0 | P9: 0 | Q9: 0.056111461 | R9: 0.10242199 | S9: 0.10242199 | T9: 0.056111461 | U9: 0.056111461 | V9: 0 | W9: 0 | X9: 0 | Y9: 0 | Z9: 0.048413529 | AA9: 0.043492574 | AB9: 0.01870382 | AC9: 0.036869974 | AD9: 0.027652481
A10: CX16 CARVE | B10: 0.068028408 | C10: 0.068028408 | D10: 0 | E10: 0.065622024 | F10: 0 | G10: 0.10833289 | H10: 0.23292893 | I10: 0.12459604 | J10: 0.10803329 | K10: 0.10803329 | L10: 0.10803329 | M10: 0.10803329 | N10: 0.16123206 | O10: 0.098958558 | P10: 0.15747865 | Q10: 0.15747865 | R10: 0.10901862 | S10: 0.05049853 | T10: 0.05049853 | U10: 0.05049853 | V10: 0.05049853 | W10: 0.15772205 | X10: 0.22156246 | Y10: 0.17525193 | Z10: 0.13160969 | AA10: 0.12244418 | AB10: 0.11767201 | AC10: 0.12390862 | AD10: 0.10584862
A11: CX18 SPORT 890 | B11: 0 | C11: 0 | D11: 0 | E11: 0 | F11: 0 | G11: 0.044684938 | H11: 0.23943659 | I11: 0.45106171 | J11: 0.71378853 | K11: 0.714233 | L11: 0.81161589 | M11: 0.60229472 | N11: 0.43364479 | O11: 0.36074436 | P11: 0.42990542 | Q11: 0.39701714 | R11: 0.12337899 | S11: 0 | T11: 0 | U11: 0 | V11: 0 | W11: 0 | X11: 0 | Y11: 0.050735871 | Z11: 0.58873841 | AA11: 0.29078178 | AB11: 0.0084559784 | AC11: 0.29599206 | AD11: 0.22385591
A12: CX20 MONTECARLO | B12: 0.37126527 | C12: 0.099360334 | D12: 0.099360334 | E12: 0.052700061 | F12: 0.045299696 | G12: 0.48351734 | H12: 1.4143236 | I12: 2.3604012 | J12: 3.7067814 | K12: 4.0834698 | L12: 3.6759749 | M12: 3.872712 | N12: 2.6451501 | O12: 2.257891 | P12: 2.2450563 | Q12: 1.8454429 | R12: 1.6109978 | S12: 1.274456 | T12: 0.97646665 | U12: 0.74794248 | V12: 0.59900066 | W12: 0.53886577 | X12: 0.5201887 | Y12: 0.26112189 | Z12: 3.1856105 | AA12: 1.9798324 | AB12: 0.60726436 | AC12: 1.9242357 | AD12: 1.4911561
A13: CX22 UNIVERSAL | B13: 0 | C13: 0 | D13: 0 | E13: 0 | F13: 0.046909698 | G13: 0.046909698 | H13: 0.15734294 | I13: 0.046909698 | J13: 0.1064399 | K13: 0.1064399 | L13: 0.16289414 | M13: 0.2651529 | N13: 0.20869866 | O13: 0.1064399 | P13: 0.1064399 | Q13: 0.5015974 | R13: 0.50911453 | S13: 0.49285743 | T13: 0.52205783 | U13: 0.417103 | V13: 0.15693843 | W13: 0.14968747 | X13: 0.090157265 | Y13: 0.043247567 | Z13: 0.14086325 | AA13: 0.32085797 | AB13: 0.22986526 | AC13: 0.23052882 | AD13: 0.17680576
A14: CX24 RADIO 1010 AM | B14: 0 | C14: 0 | D14: 0 | E14: 0 | F14: 0 | G14: 0 | H14: 0 | I14: 0 | J14: 0 | K14: 0.094363858 | L14: 0.094363858 | M14: 0.094363858 | N14: 0 | O14: 0 | P14: 0 | Q14: 0.14643245 | R14: 0.20000199 | S14: 0.20000199 | T14: 0.199647 | U14: 0.15536769 | V14: 0.071563744 | W14: 0 | X14: 0 | Y14: 0 | Z14: 0.047181929 | AA14: 0.09107274 | AB14: 0.071096406 | AC14: 0.069783692 | AD14: 0.052337769
A15: CX26 RADIO URUGUAY | B15: 0.059494087 | C15: 0 | D15: 0 | E15: 0 | F15: 0 | G15: 0 | H15: 0.16002348 | I15: 0.060134887 | J15: 0.060134887 | K15: 0.060134887 | L15: 0.060134887 | M15: 0.060134887 | N15: 0.060134887 | O15: 0.060134887 | P15: 0.060134887 | Q15: 0.060134887 | R15: 0.060134887 | S15: 0.060134887 | T15: 0.060134887 | U15: 0.060134887 | V15: 0.060134887 | W15: 0.060134887 | X15: 0.060134887 | Y15: 0.060134887 | Z15: 0.076782985 | AA15: 0.060134887 | AB15: 0.060134887 | AC15: 0.065684253 | AD15: 0.05174211
... A31: RATING GENERAL | B31: 2.482814 | C31: 1.2816712 | D31: 0.78138364 | E31: 0.43230705 | F31: 0.64545355 | G31: 2.1310575 | H31: 6.1926706 | I31: 11.697969 | J31: 19.391393 | K31: 25.279684 | L31: 27.607554 | M31: 27.744756 | N31: 22.552369 | O31: 21.084965 | P31: 21.749351 | Q31: 23.352162 | R31: 21.564038 | S31: 19.680841 | T31: 17.424054 | U31: 12.499138 | V31: 10.673049 | W31: 9.3648353 | X31: 5.9153728 | Y31: 4.3807087 | Z31: 19.652338 | AA31: 21.663954 | AB31: 10.04286 | AC31: 17.119717 | AD31: 13.1629
A33: CUADRO 20: RESUMEN DE RATING POR HORA - SEGMENTO C2C3D1 | FM | SABADO A DOMINGO
A34: RADIOS | B34: HORAS | Z34: PROMEDIO
B35: 00:00 - 00:59 | C35: 01:00 - 01:59 | D35: 02:00 - 02:59 | E35: 03:00 - 03:59 | F35: 04:00 - 04:59 | G35: 05:00 - 05:59 | H35: 06:00 - 06:59 | I35: 07:00 - 07:59 | J35: 08:00 - 08:59 | K35: 09:00 - 09:59 | L35: 10:00 - 10:59 | M35: 11:00 - 11:59 | N35: 12:00 - 12:59 | O35: 13:00 - 13:59 | P35: 14:00 - 14:59 | Q35: 15:00 - 15:59 | R35: 16:00 - 16:59 | S35: 17:00 - 17:59 | T35: 18:00 - 18:59 | U35: 19:00 - 19:59 | V35: 20:00 - 20:59 | W35: 21:00 - 21:59 | X35: 22:00 - 22:59 | Y35: 23:00 - 23:59 | Z35: 06:00 - 11:59 | AA35: 12:00 - 17:59 | AB35: 18:00 - 23:59 | AC35: 06:00 - 23:59 | AD35: 00:00 - 24:00
A36: 88.3 LACOSTA | B36: 0 | C36: 0 | D36: 0 | E36: 0 | F36: 0.067651179 | G36: 0 | H36: 0.11922591 | I36: 0 | J36: 0 | K36: 0.22093222 | L36: 0.16570361 | M36: 0.16570361 | N36: 0.097204933 | O36: 0.097204933 | P36: 0.16141803 | Q36: 0.064213097 | R36: 0.064213097 | S36: 0.13229323 | T36: 0.17180059 | U36: 0.16570361 | V36: 0.068498677 | W36: 0 | X36: 0 | Y36: 0 | Z36: 0.11192756 | AA36: 0.10275789 | AB36: 0.067667146 | AC36: 0.09411753 | AD36: 0.073406946
A37: 90.3 OLDIES | B37: 0 | C37: 0 | D37: 0 | E37: 0 | F37: 0 | G37: 0.05553396 | H37: 0.1624142 | I37: 0.3871703 | J37: 0.59589254 | K37: 0.69586519 | L37: 0.74885061 | M37: 0.69351074 | N37: 0.58334603 | O37: 0.63927782 | P37: 0.74987232 | Q37: 0.5289891 | R37: 0.53376684 | S37: 0.42066578 | T37: 0.35832508 | U37: 0.21128772 | V37: 0.10106528 | W37: 0.054754754 | X37: 0.054754754 | Y37: 0 | Z37: 0.54728393 | AA37: 0.57598632 | AB37: 0.13003127 | AC37: 0.41776717 | AD37: 0.31563929
A38: 91.1 RADIOFUTURA | B38: 0 | C38: 0 | D38: 0 | E38: 0 | F38: 0 | G38: 0.055228608 | H38: 0.06069052 | I38: 0 | J38: 0.76711683 | K38: 1.1549745 | L38: 1.1307727 | M38: 1.1307727 | N38: 0.91466371 | O38: 0.84731929 | P38: 1.0370241 | Q38: 1.263867 | R38: 1.0033351 | S38: 0.86723175 | T38: 0.63045025 | U38: 0.29129146 | V38: 0.31295249 | W38: 0.26157891 | X38: 0.13328569 | Y38: 0.13328569 | Z38: 0.70738787 | AA38: 0.98890683 | AB38: 0.29380742 | AC38: 0.66336737 | AD38: 0.49982672
A39: 91.9 DISNEY | B39: 0.046660273 | C39: 0.046660273 | D39: 0.046660273 | E39: 0.046660273 | F39: 0.10275888 | G39: 0.20199562 | H39: 0.56490303 | I39: 0.80530095 | J39: 0.78720743 | K39: 1.1879109 | L39: 1.6823924 | M39: 1.7707026 | N39: 0.99767998 | O39: 0.94297325 | P39: 1.2354972 | Q39: 1.1218429 | R39: 0.97903254 | S39: 1.1671916 | T39: 0.89807969 | U39: 0.60787314 | V39: 0.7358217 | W39: 0.28279593 | X39: 0.12340181 | Y39: 0 | Z39: 1.1330696 | AA39: 1.0740362 | AB39: 0.44132871 | AC39: 0.88281151 | AD39: 0.68258345
A40: 92.5 CONCIERTO URBANA | B40: 0.051572804 | C40: 0.051572804 | D40: 0 | E40: 0 | F40: 0 | G40: 0 | H40: 0 | I40: 0 | J40: 0.04568349 | K40: 0.04568349 | L40: 0.04568349 | M40: 0.04568349 | N40: 0 | O40: 0 | P40: 0.059494087 | Q40: 0 | R40: 0 | S40: 0.10429095 | T40: 0.1575435 | U40: 0 | V40: 0.065525551 | W40: 0.065525551 | X40: 0 | Y40: 0 | Z40: 0.03045566 | AA40: 0.027297506 | AB40: 0.0480991 | AC40: 0.035284089 | AD40: 0.0307608
A41: 93.1 INOLVIDABLE | B41: 0 | C41: 0 | D41: 0 | E41: 0 | F41: 0 | G41: 0.048111092 | H41: 0.14799969 | I41: 0.27657194 | J41: 0.88539865 | K41: 1.2445205 | L41: 1.1178345 | M41: 1.2815292 | N41: 1.1179967 | O41: 1.4297942 | P41: 1.4598092 | Q41: 1.5006607 | R41: 1.4978175 | S41: 1.1562276 | T41: 1.1723239 | U41: 0.94027666 | V41: 1.3360601 | W41: 1.3097628 | X41: 0.65617209 | Y41: 0.36269752 | Z41: 0.82564242 | AA41: 1.3603843 | AB41: 0.96288218 | AC41: 1.0496363 | AD41: 0.78923186
A42: 93.9 OCEANO | B42: 0.046660273 | C42: 0.046660273 | D42: 0 | E42: 0 | F42: 0 | G42: 0 | H42: 0.088946513 | I42: 0.16468279 | J42: 0.51550709 | K42: 0.60481245 | L42: 0.73175583 | M42: 0.97945315 | N42: 1.2591216 | O42: 1.0483132 | P42: 0.90256263 | Q42: 0.7556288 | R42: 0.82551466 | S42: 0.65580282 | T42: 0.50450199 | U42: 0.052260522 | V42: 0.052260522 | W42: 0.052260522 | X42: 0.052260522 | Y42: 0.052260522 | Z42: 0.51419297 | AA42: 0.90782396 | AB42: 0.1276341 | AC42: 0.51655035 | AD42: 0.39130112
A43: 94.7 E. DEL SUR | B43: 0 | C43: 0 | D43: 0 | E43: 0 | F43: 0 | G43: 0 | H43: 0 | I43: 0.049560189 | J43: 0.049560189 | K43: 0 | L43: 0.051100418 | M43: 0.099130963 | N43: 0 | O43: 0 | P43: 0 | Q43: 0 | R43: 0.048555346 | S43: 0 | T43: 0 | U43: 0.095218584 | V43: 0.051100418 | W43: 0.051100418 | X43: 0.051100418 | Y43: 0.051100418 | Z43: 0.041558627 | AA43: 0.0080925577 | AB43: 0.049936709 | AC43: 0.033195965 | AD43: 0.024896973
A44: 95.5 DEL PLATA | B44: 0.05049853 | C44: 0.05049853 | D44: 0 | E44: 0 | F44: 0.049173563 | G44: 0.049173563 | H44: 0.049173563 | I44: 0.19185986 | J44: 0.47025119 | K44: 0.85727313 | L44: 0.95302176 | M44: 1.0803653 | N44: 1.1456234 | O44: 0.92308773 | P44: 1.0787516 | Q44: 1.0736344 | R44: 0.99409472 | S44: 1.0141284 | T44: 0.74549108 | U44: 0.67049367 | V44: 0.26907499 | W44: 0.20298075 | X44: 0.048460028 | Y44: 0.048460028 | Z44: 0.60032413 | AA44: 1.0382201 | AB44: 0.33082676 | AC44: 0.65645698 | AD44: 0.50064874
A45: 96.3 ALFA | B45: 0 | C45: 0 | D45: 0 | E45: 0 | F45: 0 | G45: 0 | H45: 0.058979286 | I45: 0.058979286 | J45: 0.10940905 | K45: 0.20460918 | L45: 0.20460918 | M45: 0.14562989 | N45: 0.14562989 | O45: 0.098747338 | P45: 0.098747338 | Q45: 0.050429763 | R45: 0.050429763 | S45: 0.050429763 | T45: 0.051100418 | U45: 0.051100418 | V45: 0 | W45: 0 | X45: 0 | Y45: 0 | Z45: 0.13036931 | AA45: 0.082402309 | AB45: 0.017033473 | AC45: 0.076601698 | AD45: 0.057451273
A46: 97.1 BABEL | B46: 0 | C46: 0.045114826 | D46: 0 | E46: 0 | F46: 0 | G46: 0.045114826 | H46: 0 | I46: 0 | J46: 0 | K46: 0.20768128 | L46: 0.41780068 | M46: 0.34147309 | N46: 0.3104158 | O46: 0.25509846 | P46: 0.37441643 | Q46: 0.13375178 | R46: 0.18163907 | S46: 0.1832934 | T46: 0.1832934 | U46: 0.18009066 | V46: 0.18443157 | W46: 0 | X46: 0 | Y46: 0.045114826 | Z46: 0.16115918 | AA46: 0.23976916 | AB46: 0.098821743 | AC46: 0.16658336 | AD46: 0.12869709
A47: 97.9 M24 | B47: 0 | C47: 0 | D47: 0 | E47: 0 | F47: 0 | G47: 0 | H47: 0 | I47: 0.14249585 | J47: 0.14249585 | K47: 0.41930328 | L47: 0.41930328 | M47: 0.59400632 | N47: 0.48525391 | O47: 0.49621799 | P47: 0.49621799 | Q47: 0.42806335 | R47: 0.42806335 | S47: 0.42806335 | T47: 0.51958832 | U47: 0.36552646 | V47: 0.21341102 | W47: 0.2481757 | X47: 0.2481757 | Y47: 0.29412496 | Z47: 0.28626743 | AA47: 0.46031332 | AB47: 0.31483369 | AC47: 0.35380482 | AD47: 0.26535361
... A63: RATING GENERAL | B63: 2.482814 | C63: 1.2816712 | D63: 0.78138364 | E63: 0.43230705 | F63: 0.64545355 | G63: 2.1310575 | H63: 6.1926706 | I63: 11.697969 | J63: 19.391393 | K63: 25.279684 | L63: 27.607554 | M63: 27.744756 | N63: 22.552369 | O63: 21.084965 | P63: 21.749351 | Q63: 23.352162 | R63: 21.564038 | S63: 19.680841 | T63: 17.424054 | U63: 12.499138 | V63: 10.673049 | W63: 9.3648353 | X63: 5.9153728 | Y63: 4.3807087 | Z63: 19.652338 | AA63: 21.663954 | AB63: 10.04286 | AC63: 17.119717 | AD63: 13.1629

Sheet RatxLDxD2E
A1: CUADRO 21: RESUMEN DE RATING POR HORA - SEGMENTO D2E | AM | LUNES A DOMINGO
A2: RADIOS | B2: HORAS | Z2: PROMEDIO
B3: 00:00 - 00:59 | C3: 01:00 - 01:59 | D3: 02:00 - 02:59 | E3: 03:00 - 03:59 | F3: 04:00 - 04:59 | G3: 05:00 - 05:59 | H3: 06:00 - 06:59 | I3: 07:00 - 07:59 | J3: 08:00 - 08:59 | K3: 09:00 - 09:59 | L3: 10:00 - 10:59 | M3: 11:00 - 11:59 | N3: 12:00 - 12:59 | O3: 13:00 - 13:59 | P3: 14:00 - 14:59 | Q3: 15:00 - 15:59 | R3: 16:00 - 16:59 | S3: 17:00 - 17:59 | T3: 18:00 - 18:59 | U3: 19:00 - 19:59 | V3: 20:00 - 20:59 | W3: 21:00 - 21:59 | X3: 22:00 - 22:59 | Y3: 23:00 - 23:59 | Z3: 06:00 - 11:59 | AA3: 12:00 - 17:59 | AB3: 18:00 - 23:59 | AC3: 06:00 - 23:59 | AD3: 00:00 - 24:00
A4: CX4 RURAL | B4: 0.039837788 | C4: 0.039837788 | D4: 0.039837788 | E4: 0 | F4: 0 | G4: 0 | H4: 0 | I4: 0.043494506 | J4: 0.043494506 | K4: 0.043494506 | L4: 0.043494506 | M4: 0.043494506 | N4: 0.043494506 | O4: 0.043494506 | P4: 0.331519 | Q4: 0.2591889 | R4: 0.2591889 | S4: 0 | T4: 0 | U4: 0 | V4: 0 | W4: 0 | X4: 0.033357747 | Y4: 0.033357747 | Z4: 0.036245422 | AA4: 0.15614763 | AB4: 0.011119249 | AC4: 0.067837435 | AD4: 0.0558578
A5: CX6 CLÁSICA | B5: 0 | C5: 0 | D5: 0 | E5: 0 | F5: 0 | G5: 0 | H5: 0 | I5: 0 | J5: 0 | K5: 0 | L5: 0 | M5: 0 | N5: 0 | O5: 0 | P5: 0 | Q5: 0 | R5: 0 | S5: 0 | T5: 0 | U5: 0 | V5: 0 | W5: 0 | X5: 0.039084186 | Y5: 0 | Z5: 0 | AA5: 0 | AB5: 0.0065140309 | AC5: 0.0021713436 | AD5: 0.0016285077
A6: CX8 SARANDI | B6: 0 | C6: 0 | D6: 0 | E6: 0 | F6: 0 | G6: 0.02940573 | H6: 0.33336257 | I6: 0.61090355 | J6: 0.67713135 | K6: 0.29406711 | L6: 0.12261219 | M6: 0.25959384 | N6: 0.05767991 | O6: 0.05767991 | P6: 0.05767991 | Q6: 0.13981429 | R6: 0.13981429 | S6: 0.13981429 | T6: 0.13981429 | U6: 0 | V6: 0 | W6: 0 | X6: 0.19502896 | Y6: 0 | Z6: 0.3829451 | AA6: 0.0987471 | AB6: 0.055807208 | AC6: 0.17916647 | AD6: 0.13560009
A7: CX10 CONTINENTE | B7: 0.042240117 | C7: 0.042240117 | D7: 0.042240117 | E7: 0.042240117 | F7: 0.042240117 | G7: 0.042240117 | H7: 0.083754848 | I7: 0.083754848 | J7: 0.083754848 | K7: 0.042240117 | L7: 0.042240117 | M7: 0.042240117 | N7: 0.042240117 | O7: 0.042240117 | P7: 0.042240117 | Q7: 0.042240117 | R7: 0.042240117 | S7: 0.042240117 | T7: 0.042240117 | U7: 0.042240117 | V7: 0.042240117 | W7: 0.042240117 | X7: 0.042240117 | Y7: 0.042240117 | Z7: 0.062997483 | AA7: 0.042240117 | AB7: 0.042240117 | AC7: 0.049159239 | AD7: 0.047429459
A8: CX12 ORIENTAL | B8: 0.030266057 | C8: 0.030266057 | D8: 0 | E8: 0 | F8: 0 | G8: 0 | H8: 0 | I8: 0.052004872 | J8: 0 | K8: 0 | L8: 0 | M8: 0.17304147 | N8: 0.20264154 | O8: 0 | P8: 0 | Q8: 0 | R8: 0 | S8: 0 | T8: 0 | U8: 0 | V8: 0 | W8: 0.16845486 | X8: 0.028727087 | Y8: 0.19718195 | Z8: 0.037507724 | AA8: 0.03377359 | AB8: 0.065727316 | AC8: 0.045669543 | AD8: 0.036774329
A9: CX14 EL ESPECTADOR | B9: 0 | C9: 0 | D9: 0 | E9: 0 | F9: 0 | G9: 0 | H9: 0 | I9: 0 | J9: 0 | K9: 0 | L9: 0 | M9: 0 | N9: 0 | O9: 0 | P9: 0 | Q9: 0.10503741 | R9: 0.10503741 | S9: 0 | T9: 0 | U9: 0 | V9: 0 | W9: 0 | X9: 0 | Y9: 0 | Z9: 0 | AA9: 0.035012468 | AB9: 0 | AC9: 0.011670823 | AD9: 0.0087531171
A10: CX16 CARVE | B10: 0 | C10: 0 | D10: 0 | E10: 0 | F10: 0 | G10: 0 | H10: 0.026130615 | I10: 0.026130615 | J10: 0.026130615 | K10: 0.026130615 | L10: 0.026130615 | M10: 0.026130615 | N10: 0.026130615 | O10: 0.026130615 | P10: 0.026130615 | Q10: 0.058074862 | R10: 0.058074862 | S10: 0.026130615 | T10: 0.026130615 | U10: 0.026130615 | V10: 0.026130615 | W10: 0.026130615 | X10: 0.27426587 | Y10: 0 | Z10: 0.026130615 | AA10: 0.036778697 | AB10: 0.063131388 | AC10: 0.042013567 | AD10: 0.031510175
A11: CX18 SPORT 890 | B11: 0 | C11: 0 | D11: 0 | E11: 0 | F11: 0 | G11: 0 | H11: 0.14796486 | I11: 0.19979691 | J11: 0.21980453 | K11: 0.25931128 | L11: 0.5564321 | M11: 0.32231895 | N11: 0.50483006 | O11: 0.50483006 | P11: 0.50483006 | Q11: 0.57682923 | R11: 0.53732247 | S11: 0.53732247 | T11: 0.36424362 | U11: 0.32540564 | V11: 0.29326245 | W11: 0.19492257 | X11: 0.19492257 | Y11: 0.14796486 | Z11: 0.28427144 | AA11: 0.52766072 | AB11: 0.25345362 | AC11: 0.35512859 | AD11: 0.26634644
A12: CX20 MONTECARLO | B12: 0.076764273 | C12: 0 | D12: 0 | E12: 0 | F12: 0.13432924 | G12: 0.20403032 | H12: 0.86827594 | I12: 1.3728295 | J12: 2.2615529 | K12: 2.2231035 | L12: 2.725651 | M12: 2.2121106 | N12: 1.1601291 | O12: 1.4330285 | P12: 1.1911213 | Q12: 0.90148852 | R12: 0.90148852 | S12: 0.68061431 | T12: 0.70987757 | U12: 0.42703567 | V12: 0.29633411 | W12: 0.38017224 | X12: 0.43200428 | Y12: 0.48019027 | Z12: 1.9439206 | AA12: 1.044645 | AB12: 0.45426902 | AC12: 1.1476115 | AD12: 0.87800549
A13: CX22 UNIVERSAL | B13: 0.21571378 | C13: 0.21571378 | D13: 0.21571378 | E13: 0 | F13: 0 | G13: 0 | H13: 0 | I13: 0 | J13: 0.035332213 | K13: 0.035332213 | L13: 0 | M13: 0 | N13: 0.31427424 | O13: 0.54838739 | P13: 0.056569975 | Q13: 0.24229798 | R13: 0.26983608 | S13: 0.241109 | T13: 0.088517512 | U13: 0 | V13: 0 | W13: 0.036632978 | X13: 0 | Y13: 0 | Z13: 0.011777404 | AA13: 0.27874578 | AB13: 0.020858415 | AC13: 0.10379387 | AD13: 0.10480962
A14: CX24 RADIO 1010 AM | B14: 0 | C14: 0 | D14: 0 | E14: 0 | F14: 0 | G14: 0 | H14: 0 | I14: 0 | J14: 0 | K14: 0 | L14: 0 | M14: 0 | N14: 0.13400627 | O14: 0.058568932 | P14: 0.058568932 | Q14: 0.13463747 | R14: 0.15526984 | S14: 0 | T14: 0 | U14: 0.10503741 | V14: 0 | W14: 0 | X14: 0 | Y14: 0 | Z14: 0 | AA14: 0.090175241 | AB14: 0.017506234 | AC14: 0.035893825 | AD14: 0.026920369
A15: CX26 RADIO URUGUAY | B15: 0.21909764 | C15: 0.21909764 | D15: 0 | E15: 0 | F15: 0 | G15: 0 | H15: 0 | I15: 0 | J15: 0 | K15: 0 | L15: 0 | M15: 0 | N15: 0.031944247 | O15: 0 | P15: 0 | Q15: 0.031944247 | R15: 0.031944247 | S15: 0 | T15: 0 | U15: 0.031944247 | V15: 0 | W15: 0 | X15: 0 | Y15: 0.05208614 | Z15: 0 | AA15: 0.015972124 | AB15: 0.014005065 | AC15: 0.0099923961 | AD15: 0.025752434
... A31: RATING GENERAL | B31: 3.5982758 | C31: 2.0052552 | D31: 2.1176616 | E31: 1.2833199 | F31: 0.99362297 | G31: 2.6476907 | H31: 5.6764765 | I31: 7.8675577 | J31: 15.2839 | K31: 20.435722 | L31: 26.080498 | M31: 26.365466 | N31: 25.361975 | O31: 23.393684 | P31: 21.60637 | Q31: 26.75574 | R31: 25.64148 | S31: 22.559791 | T31: 20.170161 | U31: 16.418667 | V31: 13.192731 | W31: 12.014207 | X31: 7.6287887 | Y31: 6.027903 | Z31: 16.951603 | AA31: 24.21984 | AB31: 12.57541 | AC31: 17.915618 | AD31: 13.963623
A33: CUADRO 22: RESUMEN DE RATING POR HORA - SEGMENTO D2E | FM | LUNES A DOMINGO
A34: RADIOS | B34: HORAS | Z34: PROMEDIO
B35: 00:00 - 00:59 | C35: 01:00 - 01:59 | D35: 02:00 - 02:59 | E35: 03:00 - 03:59 | F35: 04:00 - 04:59 | G35: 05:00 - 05:59 | H35: 06:00 - 06:59 | I35: 07:00 - 07:59 | J35: 08:00 - 08:59 | K35: 09:00 - 09:59 | L35: 10:00 - 10:59 | M35: 11:00 - 11:59 | N35: 12:00 - 12:59 | O35: 13:00 - 13:59 | P35: 14:00 - 14:59 | Q35: 15:00 - 15:59 | R35: 16:00 - 16:59 | S35: 17:00 - 17:59 | T35: 18:00 - 18:59 | U35: 19:00 - 19:59 | V35: 20:00 - 20:59 | W35: 21:00 - 21:59 | X35: 22:00 - 22:59 | Y35: 23:00 - 23:59 | Z35: 06:00 - 11:59 | AA35: 12:00 - 17:59 | AB35: 18:00 - 23:59 | AC35: 06:00 - 23:59 | AD35: 00:00 - 24:00
A36: 88.3 LACOSTA | B36: 0 | C36: 0 | D36: 0 | E36: 0 | F36: 0 | G36: 0 | H36: 0 | I36: 0 | J36: 0.16651393 | K36: 0.27957438 | L36: 0.64178187 | M36: 0.6720062 | N36: 0.63766717 | O36: 0.55711206 | P36: 0.52679791 | Q36: 0.37133701 | R36: 0.38114281 | S36: 0.41131184 | T36: 0.38114281 | U36: 0.23941857 | V36: 0.55323435 | W36: 0.43565881 | X36: 0.31381577 | Y36: 0 | Z36: 0.29331273 | AA36: 0.4808948 | AB36: 0.32054505 | AC36: 0.36491753 | AD36: 0.27368815
A37: 90.3 OLDIES | B37: 0 | C37: 0.084612347 | D37: 0 | E37: 0 | F37: 0.029217598 | G37: 0.029217598 | H37: 0.71096804 | I37: 0.422354 | J37: 0.91627377 | K37: 0.97454523 | L37: 0.73705372 | M37: 0.98327736 | N37: 0.47192659 | O37: 0.25445275 | P37: 0.18100768 | Q37: 0.34857696 | R37: 0.34857696 | S37: 0.18748105 | T37: 0.16888059 | U37: 0.093941126 | V37: 0.30473489 | W37: 0.049595227 | X37: 0.059092917 | Y37: 0.059092917 | Z37: 0.79074535 | AA37: 0.29867033 | AB37: 0.12255628 | AC37: 0.40399065 | AD37: 0.3089533
A38: 91.1 RADIOFUTURA | B38: 0 | C38: 0 | D38: 0 | E38: 0 | F38: 0 | G38: 0 | H38: 0 | I38: 0 | J38: 0.10369431 | K38: 0.29759147 | L38: 0.25829347 | M38: 0.29717463 | N38: 0.81338347 | O38: 1.0975781 | P38: 1.4105161 | Q38: 1.4105161 | R38: 1.2048045 | S38: 1.176088 | T38: 0.86034401 | U38: 0.51163004 | V38: 0.2778249 | W38: 0.2778249 | X38: 0.14563573 | Y38: 0.14563573 | Z38: 0.15945898 | AA38: 1.185481 | AB38: 0.36981588 | AC38: 0.5715853 | AD38: 0.42868897
A39: 91.9 DISNEY | B39: 0 | C39: 0 | D39: 0 | E39: 0 | F39: 0 | G39: 0.10106439 | H39: 0.095065973 | I39: 0.095332043 | J39: 0.27216582 | K39: 0.99448371 | L39: 1.8378877 | M39: 1.9700344 | N39: 1.6912643 | O39: 1.219345 | P39: 1.327462 | Q39: 1.1393583 | R39: 1.1299467 | S39: 0.87777407 | T39: 0.72719231 | U39: 0.79224241 | V39: 0.22491064 | W39: 0.17694137 | X39: 0 | Y39: 0 | Z39: 0.87749494 | AA39: 1.2308584 | AB39: 0.32021446 | AC39: 0.80952259 | AD39: 0.61135296
A40: 92.5 CONCIERTO URBANA | B40: 0 | C40: 0 | D40: 0 | E40: 0 | F40: 0 | G40: 0 | H40: 0.039142238 | I40: 0.12365481 | J40: 0.20865055 | K40: 0.16758681 | L40: 0.16758681 | M40: 0 | N40: 0.46697209 | O40: 0.20905292 | P40: 0.039297997 | Q40: 0.039297997 | R40: 0 | S40: 0 | T40: 0 | U40: 0 | V40: 0.038881158 | W40: 0.027763708 | X40: 0 | Y40: 0 | Z40: 0.1177702 | AA40: 0.12577017 | AB40: 0.011107478 | AC40: 0.084882616 | AD40: 0.063661962
A41: 93.1 INOLVIDABLE | B41: 0 | C41: 0 | D41: 0 | E41: 0 | F41: 0 | G41: 0 | H41: 0.41886388 | I41: 0.41886388 | J41: 1.5611792 | K41: 1.9190517 | L41: 2.3534082 | M41: 2.8722 | N41: 4.0674114 | O41: 4.321671 | P41: 4.0200013 | Q41: 3.6499587 | R41: 3.9603723 | S41: 2.7175767 | T41: 2.6645518 | U41: 2.5058635 | V41: 1.4094921 | W41: 1.2551354 | X41: 0.38598189 | Y41: 0.33726499 | Z41: 1.5905945 | AA41: 3.7894986 | AB41: 1.4263816 | AC41: 2.2688249 | AD41: 1.7016187
A42: 93.9 OCEANO | B42: 0.031658681 | C42: 0 | D42: 0 | E42: 0 | F42: 0 | G42: 0 | H42: 0.049204232 | I42: 0.18783826 | J42: 0.1929414 | K42: 0.40501385 | L42: 0.40501385 | M42: 0.51978457 | N42: 0.39009715 | O42: 0.29574312 | P42: 0.40661257 | Q42: 0.42989053 | R42: 0.38029531 | S42: 0.23198205 | T42: 0.2629548 | U42: 0 | V42: 0.068865113 | W42: 0.068865113 | X42: 0 | Y42: 0 | Z42: 0.29329936 | AA42: 0.35577012 | AB42: 0.066780837 | AC42: 0.23861677 | AD42: 0.18028169
A43: 94.7 E. DEL SUR | B43: 0 | C43: 0 | D43: 0 | E43: 0 | F43: 0 | G43: 0 | H43: 0 | I43: 0 | J43: 0 | K43: 0 | L43: 0 | M43: 0 | N43: 0 | O43: 0 | P43: 0.072342348 | Q43: 0.30084464 | R43: 0 | S43: 0 | T43: 0 | U43: 0 | V43: 0 | W43: 0 | X43: 0 | Y43: 0 | Z43: 0 | AA43: 0.062197831 | AB43: 0 | AC43: 0.02073261 | AD43: 0.015549458
A44: 95.5 DEL PLATA | B44: 0 | C44: 0 | D44: 0.045105591 | E44: 0 | F44: 0 | G44: 0 | H44: 0.029711439 | I44: 0.25808791 | J44: 0.28696154 | K44: 0.25808791 | L44: 0.33471651 | M44: 0.33471651 | N44: 0.30301139 | O44: 0.27413776 | P44: 0.27771459 | Q44: 0.36515416 | R44: 0.41387239 | S44: 0.59896239 | T44: 0.51152282 | U44: 0.5107652 | V44: 0.27633708 | W44: 0.32470675 | X44: 0.04836967 | Y44: 0.04836967 | Z44: 0.2503803 | AA44: 0.37214211 | AB44: 0.28667853 | AC44: 0.30306698 | AD44: 0.22917964
A45: 96.3 ALFA | B45: 0 | C45: 0 | D45: 0 | E45: 0 | F45: 0 | G45: 0 | H45: 0 | I45: 0 | J45: 0 | K45: 0 | L45: 0.071132544 | M45: 0.071132544 | N45: 0 | O45: 0 | P45: 0 | Q45: 0 | R45: 0 | S45: 0 | T45: 0 | U45: 0 | V45: 0 | W45: 0.049406401 | X45: 0 | Y45: 0 | Z45: 0.023710848 | AA45: 0 | AB45: 0.0082344002 | AC45: 0.010648416 | AD45: 0.0079863121
A46: 97.1 BABEL | B46: 0 | C46: 0 | D46: 0 | E46: 0 | F46: 0 | G46: 0 | H46: 0.040106122 | I46: 0.2065042 | J46: 0.29873841 | K46: 0.60176317 | L46: 0.59108215 | M46: 0.46732491 | N46: 0.22142544 | O46: 0.10305752 | P46: 0.10305752 | Q46: 0 | R46: 0 | S46: 0 | T46: 0 | U46: 0 | V46: 0.037330604 | W46: 0.037330604 | X46: 0 | Y46: 0.056953114 | Z46: 0.36758649 | AA46: 0.071256748 | AB46: 0.02193572 | AC46: 0.15359299 | AD46: 0.11519474
A47: 97.9 M24 | B47: 0 | C47: 0 | D47: 0 | E47: 0 | F47: 0 | G47: 0 | H47: 0 | I47: 0.043192362 | J47: 0.28801278 | K47: 0.28801278 | L47: 0.30984793 | M47: 0.10454554 | N47: 0 | O47: 0 | P47: 0.036753621 | Q47: 0.036753621 | R47: 0 | S47: 0 | T47: 0 | U47: 0 | V47: 0.035576663 | W47: 0.035576663 | X47: 0 | Y47: 0.052739351 | Z47: 0.17226856 | AA47: 0.012251207 | AB47: 0.02064878 | AC47: 0.068389517 | AD47: 0.051292138
... A63: RATING GENERAL | B63: 3.5982758 | C63: 2.0052552 | D63: 2.1176616 | E63: 1.2833199 | F63: 0.99362297 | G63: 2.6476907 | H63: 5.6764765 | I63: 7.8675577 | J63: 15.2839 | K63: 20.435722 | L63: 26.080498 | M63: 26.365466 | N63: 25.361975 | O63: 23.393684 | P63: 21.60637 | Q63: 26.75574 | R63: 25.64148 | S63: 22.559791 | T63: 20.170161 | U63: 16.418667 | V63: 13.192731 | W63: 12.014207 | X63: 7.6287887 | Y63: 6.027903 | Z63: 16.951603 | AA63: 24.21984 | AB63: 12.57541 | AC63: 17.915618 | AD63: 13.963623

Sheet RatxLVxD2E
A1: CUADRO 23: RESUMEN DE RATING POR HORA - SEGMENTO D2E | AM | LUNES A VIERNES
A2: RADIOS | B2: HORAS | Z2: PROMEDIO
B3: 00:00 - 00:59 | C3: 01:00 - 01:59 | D3: 02:00 - 02:59 | E3: 03:00 - 03:59 | F3: 04:00 - 04:59 | G3: 05:00 - 05:59 | H3: 06:00 - 06:59 | I3: 07:00 - 07:59 | J3: 08:00 - 08:59 | K3: 09:00 - 09:59 | L3: 10:00 - 10:59 | M3: 11:00 - 11:59 | N3: 12:00 - 12:59 | O3: 13:00 - 13:59 | P3: 14:00 - 14:59 | Q3: 15:00 - 15:59 | R3: 16:00 - 16:59 | S3: 17:00 - 17:59 | T3: 18:00 - 18:59 | U3: 19:00 - 19:59 | V3: 20:00 - 20:59 | W3: 21:00 - 21:59 | X3: 22:00 - 22:59 | Y3: 23:00 - 23:59 | Z3: 06:00 - 11:59 | AA3: 12:00 - 17:59 | AB3: 18:00 - 23:59 | AC3: 06:00 - 23:59 | AD3: 00:00 - 24:00
A4: CX4 RURAL | B4: 0.055772904 | C4: 0.055772904 | D4: 0.055772904 | E4: 0 | F4: 0 | G4: 0 | H4: 0 | I4: 0 | J4: 0 | K4: 0 | L4: 0 | M4: 0 | N4: 0 | O4: 0 | P4: 0.26519442 | Q4: 0.26519442 | R4: 0.26519442 | S4: 0 | T4: 0 | U4: 0 | V4: 0 | W4: 0 | X4: 0.046700846 | Y4: 0.046700846 | Z4: 0 | AA4: 0.13259721 | AB4: 0.015566949 | AC4: 0.049388053 | AD4: 0.044012653
A5: CX6 CLÁSICA | B5: 0 | C5: 0 | D5: 0 | E5: 0 | F5: 0 | G5: 0 | H5: 0 | I5: 0 | J5: 0 | K5: 0 | L5: 0 | M5: 0 | N5: 0 | O5: 0 | P5: 0 | Q5: 0 | R5: 0 | S5: 0 | T5: 0 | U5: 0 | V5: 0 | W5: 0 | X5: 0.05471786 | Y5: 0 | Z5: 0 | AA5: 0 | AB5: 0.0091196433 | AC5: 0.0030398811 | AD5: 0.0022799108
A6: CX8 SARANDI | B6: 0 | C6: 0 | D6: 0 | E6: 0 | F6: 0 | G6: 0 | H6: 0.30393407 | I6: 0.51875925 | J6: 0.72397719 | K6: 0.35046078 | L6: 0.12219197 | M6: 0.31396628 | N6: 0.080751874 | O6: 0.080751874 | P6: 0.080751874 | Q6: 0 | R6: 0 | S6: 0 | T6: 0 | U6: 0 | V6: 0 | W6: 0 | X6: 0.16482656 | Y6: 0 | Z6: 0.38888159 | AA6: 0.040375937 | AB6: 0.027471093 | AC6: 0.15224287 | AD6: 0.11418215
A7: CX10 CONTINENTE | B7: 0.059136164 | C7: 0.059136164 | D7: 0.059136164 | E7: 0.059136164 | F7: 0.059136164 | G7: 0.059136164 | H7: 0.11725679 | I7: 0.11725679 | J7: 0.11725679 | K7: 0.059136164 | L7: 0.059136164 | M7: 0.059136164 | N7: 0.059136164 | O7: 0.059136164 | P7: 0.059136164 | Q7: 0.059136164 | R7: 0.059136164 | S7: 0.059136164 | T7: 0.059136164 | U7: 0.059136164 | V7: 0.059136164 | W7: 0.059136164 | X7: 0.059136164 | Y7: 0.059136164 | Z7: 0.088196476 | AA7: 0.059136164 | AB7: 0.059136164 | AC7: 0.068822935 | AD7: 0.066401242
A8: CX12 ORIENTAL | B8: 0.042372479 | C8: 0.042372479 | D8: 0 | E8: 0 | F8: 0 | G8: 0 | H8: 0 | I8: 0.072806821 | J8: 0 | K8: 0 | L8: 0 | M8: 0.19177431 | N8: 0.23321441 | O8: 0 | P8: 0 | Q8: 0 | R8: 0 | S8: 0 | T8: 0 | U8: 0 | V8: 0 | W8: 0.19177431 | X8: 0 | Y8: 0.19177431 | Z8: 0.044096856 | AA8: 0.038869068 | AB8: 0.063924771 | AC8: 0.048963565 | AD8: 0.040253714
A9: CX14 EL ESPECTADOR | B9: 0 | C9: 0 | D9: 0 | E9: 0 | F9: 0 | G9: 0 | H9: 0 | I9: 0 | J9: 0 | K9: 0 | L9: 0 | M9: 0 | N9: 0 | O9: 0 | P9: 0 | Q9: 0.14705237 | R9: 0.14705237 | S9: 0 | T9: 0 | U9: 0 | V9: 0 | W9: 0 | X9: 0 | Y9: 0 | Z9: 0 | AA9: 0.049017456 | AB9: 0 | AC9: 0.016339152 | AD9: 0.012254364
A10: CX16 CARVE | B10: 0 | C10: 0 | D10: 0 | E10: 0 | F10: 0 | G10: 0 | H10: 0.036582861 | I10: 0.036582861 | J10: 0.036582861 | K10: 0.036582861 | L10: 0.036582861 | M10: 0.036582861 | N10: 0.036582861 | O10: 0.036582861 | P10: 0.036582861 | Q10: 0.081304807 | R10: 0.081304807 | S10: 0.036582861 | T10: 0.036582861 | U10: 0.036582861 | V10: 0.036582861 | W10: 0.036582861 | X10: 0.25140805 | Y10: 0 | Z10: 0.036582861 | AA10: 0.051490176 | AB10: 0.066289915 | AC10: 0.051454317 | AD10: 0.038590738
A11: CX18 SPORT 890 | B11: 0 | C11: 0 | D11: 0 | E11: 0 | F11: 0 | G11: 0 | H11: 0.2071508 | I11: 0.27971567 | J11: 0.26655831 | K11: 0.32186777 | L11: 0.54141219 | M11: 0.32186777 | N11: 0.47971328 | O11: 0.47971328 | P11: 0.47971328 | Q11: 0.53104703 | R11: 0.47573757 | S11: 0.47573757 | T11: 0.37226523 | U11: 0.31789206 | V11: 0.2728916 | W11: 0.2728916 | X11: 0.2728916 | Y11: 0.2071508 | Z11: 0.32309542 | AA11: 0.48694367 | AB11: 0.28599715 | AC11: 0.36534541 | AD11: 0.27400906
A12: CX20 MONTECARLO | B12: 0.063147828 | C12: 0 | D12: 0 | E12: 0 | F12: 0.14355091 | G12: 0.19025176 | H12: 0.87839222 | I12: 1.1899792 | J12: 2.2493948 | K12: 2.4604144 | L12: 2.8615588 | M12: 2.2824581 | N12: 0.96795143 | O12: 1.4159888 | P12: 1.1469184 | Q12: 0.96795143 | R12: 0.96795143 | S12: 0.7703141 | T12: 0.81128266 | U12: 0.42832727 | V12: 0.26402749 | W12: 0.43685044 | X12: 0.5094153 | Y12: 0.44431151 | Z12: 1.987033 | AA12: 1.0395126 | AB12: 0.48236911 | AC12: 1.1696382 | AD12: 0.89376827
A13: CX22 UNIVERSAL | B13: 0.23742977 | C13: 0.23742977 | D13: 0.23742977 | E13: 0 | F13: 0 | G13: 0 | H13: 0 | I13: 0 | J13: 0 | K13: 0 | L13: 0 | M13: 0 | N13: 0.32028286 | O13: 0.53982728 | P13: 0.038980044 | Q13: 0.20269793 | R13: 0.20269793 | S13: 0.20269793 | T13: 0.12392452 | U13: 0 | V13: 0 | W13: 0.051286169 | X13: 0 | Y13: 0 | Z13: 0 | AA13: 0.25119733 | AB13: 0.029201781 | AC13: 0.093466369 | AD13: 0.099778497
A14: CX24 RADIO 1010 AM | B14: 0 | C14: 0 | D14: 0 | E14: 0 | F14: 0 | G14: 0 | H14: 0 | I14: 0 | J14: 0 | K14: 0 | L14: 0 | M14: 0 | N14: 0.18760878 | O14: 0.081996505 | P14: 0.081996505 | Q14: 0.18849246 | R14: 0.21737777 | S14: 0 | T14: 0 | U14: 0.14705237 | V14: 0 | W14: 0 | X14: 0 | Y14: 0 | Z14: 0 | AA14: 0.12624534 | AB14: 0.024508728 | AC14: 0.050251355 | AD14: 0.037688516
A15: CX26 RADIO URUGUAY | B15: 0.24550352 | C15: 0.24550352 | D15: 0 | E15: 0 | F15: 0 | G15: 0 | H15: 0 | I15: 0 | J15: 0 | K15: 0 | L15: 0 | M15: 0 | N15: 0.044721946 | O15: 0 | P15: 0 | Q15: 0.044721946 | R15: 0.044721946 | S15: 0 | T15: 0 | U15: 0.044721946 | V15: 0 | W15: 0 | X15: 0 | Y15: 0.072920596 | Z15: 0 | AA15: 0.022360973 | AB15: 0.01960709 | AC15: 0.013989355 | AD15: 0.030950643
... A31: RATING GENERAL | B31: 4.4594073 | C31: 2.558601 | D31: 2.7772032 | E31: 1.6791831 | F31: 1.2445619 | G31: 3.1648851 | H31: 6.2400901 | I31: 7.7059612 | J31: 15.077621 | K31: 20.592435 | L31: 27.206329 | M31: 27.097151 | N31: 24.965823 | O31: 22.616455 | P31: 21.217679 | Q31: 26.704387 | R31: 26.626751 | S31: 23.136542 | T31: 20.701984 | U31: 16.850632 | V31: 14.080261 | W31: 13.093485 | X31: 8.2232076 | Y31: 6.6732236 | Z31: 17.319931 | AA31: 24.211273 | AB31: 13.270466 | AC31: 18.267223 | AD31: 14.362244
A33: CUADRO 24: RESUMEN DE RATING POR HORA - SEGMENTO D2E | FM | LUNES A VIERNES
A34: RADIOS | B34: HORAS | Z34: PROMEDIO
B35: 00:00 - 00:59 | C35: 01:00 - 01:59 | D35: 02:00 - 02:59 | E35: 03:00 - 03:59 | F35: 04:00 - 04:59 | G35: 05:00 - 05:59 | H35: 06:00 - 06:59 | I35: 07:00 - 07:59 | J35: 08:00 - 08:59 | K35: 09:00 - 09:59 | L35: 10:00 - 10:59 | M35: 11:00 - 11:59 | N35: 12:00 - 12:59 | O35: 13:00 - 13:59 | P35: 14:00 - 14:59 | Q35: 15:00 - 15:59 | R35: 16:00 - 16:59 | S35: 17:00 - 17:59 | T35: 18:00 - 18:59 | U35: 19:00 - 19:59 | V35: 20:00 - 20:59 | W35: 21:00 - 21:59 | X35: 22:00 - 22:59 | Y35: 23:00 - 23:59 | Z35: 06:00 - 11:59 | AA35: 12:00 - 17:59 | AB35: 18:00 - 23:59 | AC35: 06:00 - 23:59 | AD35: 00:00 - 24:00
A36: 88.3 LACOSTA | B36: 0 | C36: 0 | D36: 0 | E36: 0 | F36: 0 | G36: 0 | H36: 0 | I36: 0 | J36: 0.2331195 | K36: 0.28933764 | L36: 0.74145565 | M36: 0.70030034 | N36: 0.73569506 | O36: 0.68081163 | P36: 0.65297445 | Q36: 0.36283284 | R36: 0.37656096 | S36: 0.41879761 | T36: 0.37656096 | U36: 0.2331195 | V36: 0.55087878 | W36: 0.44416674 | X36: 0.31775927 | Y36: 0 | Z36: 0.32736885 | AA36: 0.53794543 | AB36: 0.32041421 | AC36: 0.39524283 | AD36: 0.29643212
A37: 90.3 OLDIES | B37: 0 | C37: 0.11845729 | D37: 0 | E37: 0 | F37: 0.040904637 | G37: 0.040904637 | H37: 0.99535525 | I37: 0.31621588 | J37: 0.82956464 | K37: 0.84329521 | L37: 0.63238665 | M37: 0.91303394 | N37: 0.39107174 | O37: 0.17820683 | P37: 0.13933764 | Q37: 0.42394193 | R37: 0.42394193 | S37: 0.207501 | T37: 0.14329464 | U37: 0.038379395 | V37: 0.32439734 | W37: 0.069433317 | X37: 0.082730084 | Y37: 0.082730084 | Z37: 0.75497526 | AA37: 0.29400018 | AB37: 0.12349414 | AC37: 0.39082319 | AD37: 0.30146184
A38: 91.1 RADIOFUTURA | B38: 0 | C38: 0 | D38: 0 | E38: 0 | F38: 0 | G38: 0 | H38: 0 | I38: 0 | J38: 0.14517204 | K38: 0.32605704 | L38: 0.27103984 | M38: 0.32547346 | N38: 0.78528528 | O38: 0.99815019 | P38: 1.3589874 | Q38: 1.3589874 | R38: 1.1863257 | S38: 1.1461225 | T38: 0.85103004 | U38: 0.5401921 | V38: 0.21286491 | W38: 0.21286491 | X38: 0.088555559 | Y38: 0.088555559 | Z38: 0.17795706 | AA38: 1.1389764 | AB38: 0.33234385 | AC38: 0.54975911 | AD38: 0.41231933
A39: 91.9 DISNEY | B39: 0 | C39: 0 | D39: 0 | E39: 0 | F39: 0 | G39: 0.14149014 | H39: 0.13309236 | I39: 0.069510957 | J39: 0.25301244 | K39: 0.95067184 | L39: 2.0739237 | M39: 2.258929 | N39: 1.8686509 | O39: 1.2757691 | P39: 1.3778882 | Q39: 1.0511389 | R39: 1.2529144 | S39: 0.76876178 | T39: 0.55978257 | U39: 0.74188237 | V39: 0.24771791 | W39: 0.24771791 | X39: 0 | Y39: 0 | Z39: 0.95652338 | AA39: 1.2658539 | AB39: 0.29951679 | AC39: 0.84063135 | AD39: 0.63636894
A40: 92.5 CONCIERTO URBANA | B40: 0 | C40: 0 | D40: 0 | E40: 0 | F40: 0 | G40: 0 | H40: 0.054799134 | I40: 0.17311674 | J40: 0.29211078 | K40: 0.23462154 | L40: 0.23462154 | M40: 0 | N40: 0.65376092 | O40: 0.29267409 | P40: 0.055017196 | Q40: 0.055017196 | R40: 0 | S40: 0 | T40: 0 | U40: 0 | V40: 0.054433621 | W40: 0.038869191 | X40: 0 | Y40: 0 | Z40: 0.16487829 | AA40: 0.17607823 | AB40: 0.015550469 | AC40: 0.11883566 | AD40: 0.089126747
A41: 93.1 INOLVIDABLE | B41: 0 | C41: 0 | D41: 0 | E41: 0 | F41: 0 | G41: 0 | H41: 0.23750903 | I41: 0.23750903 | J41: 1.3694303 | K41: 1.6603868 | L41: 1.9671602 | M41: 2.2349543 | N41: 3.7446158 | O41: 3.7076706 | P41: 3.6035833 | Q41: 3.3816055 | R41: 3.7302863 | S41: 2.6611915 | T41: 2.4474841 | U41: 2.5959663 | V41: 1.7656948 | W41: 1.6376127 | X41: 0.46101567 | Y41: 0.39281201 | Z41: 1.2844916 | AA41: 3.4714922 | AB41: 1.5500976 | AC41: 2.1020271 | AD41: 1.5765203
A42: 93.9 OCEANO | B42: 0 | C42: 0 | D42: 0 | E42: 0 | F42: 0 | G42: 0 | H42: 0.068885924 | I42: 0.26297357 | J42: 0.20605215 | K42: 0.52870952 | L42: 0.52870952 | M42: 0.62532273 | N42: 0.50782614 | O42: 0.41404037 | P42: 0.48429973 | Q42: 0.53778094 | R42: 0.46834762 | S42: 0.32477487 | T42: 0.28317885 | U42: 0 | V42: 0.096411159 | W42: 0.096411159 | X42: 0 | Y42: 0 | Z42: 0.3701089 | AA42: 0.45617828 | AB42: 0.079333529 | AC42: 0.30187357 | AD42: 0.22640518
A43: 94.7 E. DEL SUR | B43: 0 | C43: 0 | D43: 0 | E43: 0 | F43: 0 | G43: 0 | H43: 0 | I43: 0 | J43: 0 | K43: 0 | L43: 0 | M43: 0 | N43: 0 | O43: 0 | P43: 0 | Q43: 0.3199032 | R43: 0 | S43: 0 | T43: 0 | U43: 0 | V43: 0 | W43: 0 | X43: 0 | Y43: 0 | Z43: 0 | AA43: 0.053317201 | AB43: 0 | AC43: 0.0177724 | AD43: 0.0133293
A44: 95.5 DEL PLATA | B44: 0 | C44: 0 | D44: 0.063147828 | E44: 0 | F44: 0 | G44: 0 | H44: 0.041596015 | I44: 0.30533141 | J44: 0.34575449 | K44: 0.30533141 | L44: 0.3603486 | M44: 0.3603486 | N44: 0.30415847 | O44: 0.26373539 | P44: 0.33280876 | Q44: 0.45522416 | R44: 0.52342968 | S44: 0.66722121 | T44: 0.54480582 | U44: 0.54374516 | V44: 0.33088025 | W44: 0.39859779 | X44: 0.067717538 | Y44: 0.067717538 | Z44: 0.28645175 | AA44: 0.42442961 | AB44: 0.32557735 | AC44: 0.34548624 | AD44: 0.26174584
A45: 96.3 ALFA | B45: 0 | C45: 0 | D45: 0 | E45: 0 | F45: 0 | G45: 0 | H45: 0 | I45: 0 | J45: 0 | K45: 0 | L45: 0.049807328 | M45: 0.049807328 | N45: 0 | O45: 0 | P45: 0 | Q45: 0 | R45: 0 | S45: 0 | T45: 0 | U45: 0 | V45: 0 | W45: 0.069168962 | X45: 0 | Y45: 0 | Z45: 0.016602443 | AA45: 0 | AB45: 0.01152816 | AC45: 0.0093768677 | AD45: 0.0070326508
A46: 97.1 BABEL | B46: 0 | C46: 0 | D46: 0 | E46: 0 | F46: 0 | G46: 0 | H46: 0.056148571 | I46: 0.28910588 | J46: 0.41823377 | K46: 0.76959766 | L46: 0.65375192 | M46: 0.48049178 | N46: 0.20910329 | O46: 0.14428053 | P46: 0.14428053 | Q46: 0 | R46: 0 | S46: 0 | T46: 0 | U46: 0 | V46: 0 | W46: 0 | X46: 0 | Y46: 0.07973436 | Z46: 0.44455493 | AA46: 0.082944059 | AB46: 0.01328906 | AC46: 0.18026268 | AD46: 0.13519701
A47: 97.9 M24 | B47: 0 | C47: 0 | D47: 0 | E47: 0 | F47: 0 | G47: 0 | H47: 0 | I47: 0.060469307 | J47: 0.28844528 | K47: 0.28844528 | L47: 0.3190145 | M47: 0.14636375 | N47: 0 | O47: 0 | P47: 0 | Q47: 0 | R47: 0 | S47: 0 | T47: 0 | U47: 0 | V47: 0.049807328 | W47: 0.049807328 | X47: 0 | Y47: 0 | Z47: 0.18378969 | AA47: 0 | AB47: 0.016602443 | AC47: 0.066797377 | AD47: 0.050098032
... A63: RATING GENERAL | B63: 4.4594073 | C63: 2.558601 | D63: 2.7772032 | E63: 1.6791831 | F63: 1.2445619 | G63: 3.1648851 | H63: 6.2400901 | I63: 7.7059612 | J63: 15.077621 | K63: 20.592435 | L63: 27.206329 | M63: 27.097151 | N63: 24.965823 | O63: 22.616455 | P63: 21.217679 | Q63: 26.704387 | R63: 26.626751 | S63: 23.136542 | T63: 20.701984 | U63: 16.850632 | V63: 14.080261 | W63: 13.093485 | X63: 8.2232076 | Y63: 6.6732236 | Z63: 17.319931 | AA63: 24.211273 | AB63: 13.270466 | AC63: 18.267223 | AD63: 14.362244

Sheet RatxSDxD2E
A1: CUADRO 25: RESUMEN DE RATING POR HORA - SEGMENTO D2E | AM | SABADO A DOMINGO
A2: RADIOS | B2: HORAS | Z2: PROMEDIO
B3: 00:00 - 00:59 | C3: 01:00 - 01:59 | D3: 02:00 - 02:59 | E3: 03:00 - 03:59 | F3: 04:00 - 04:59 | G3: 05:00 - 05:59 | H3: 06:00 - 06:59 | I3: 07:00 - 07:59 | J3: 08:00 - 08:59 | K3: 09:00 - 09:59 | L3: 10:00 - 10:59 | M3: 11:00 - 11:59 | N3: 12:00 - 12:59 | O3: 13:00 - 13:59 | P3: 14:00 - 14:59 | Q3: 15:00 - 15:59 | R3: 16:00 - 16:59 | S3: 17:00 - 17:59 | T3: 18:00 - 18:59 | U3: 19:00 - 19:59 | V3: 20:00 - 20:59 | W3: 21:00 - 21:59 | X3: 22:00 - 22:59 | Y3: 23:00 - 23:59 | Z3: 06:00 - 11:59 | AA3: 12:00 - 17:59 | AB3: 18:00 - 23:59 | AC3: 06:00 - 23:59 | AD3: 00:00 - 24:00
A4: CX4 RURAL | B4: 0 | C4: 0 | D4: 0 | E4: 0 | F4: 0 | G4: 0 | H4: 0 | I4: 0.15223077 | J4: 0.15223077 | K4: 0.15223077 | L4: 0.15223077 | M4: 0.15223077 | N4: 0.15223077 | O4: 0.15223077 | P4: 0.49733045 | Q4: 0.24417509 | R4: 0.24417509 | S4: 0 | T4: 0 | U4: 0 | V4: 0 | W4: 0 | X4: 0 | Y4: 0 | Z4: 0.12685898 | AA4: 0.21502369 | AB4: 0 | AC4: 0.11396089 | AD4: 0.085470668
A5: CX6 CLÁSICA | B5: 0 | C5: 0 | D5: 0 | E5: 0 | F5: 0 | G5: 0 | H5: 0 | I5: 0 | J5: 0 | K5: 0 | L5: 0 | M5: 0 | N5: 0 | O5: 0 | P5: 0 | Q5: 0 | R5: 0 | S5: 0 | T5: 0 | U5: 0 | V5: 0 | W5: 0 | X5: 0 | Y5: 0 | Z5: 0 | AA5: 0 | AB5: 0 | AC5: 0 | AD5: 0
A6: CX8 SARANDI | B6: 0 | C6: 0 | D6: 0 | E6: 0 | F6: 0 | G6: 0.10292006 | H6: 0.40693382 | I6: 0.84126429 | J6: 0.56001677 | K6: 0.15308294 | L6: 0.12366274 | M6: 0.12366274 | N6: 0 | O6: 0 | P6: 0 | Q6: 0.48935002 | R6: 0.48935002 | S6: 0.48935002 | T6: 0.48935002 | U6: 0 | V6: 0 | W6: 0 | X6: 0.27053496 | Y6: 0 | Z6: 0.36810389 | AA6: 0.24467501 | AB6: 0.1266475 | AC6: 0.24647546 | AD6: 0.18914493
A7: CX10 CONTINENTE | B7: 0 | C7: 0 | D7: 0 | E7: 0 | F7: 0 | G7: 0 | H7: 0 | I7: 0 | J7: 0 | K7: 0 | L7: 0 | M7: 0 | N7: 0 | O7: 0 | P7: 0 | Q7: 0 | R7: 0 | S7: 0 | T7: 0 | U7: 0 | V7: 0 | W7: 0 | X7: 0 | Y7: 0 | Z7: 0 | AA7: 0 | AB7: 0 | AC7: 0 | AD7: 0
A8: CX12 ORIENTAL | B8: 0 | C8: 0 | D8: 0 | E8: 0 | F8: 0 | G8: 0 | H8: 0 | I8: 0 | J8: 0 | K8: 0 | L8: 0 | M8: 0.12620937 | N8: 0.12620937 | O8: 0 | P8: 0 | Q8: 0 | R8: 0 | S8: 0 | T8: 0 | U8: 0 | V8: 0 | W8: 0.11015623 | X8: 0.1005448 | Y8: 0.21070103 | Z8: 0.021034895 | AA8: 0.021034895 | AB8: 0.070233678 | AC8: 0.037434489 | AD8: 0.028075867
A9: CX14 EL ESPECTADOR | B9: 0 | C9: 0 | D9: 0 | E9: 0 | F9: 0 | G9: 0 | H9: 0 | I9: 0 | J9: 0 | K9: 0 | L9: 0 | M9: 0 | N9: 0 | O9: 0 | P9: 0 | Q9: 0 | R9: 0 | S9: 0 | T9: 0 | U9: 0 | V9: 0 | W9: 0 | X9: 0 | Y9: 0 | Z9: 0 | AA9: 0 | AB9: 0 | AC9: 0 | AD9: 0
A10: CX16 CARVE | B10: 0 | C10: 0 | D10: 0 | E10: 0 | F10: 0 | G10: 0 | H10: 0 | I10: 0 | J10: 0 | K10: 0 | L10: 0 | M10: 0 | N10: 0 | O10: 0 | P10: 0 | Q10: 0 | R10: 0 | S10: 0 | T10: 0 | U10: 0 | V10: 0 | W10: 0 | X10: 0.33141041 | Y10: 0 | Z10: 0 | AA10: 0 | AB10: 0.055235069 | AC10: 0.01841169 | AD10: 0.013808767
A11: CX18 SPORT 890 | B11: 0 | C11: 0 | D11: 0 | E11: 0 | F11: 0 | G11: 0 | H11: 0 | I11: 0 | J11: 0.10292006 | K11: 0.10292006 | L11: 0.59398186 | M11: 0.3234469 | N11: 0.56762199 | O11: 0.56762199 | P11: 0.56762199 | Q11: 0.69128473 | R11: 0.69128473 | S11: 0.69128473 | T11: 0.34418959 | U11: 0.34418959 | V11: 0.34418959 | W11: 0 | X11: 0 | Y11: 0 | Z11: 0.18721148 | AA11: 0.62945336 | AB11: 0.17209479 | AC11: 0.32958654 | AD11: 0.24718991
A12: CX20 MONTECARLO | B12: 0.11080538 | C12: 0 | D12: 0 | E12: 0 | F12: 0.11127504 | G12: 0.23847673 | H12: 0.84298525 | I12: 1.829955 | J12: 2.2919481 | K12: 1.6298262 | L12: 2.3858816 | M12: 2.0362417 | N12: 1.6405733 | O12: 1.4756276 | P12: 1.3016285 | Q12: 0.73533126 | R12: 0.73533126 | S12: 0.45636483 | T12: 0.45636483 | U12: 0.42380668 | V12: 0.37710064 | W12: 0.23847673 | X12: 0.23847673 | Y12: 0.56988714 | Z12: 1.8361396 | AA12: 1.0574761 | AB12: 0.38401879 | AC12: 1.0925449 | AD12: 0.83859852
A13: CX22 UNIVERSAL | B13: 0.16142381 | C13: 0.16142381 | D13: 0.16142381 | E13: 0 | F13: 0 | G13: 0 | H13: 0 | I13: 0 | J13: 0.12366274 | K13: 0.12366274 | L13: 0 | M13: 0 | N13: 0.29925271 | O13: 0.56978767 | P13: 0.1005448 | Q13: 0.34129813 | R13: 0.43768148 | S13: 0.33713668 | T13: 0 | U13: 0 | V13: 0 | W13: 0 | X13: 0 | Y13: 0 | Z13: 0.041220915 | AA13: 0.34761691 | AB13: 0 | AC13: 0.12961261 | AD13: 0.11738743
A14: CX24 RADIO 1010 AM | B14: 0 | C14: 0 | D14: 0 | E14: 0 | F14: 0 | G14: 0 | H14: 0 | I14: 0 | J14: 0 | K14: 0 | L14: 0 | M14: 0 | N14: 0 | O14: 0 | P14: 0 | Q14: 0 | R14: 0 | S14: 0 | T14: 0 | U14: 0 | V14: 0 | W14: 0 | X14: 0 | Y14: 0 | Z14: 0 | AA14: 0 | AB14: 0 | AC14: 0 | AD14: 0
A15: CX26 RADIO URUGUAY | B15: 0.15308294 | C15: 0.15308294 | D15: 0 | E15: 0 | F15: 0 | G15: 0 | H15: 0 | I15: 0 | J15: 0 | K15: 0 | L15: 0 | M15: 0 | N15: 0 | O15: 0 | P15: 0 | Q15: 0 | R15: 0 | S15: 0 | T15: 0 | U15: 0 | V15: 0 | W15: 0 | X15: 0 | Y15: 0 | Z15: 0 | AA15: 0 | AB15: 0 | AC15: 0 | AD15: 0.012756912
... A31: RATING GENERAL | B31: 1.4454469 | C31: 0.62189072 | D31: 0.46880777 | E31: 0.29366193 | F31: 0.36627575 | G31: 1.3547047 | H31: 4.2674424 | I31: 8.271549 | J31: 15.799597 | K31: 20.043938 | L31: 23.26592 | M31: 24.536253 | N31: 26.352355 | O31: 25.336757 | P31: 22.578097 | Q31: 26.884123 | R31: 23.178303 | S31: 21.117913 | T31: 18.840603 | U31: 15.338754 | V31: 10.973904 | W31: 9.3160118 | X31: 6.1427412 | Y31: 4.4146017 | Z31: 16.030783 | AA31: 24.241258 | AB31: 10.837769 | AC31: 17.036604 | AD31: 12.967069
A33: CUADRO 26: RESUMEN DE RATING POR HORA - SEGMENTO D2E | FM | SABADO A DOMINGO
A34: RADIOS | B34: HORAS | Z34: PROMEDIO
B35: 00:00 - 00:59 | C35: 01:00 - 01:59 | D35: 02:00 - 02:59 | E35: 03:00 - 03:59 | F35: 04:00 - 04:59 | G35: 05:00 - 05:59 | H35: 06:00 - 06:59 | I35: 07:00 - 07:59 | J35: 08:00 - 08:59 | K35: 09:00 - 09:59 | L35: 10:00 - 10:59 | M35: 11:00 - 11:59 | N35: 12:00 - 12:59 | O35: 13:00 - 13:59 | P35: 14:00 - 14:59 | Q35: 15:00 - 15:59 | R35: 16:00 - 16:59 | S35: 17:00 - 17:59 | T35: 18:00 - 18:59 | U35: 19:00 - 19:59 | V35: 20:00 - 20:59 | W35: 21:00 - 21:59 | X35: 22:00 - 22:59 | Y35: 23:00 - 23:59 | Z35: 06:00 - 11:59 | AA35: 12:00 - 17:59 | AB35: 18:00 - 23:59 | AC35: 06:00 - 23:59 | AD35: 00:00 - 24:00
A36: 88.3 LACOSTA | B36: 0 | C36: 0 | D36: 0 | E36: 0 | F36: 0 | G36: 0 | H36: 0 | I36: 0 | J36: 0 | K36: 0.25516625 | L36: 0.39259744 | M36: 0.60127084 | N36: 0.39259744 | O36: 0.24786315 | P36: 0.21135654 | Q36: 0.39259744 | R36: 0.39259744 | S36: 0.39259744 | T36: 0.39259744 | U36: 0.25516625 | V36: 0.55912328 | W36: 0.41438899 | X36: 0.30395703 | Y36: 0 | Z36: 0.20817242 | AA36: 0.33826824 | AB36: 0.32087216 | AC36: 0.28910427 | AD36: 0.21682821
A37: 90.3 OLDIES | B37: 0 | C37: 0 | D37: 0 | E37: 0 | F37: 0 | G37: 0 | H37: 0 | I37: 0.6876993 | J37: 1.1330466 | K37: 1.3026703 | L37: 0.99872139 | M37: 1.1588859 | N37: 0.67406373 | O37: 0.44506754 | P37: 0.28518278 | Q37: 0.16016452 | R37: 0.16016452 | S37: 0.13743119 | T37: 0.23284545 | U37: 0.23284545 | V37: 0.25557878 | W37: 0 | X37: 0 | Y37: 0 | Z37: 0.88017058 | AA37: 0.31034571 | AB37: 0.12021161 | AC37: 0.4369093 | AD37: 0.32768198
A38: 91.1 RADIOFUTURA | B38: 0 | C38: 0 | D38: 0 | E38: 0 | F38: 0 | G38: 0 | H38: 0 | I38: 0 | J38: 0 | K38: 0.22642754 | L38: 0.22642754 | M38: 0.22642754 | N38: 0.88362895 | O38: 1.3461479 | P38: 1.5393376 | Q38: 1.5393376 | R38: 1.2510015 | S38: 1.2510015 | T38: 0.88362895 | U38: 0.44022487 | V38: 0.44022487 | W38: 0.44022487 | X38: 0.28833615 | Y38: 0.28833615 | Z38: 0.11321377 | AA38: 1.3017425 | AB38: 0.46349598 | AC38: 0.62615076 | AD38: 0.46961307
A39: 91.9 DISNEY | B39: 0 | C39: 0 | D39: 0 | E39: 0 | F39: 0 | G39: 0 | H39: 0 | I39: 0.15988476 | J39: 0.32004928 | K39: 1.1040134 | L39: 1.2477977 | M39: 1.2477977 | N39: 1.2477977 | O39: 1.0782845 | P39: 1.2013966 | Q39: 1.3599068 | R39: 0.82252758 | S39: 1.1503048 | T39: 1.1457167 | U39: 0.91814252 | V39: 0.16789247 | W39: 0 | X39: 0 | Y39: 0 | Z39: 0.67992382 | AA39: 1.1433697 | AB39: 0.37195861 | AC39: 0.7317507 | AD39: 0.54881303
A40: 92.5 CONCIERTO URBANA | B40: 0 | C40: 0 | D40: 0 | E40: 0 | F40: 0 | G40: 0 | H40: 0 | I40: 0 | J40: 0 | K40: 0 | L40: 0 | M40: 0 | N40: 0 | O40: 0 | P40: 0 | Q40: 0 | R40: 0 | S40: 0 | T40: 0 | U40: 0 | V40: 0 | W40: 0 | X40: 0 | Y40: 0 | Z40: 0 | AA40: 0 | AB40: 0 | AC40: 0 | AD40: 0
A41: 93.1 INOLVIDABLE | B41: 0 | C41: 0 | D41: 0 | E41: 0 | F41: 0 | G41: 0 | H41: 0.87225101 | I41: 0.87225101 | J41: 2.0405514 | K41: 2.5657139 | L41: 3.3190282 | M41: 4.4653144 | N41: 4.8744002 | O41: 5.8566719 | P41: 5.0610462 | Q41: 4.3208417 | R41: 4.5355874 | S41: 2.8585399 | T41: 3.2072208 | U41: 2.2806064 | V41: 0.51898543 | W41: 0.29894226 | X41: 0.19839746 | Y41: 0.19839746 | Z41: 2.3558517 | AA41: 4.5845145 | AB41: 1.1170916 | AC41: 2.6858193 | AD41: 2.0143645
A42: 93.9 OCEANO | B42: 0.11080538 | C42: 0 | D42: 0 | E42: 0 | F42: 0 | G42: 0 | H42: 0 | I42: 0 | J42: 0.16016452 | K42: 0.095774667 | L42: 0.095774667 | M42: 0.25593919 | N42: 0.095774667 | O42: 0 | P42: 0.21239465 | Q42: 0.16016452 | R42: 0.16016452 | S42: 0 | T42: 0.21239465 | U42: 0 | V42: 0 | W42: 0 | X42: 0 | Y42: 0 | Z42: 0.10127551 | AA42: 0.10474973 | AB42: 0.035399109 | AC42: 0.080474781 | AD42: 0.064972977
A43: 94.7 E. DEL SUR | B43: 0 | C43: 0 | D43: 0 | E43: 0 | F43: 0 | G43: 0 | H43: 0 | I43: 0 | J43: 0 | K43: 0 | L43: 0 | M43: 0 | N43: 0 | O43: 0 | P43: 0.25319822 | Q43: 0.25319822 | R43: 0 | S43: 0 | T43: 0 | U43: 0 | V43: 0 | W43: 0 | X43: 0 | Y43: 0 | Z43: 0 | AA43: 0.084399406 | AB43: 0 | AC43: 0.028133135 | AD43: 0.021099851
A44: 95.5 DEL PLATA | B44: 0 | C44: 0 | D44: 0 | E44: 0 | F44: 0 | G44: 0 | H44: 0 | I44: 0.13997916 | J44: 0.13997916 | K44: 0.13997916 | L44: 0.27063628 | M44: 0.27063628 | N44: 0.30014368 | O44: 0.30014368 | P44: 0.13997916 | Q44: 0.13997916 | R44: 0.13997916 | S44: 0.42831531 | T44: 0.42831531 | U44: 0.42831531 | V44: 0.13997916 | W44: 0.13997916 | X44: 0 | Y44: 0 | Z44: 0.16020167 | AA44: 0.24142336 | AB44: 0.18943149 | AC44: 0.19701884 | AD44: 0.14776413
A45: 96.3 ALFA | B45: 0 | C45: 0 | D45: 0 | E45: 0 | F45: 0 | G45: 0 | H45: 0 | I45: 0 | J45: 0 | K45: 0 | L45: 0.12444558 | M45: 0.12444558 | N45: 0 | O45: 0 | P45: 0 | Q45: 0 | R45: 0 | S45: 0 | T45: 0 | U45: 0 | V45: 0 | W45: 0 | X45: 0 | Y45: 0 | Z45: 0.041481861 | AA45: 0 | AB45: 0 | AC45: 0.013827287 | AD45: 0.010370465
A46: 97.1 BABEL | B46: 0 | C46: 0 | D46: 0 | E46: 0 | F46: 0 | G46: 0 | H46: 0 | I46: 0 | J46: 0 | K46: 0.18217692 | L46: 0.43440773 | M46: 0.43440773 | N46: 0.25223081 | O46: 0 | P46: 0 | Q46: 0 | R46: 0 | S46: 0 | T46: 0 | U46: 0 | V46: 0.13065711 | W46: 0.13065711 | X46: 0 | Y46: 0 | Z46: 0.1751654 | AA46: 0.042038469 | AB46: 0.043552371 | AC46: 0.086918746 | AD46: 0.06518906
A47: 97.9 M24 | B47: 0 | C47: 0 | D47: 0 | E47: 0 | F47: 0 | G47: 0 | H47: 0 | I47: 0 | J47: 0.28693151 | K47: 0.28693151 | L47: 0.28693151 | M47: 0 | N47: 0 | O47: 0 | P47: 0.12863767 | Q47: 0.12863767 | R47: 0 | S47: 0 | T47: 0 | U47: 0 | V47: 0 | W47: 0 | X47: 0 | Y47: 0.18458773 | Z47: 0.14346576 | AA47: 0.042879225 | AB47: 0.030764621 | AC47: 0.072369867 | AD47: 0.054277401
... A63: RATING GENERAL | B63: 1.4454469 | C63: 0.62189072 | D63: 0.46880777 | E63: 0.29366193 | F63: 0.36627575 | G63: 1.3547047 | H63: 4.2674424 | I63: 8.271549 | J63: 15.799597 | K63: 20.043938 | L63: 23.26592 | M63: 24.536253 | N63: 26.352355 | O63: 25.336757 | P63: 22.578097 | Q63: 26.884123 | R63: 23.178303 | S63: 21.117913 | T63: 18.840603 | U63: 15.338754 | V63: 10.973904 | W63: 9.3160118 | X63: 6.1427412 | Y63: 4.4146017 | Z63: 16.030783 | AA63: 24.241258 | AB63: 10.837769 | AC63: 17.036604 | AD63: 12.967069

Sheet RatxNSE
A1: CUADROS 27 - 32: RESUMEN DE RATING POR NIVEL SOCIOECONÓMICO | AM - FM
A3: CUADRO 27: RADIOS AM - LUNES A DOMINGO | G3: CUADRO 28: RADIOS AM - LUNES A VIERNES | M3: CUADRO 29: RADIOS AM - SABADO A DOMINGO
A4: RADIOS | B4: ABC1 | C4: C2C3D1 | D4: D2E | E4: TOTAL | G4: RADIOS | H4: ABC1 | I4: C2C3D1 | J4: D2E | K4: TOTAL | M4: RADIOS | N4: ABC1 | O4: C2C3D1 | P4: D2E | Q4: TOTAL
A5: CX4 RURAL | B5: 0.046702842 | C5: 0.088591083 | D5: 0.0558578 | E5: 0.073351623 | G5: CX4 RURAL | H5: 0.033450701 | I5: 0.098850812 | J5: 0.044012653 | K5: 0.074456642 | M5: CX4 RURAL | N5: 0.079833194 | O5: 0.062941761 | P5: 0.085470668 | Q5: 0.070589076
A6: CX6 CLÁSICA | B6: 0.024190159 | C6: 0.023814426 | D6: 0.0016285077 | E6: 0.020331918 | G6: CX6 CLÁSICA | H6: 0.0059871714 | I6: 0.033340196 | J6: 0.0022799108 | K6: 0.02182947 | M6: CX6 CLÁSICA | N6: 0.069697628 | O6: 0 | P6: 0 | Q6: 0.016588035
A7: CX8 SARANDI | B7: 1.3399333 | C7: 0.57974005 | D7: 0.13560009 | E7: 0.68915951 | G7: CX8 SARANDI | H7: 1.4770269 | I7: 0.61221898 | J7: 0.11418215 | K7: 0.73785935 | M7: CX8 SARANDI | N7: 0.99719918 | O7: 0.49854271 | P7: 0.18914493 | Q7: 0.56740991
A8: CX10 CONTINENTE | B8: 0.04589038 | C8: 0.023577691 | D8: 0.047429459 | E8: 0.032728245 | G8: CX10 CONTINENTE | H8: 0.029406185 | I8: 0.028571346 | J8: 0.066401242 | K8: 0.034860651 | M8: CX10 CONTINENTE | N8: 0.087100867 | O8: 0.011093553 | P8: 0 | Q8: 0.027397232
A9: CX12 ORIENTAL | B9: 0.15482197 | C9: 0.090120903 | D9: 0.036774329 | E9: 0.096930958 | G9: CX12 ORIENTAL | H9: 0.17391644 | I9: 0.086001084 | J9: 0.040253714 | K9: 0.099559611 | M9: CX12 ORIENTAL | N9: 0.1070858 | O9: 0.10042045 | P9: 0.028075867 | Q9: 0.090359324
A10: CX14 EL ESPECTADOR | B10: 0.31254585 | C10: 0.081634751 | D10: 0.0087531171 | E10: 0.12485765 | G10: CX14 EL ESPECTADOR | H10: 0.36306127 | I10: 0.10322766 | J10: 0.012254364 | K10: 0.15042136 | M10: CX14 EL ESPECTADOR | N10: 0.1862573 | O10: 0.027652481 | P10: 0 | Q10: 0.060948379
A11: CX16 CARVE | B11: 0.20677517 | C11: 0.11300072 | D11: 0.031510175 | E11: 0.12219906 | G11: CX16 CARVE | H11: 0.23510583 | I11: 0.11586156 | J11: 0.038590738 | K11: 0.13180109 | M11: CX16 CARVE | N11: 0.13594854 | O11: 0.10584862 | P11: 0.013808767 | Q11: 0.098193986
A12: CX18 SPORT 890 | B12: 0.31377627 | C12: 0.41744687 | D12: 0.26634644 | E12: 0.3684461 | G12: CX18 SPORT 890 | H12: 0.34176876 | I12: 0.49488326 | J12: 0.27400906 | K12: 0.42288126 | M12: CX18 SPORT 890 | N12: 0.24379503 | O12: 0.22385591 | P12: 0.24718991 | Q12: 0.2323582
A13: CX20 MONTECARLO | B13: 0.71312339 | C13: 1.8761158 | D13: 0.87800549 | E13: 1.4386279 | G13: CX20 MONTECARLO | H13: 0.82725551 | I13: 2.0300997 | J13: 0.89376827 | K13: 1.5608734 | M13: CX20 MONTECARLO | N13: 0.42779308 | O13: 1.4911561 | P13: 0.83859852 | Q13: 1.1330139
A14: CX22 UNIVERSAL | B14: 0.05423773 | C14: 0.12504082 | D14: 0.10480962 | E14: 0.10493246 | G14: CX22 UNIVERSAL | H14: 0.056585149 | I14: 0.10433484 | J14: 0.099778497 | K14: 0.092236844 | M14: CX22 UNIVERSAL | N14: 0.048369183 | O14: 0.17680576 | P14: 0.11738743 | Q14: 0.1366715
A15: CX24 RADIO 1010 AM | B15: 0.031542449 | C15: 0.08030439 | D15: 0.026920369 | E15: 0.060104221 | G15: CX24 RADIO 1010 AM | H15: 0.044159429 | I15: 0.091491039 | J15: 0.037688516 | K15: 0.07156391 | M15: CX24 RADIO 1010 AM | N15: 0 | O15: 0.052337769 | P15: 0 | Q15: 0.031454999
A16: CX26 RADIO URUGUAY | B16: 0.17303498 | C16: 0.11711027 | D16: 0.025752434 | E16: 0.11571174 | G16: CX26 RADIO URUGUAY | H16: 0.21528975 | I16: 0.14325753 | J16: 0.030950643 | K16: 0.14231979 | M16: CX26 RADIO URUGUAY | N16: 0.067398055 | O16: 0.05174211 | P16: 0.012756912 | Q16: 0.049191608
... A32: RATING GENERAL | B32: 16.267833 | C32: 16.541582 | D32: 13.963623 | E32: 16.061378 | G32: RATING GENERAL | H32: 18.168714 | I32: 17.893055 | J32: 14.362244 | K32: 17.390201 | M32: RATING GENERAL | N32: 11.51563 | O32: 13.1629 | P32: 12.967069 | Q32: 12.739321
A34: CUADRO 30: RADIOS FM - LUNES A DOMINGO | G34: CUADRO 31: RADIOS FM - LUNES A VIERNES | M34: CUADRO 32: RADIOS FM - SABADO A DOMINGO
A35: RADIOS | B35: ABC1 | C35: C2C3D1 | D35: D2E | E35: TOTAL | G35: RADIOS | H35: ABC1 | I35: C2C3D1 | J35: D2E | K35: TOTAL | M35: RADIOS | N35: ABC1 | O35: C2C3D1 | P35: D2E | Q35: TOTAL
A36: 88.3 LACOSTA | B36: 0.40642359 | C36: 0.13553143 | D36: 0.27368815 | E36: 0.22224699 | G36: 88.3 LACOSTA | H36: 0.42315622 | I36: 0.16038122 | J36: 0.29643212 | K36: 0.24482587 | M36: 88.3 LACOSTA | N36: 0.36459201 | O36: 0.073406946 | P36: 0.21682821 | Q36: 0.16579982
A37: 90.3 OLDIES | B37: 0.79282796 | C37: 0.35604156 | D37: 0.3089533 | E37: 0.45241551 | G37: 90.3 OLDIES | H37: 0.76022742 | I37: 0.37220246 | J37: 0.30146184 | K37: 0.45316316 | M37: 90.3 OLDIES | N37: 0.87432931 | O37: 0.31563929 | P37: 0.32768198 | Q37: 0.45054639
A38: 91.1 RADIOFUTURA | B38: 0.57507644 | C38: 0.65967497 | D38: 0.42868897 | E38: 0.60235178 | G38: 91.1 RADIOFUTURA | H38: 0.66661996 | I38: 0.72361427 | J38: 0.41231933 | K38: 0.65993114 | M38: 91.1 RADIOFUTURA | N38: 0.34621766 | O38: 0.49982672 | P38: 0.46961307 | Q38: 0.45840337
A39: 91.9 DISNEY | B39: 1.0905255 | C39: 0.84218463 | D39: 0.61135296 | E39: 0.86412585 | G39: 91.9 DISNEY | H39: 1.1257837 | I39: 0.90602511 | J39: 0.63636894 | K39: 0.91491301 | M39: 91.9 DISNEY | N39: 1.0023799 | O39: 0.68258345 | P39: 0.54881303 | Q39: 0.73715796
A40: 92.5 CONCIERTO URBANA | B40: 0.15106616 | C40: 0.028097432 | D40: 0.063661962 | E40: 0.06308988 | G40: 92.5 CONCIERTO URBANA | H40: 0.15061653 | I40: 0.027032085 | J40: 0.089126747 | K40: 0.066442424 | M40: 92.5 CONCIERTO URBANA | N40: 0.15219024 | O40: 0.0307608 | P40: 0 | Q40: 0.054708519
A41: 93.1 INOLVIDABLE | B41: 0.41754381 | C41: 0.82411776 | D41: 1.7016187 | E41: 0.86863081 | G41: 93.1 INOLVIDABLE | H41: 0.41397158 | I41: 0.83807213 | J41: 1.5765203 | K41: 0.85602636 | M41: 93.1 INOLVIDABLE | N41: 0.42647438 | O41: 0.78923186 | P41: 2.0143645 | Q41: 0.90014193
A42: 93.9 OCEANO | B42: 0.7639874 | C42: 0.41645236 | D42: 0.18028169 | E42: 0.46114222 | G42: 93.9 OCEANO | H42: 0.82589513 | I42: 0.42651286 | J42: 0.22640518 | K42: 0.4893485 | M42: 93.9 OCEANO | N42: 0.60921807 | O42: 0.39130112 | P42: 0.064972977 | Q42: 0.39062652
A43: 94.7 E. DEL SUR | B43: 0.1292491 | C43: 0.047713498 | D43: 0.015549458 | E43: 0.061940562 | G43: 94.7 E. DEL SUR | H43: 0.12574611 | I43: 0.056840108 | J43: 0.0133293 | K43: 0.066234497 | M43: 94.7 E. DEL SUR | N43: 0.13800658 | O43: 0.024896973 | P43: 0.021099851 | Q43: 0.051205724
A44: 95.5 DEL PLATA | B44: 0.89089869 | C44: 0.54766761 | D44: 0.22917964 | E44: 0.57808004 | G44: 95.5 DEL PLATA | H44: 1.0623793 | I44: 0.56647515 | J44: 0.26174584 | K44: 0.63543892 | M44: 95.5 DEL PLATA | N44: 0.46219719 | O44: 0.50064874 | P44: 0.14776413 | Q44: 0.43468285
A45: 96.3 ALFA | B45: 0.082704857 | C45: 0.081495352 | D45: 0.0079863121 | E45: 0.069948259 | G45: 96.3 ALFA | H45: 0.1157868 | I45: 0.091112984 | J45: 0.0070326508 | K45: 0.083448419 | M45: 96.3 ALFA | N45: 0 | O45: 0.057451273 | P45: 0.010370465 | Q45: 0.03619786
A46: 97.1 BABEL | B46: 0.44784583 | C46: 0.12200604 | D46: 0.11519474 | E46: 0.19845929 | G46: 97.1 BABEL | H46: 0.45085235 | I46: 0.11932963 | J46: 0.13519701 | K46: 0.20078668 | M46: 97.1 BABEL | N46: 0.44032955 | O46: 0.12869709 | P46: 0.06518906 | Q46: 0.19264082
A47: 97.9 M24 | B47: 0.062198797 | C47: 0.26770445 | D47: 0.051292138 | E47: 0.18395172 | G47: 97.9 M24 | H47: 0.065964189 | I47: 0.26864479 | J47: 0.050098032 | K47: 0.18522078 | M47: 97.9 M24 | N47: 0.052785316 | O47: 0.26535361 | P47: 0.054277401 | Q47: 0.18077909
... A63: RATING GENERAL | B63: 16.267833 | C63: 16.541582 | D63: 13.963623 | E63: 16.061378 | G63: RATING GENERAL | H63: 18.168714 | I63: 17.893055 | J63: 14.362244 | K63: 17.390201 | M63: RATING GENERAL | N63: 11.51563 | O63: 13.1629 | P63: 12.967069 | Q63: 12.739321

Sheet RatxEdad
A1: CUADROS 33 - 38: RESUMEN DE RATING POR EDAD | AM - FM
A3: CUADRO 33: RADIOS AM - LUNES A DOMINGO | J3: CUADRO 34: RADIOS AM - LUNES A VIERNES | S3: CUADRO 35: RADIOS AM - SABADO A DOMINGO
A4: RADIOS | B4: 12 - 17 | C4: 18 - 29 | D4: 30 - 39 | E4: 40 - 49 | F4: 50 - 59 | G4: >= 60 | H4: TOTAL | J4: RADIOS | K4: 12 - 17 | L4: 18 - 29 | M4: 30 - 39 | N4: 40 - 49 | O4: 50 - 59 | P4: >= 60 | Q4: TOTAL | S4: RADIOS | T4: 12 - 17 | U4: 18 - 29 | V4: 30 - 39 | W4: 40 - 49 | X4: 50 - 59 | Y4: >= 60 | Z4: TOTAL
A5: CX4 RURAL | B5: 0 | C5: 0.01864866 | D5: 0.0079682935 | E5: 0.097736378 | F5: 0.090959175 | G5: 0.18146572 | H5: 0.073351623 | J5: CX4 RURAL | K5: 0 | L5: 0.011117815 | M5: 0.0062605834 | N5: 0.10160594 | O5: 0.099313572 | P5: 0.18732146 | Q5: 0.074456642 | S5: CX4 RURAL | T5: 0 | U5: 0.037475771 | V5: 0.012237569 | W5: 0.08806248 | X5: 0.070073184 | Y5: 0.16682637 | Z5: 0.070589076
A6: CX6 CLÁSICA | B6: 0 | C6: 0 | D6: 0.067735836 | E6: 0 | F6: 0.0074293368 | G6: 0.03405846 | H6: 0.020331918 | J6: CX6 CLÁSICA | K6: 0 | L6: 0 | M6: 0.09483017 | N6: 0 | O6: 0.010401072 | P6: 0.018451826 | Q6: 0.02182947 | S6: CX6 CLÁSICA | T6: 0 | U6: 0 | V6: 0 | W6: 0 | X6: 0 | Y6: 0.073075046 | Z6: 0.016588035
A7: CX8 SARANDI | B7: 0.085253675 | C7: 0.16164834 | D7: 0.29131979 | E7: 0.58902016 | F7: 0.78321806 | G7: 1.7717888 | H7: 0.68915951 | J7: CX8 SARANDI | K7: 0.11935514 | L7: 0.20024211 | M7: 0.27720822 | N7: 0.67048029 | O7: 0.79283562 | P7: 1.886522 | Q7: 0.73785935 | S7: CX8 SARANDI | T7: 0 | U7: 0.065163902 | V7: 0.32659871 | W7: 0.38536982 | X7: 0.75917416 | Y7: 1.4849557 | Z7: 0.56740991
A8: CX10 CONTINENTE | B8: 0 | C8: 0.0077154436 | D8: 0 | E8: 0.013982653 | F8: 0.024542904 | G8: 0.11296226 | H8: 0.032728245 | J8: CX10 CONTINENTE | K8: 0 | L8: 0.010801621 | M8: 0 | N8: 0 | O8: 0.023754865 | P8: 0.12886115 | Q8: 0.034860651 | S8: CX10 CONTINENTE | T8: 0 | U8: 0 | V8: 0 | W8: 0.048939285 | X8: 0.026513002 | Y8: 0.073215044 | Z8: 0.027397232
A9: CX12 ORIENTAL | B9: 0 | C9: 0.032740207 | D9: 0.044616024 | E9: 0.083758015 | F9: 0.14972015 | G9: 0.21772653 | H9: 0.096930958 | J9: CX12 ORIENTAL | K9: 0 | L9: 0.04583629 | M9: 0.062462434 | N9: 0.089147771 | O9: 0.14259241 | P9: 0.2041211 | Q9: 0.099559611 | S9: CX12 ORIENTAL | T9: 0 | U9: 0 | V9: 0 | W9: 0.070283626 | X9: 0.1675395 | Y9: 0.2517401 | Z9: 0.090359324
A10: CX14 EL ESPECTADOR | B10: 0 | C10: 0.046512547 | D10: 0.051743883 | E10: 0.19146451 | F10: 0.18810213 | G10: 0.22971762 | H10: 0.12485765 | J10: CX14 EL ESPECTADOR | K10: 0 | L10: 0.065117565 | M10: 0.072441437 | N10: 0.21369458 | O10: 0.21829324 | P10: 0.27635533 | Q10: 0.15042136 | S10: CX14 EL ESPECTADOR | T10: 0 | U10: 0 | V10: 0 | W10: 0.13588931 | X10: 0.11262436 | Y10: 0.11312336 | Z10: 0.060948379
A11: CX16 CARVE | B11: 0 | C11: 0.0076147992 | D11: 0.025916015 | E11: 0.061713642 | F11: 0.20216925 | G11: 0.34977982 | H11: 0.12219906 | J11: CX16 CARVE | K11: 0 | L11: 0 | M11: 0.036282421 | N11: 0.071534243 | O11: 0.23194278 | P11: 0.36729797 | Q11: 0.13180109 | S11: CX16 CARVE | T11: 0 | U11: 0.026651797 | V11: 0 | W11: 0.037162139 | X11: 0.12773542 | Y11: 0.30598444 | Z11: 0.098193986
A12: CX18 SPORT 890 | B12: 0 | C12: 0.057178905 | D12: 0.25827868 | E12: 0.43358883 | F12: 0.91043783 | G12: 0.54529292 | H12: 0.3684461 | J12: CX18 SPORT 890 | K12: 0 | L12: 0.080050467 | M12: 0.27046976 | N12: 0.56596494 | O12: 0.95782035 | P12: 0.64020997 | Q12: 0.42288126 | S12: CX18 SPORT 890 | T12: 0 | U12: 0 | V12: 0.227801 | W12: 0.10264856 | X12: 0.79198153 | Y12: 0.30800029 | Z12: 0.2323582
A13: CX20 MONTECARLO | B13: 0.033749593 | C13: 0.28120771 | D13: 0.27830872 | E13: 0.84906831 | F13: 1.9338378 | G13: 4.1296269 | H13: 1.4386279 | J13: CX20 MONTECARLO | K13: 0 | L13: 0.37140498 | M13: 0.29065727 | N13: 0.90911803 | O13: 2.1443744 | P13: 4.4215604 | Q13: 1.5608734 | S13: CX20 MONTECARLO | T13: 0.11812357 | U13: 0.05571453 | V13: 0.24743734 | W13: 0.69894401 | X13: 1.4074964 | Y13: 3.3997932 | Z13: 1.1330139
A14: CX22 UNIVERSAL | B14: 0 | C14: 0.013839636 | D14: 0.041639135 | E14: 0.19118975 | F14: 0.2169297 | G14: 0.1637095 | H14: 0.10493246 | J14: CX22 UNIVERSAL | K14: 0 | L14: 0.01937549 | M14: 0.020544704 | N14: 0.1022936 | O14: 0.19968006 | P14: 0.18594189 | Q14: 0.092236844 | S14: CX22 UNIVERSAL | T14: 0 | U14: 0 | V14: 0.094375212 | W14: 0.41343013 | X14: 0.26005382 | Y14: 0.10812851 | Z14: 0.1366715
A15: CX24 RADIO 1010 AM | B15: 0 | C15: 0.040618012 | D15: 0.026031082 | E15: 0.036181168 | F15: 0.065084754 | G15: 0.14360845 | H15: 0.060104221 | J15: CX24 RADIO 1010 AM | K15: 0 | L15: 0.037563159 | M15: 0.028059536 | N15: 0.050653636 | O15: 0.091118655 | P15: 0.17047698 | Q15: 0.07156391 | S15: CX24 RADIO 1010 AM | T15: 0 | U15: 0.048255146 | V15: 0.020959946 | W15: 0 | X15: 0 | Y15: 0.07643712 | Z15: 0.031454999
A16: CX26 RADIO URUGUAY | B16: 0 | C16: 0.02695817 | D16: 0.0096565988 | E16: 0.0135717 | F16: 0.07026889 | G16: 0.42544173 | H16: 0.11571174 | J16: CX26 RADIO URUGUAY | K16: 0 | L16: 0.037741438 | M16: 0 | N16: 0.01900038 | O16: 0.094026574 | P16: 0.52174652 | Q16: 0.14231979 | S16: CX26 RADIO URUGUAY | T16: 0 | U16: 0 | V16: 0.033798096 | W16: 0 | X16: 0.01087468 | Y16: 0.18467975 | Z16: 0.049191608
... A32: RATING GENERAL | B32: 9.5846443 | C32: 14.755762 | D32: 16.069054 | E32: 19.580959 | F32: 17.986619 | G32: 16.765541 | H32: 16.061378 | J32: RATING GENERAL | K32: 9.6448698 | L32: 15.790166 | M32: 17.974912 | N32: 21.161376 | O32: 19.434866 | P32: 18.272976 | Q32: 17.390201 | S32: RATING GENERAL | T32: 9.4340807 | U32: 12.169749 | V32: 11.30441 | W32: 15.629916 | X32: 14.366004 | Y32: 12.996955 | Z32: 12.739321
A34: CUADRO 36: RADIOS FM - LUNES A DOMINGO | J34: CUADRO 37: RADIOS FM - LUNES A VIERNES | S34: CUADRO 38: RADIOS FM - SABADO A DOMINGO
A35: RADIOS | B35: 12 - 17 | C35: 18 - 29 | D35: 30 - 39 | E35: 40 - 49 | F35: 50 - 59 | G35: >= 60 | H35: TOTAL | J35: RADIOS | K35: 12 - 17 | L35: 18 - 29 | M35: 30 - 39 | N35: 40 - 49 | O35: 50 - 59 | P35: >= 60 | Q35: TOTAL | S35: RADIOS | T35: 12 - 17 | U35: 18 - 29 | V35: 30 - 39 | W35: 40 - 49 | X35: 50 - 59 | Y35: >= 60 | Z35: TOTAL
A36: 88.3 LACOSTA | B36: 0 | C36: 0.6549426 | D36: 0.13370874 | E36: 0.23314754 | F36: 0.13921431 | G36: 0.015389478 | H36: 0.22224699 | J36: 88.3 LACOSTA | K36: 0 | L36: 0.73826697 | M36: 0.12252408 | N36: 0.23791464 | O36: 0.17351538 | P36: 0.019492976 | Q36: 0.24482587 | S36: 88.3 LACOSTA | T36: 0 | U36: 0.44663168 | V36: 0.16167041 | W36: 0.22122977 | X36: 0.053461632 | Y36: 0.0051307346 | Z36: 0.16579982
A37: 90.3 OLDIES | B37: 0.16447718 | C37: 0.34468712 | D37: 0.31708341 | E37: 0.44556169 | F37: 1.1534428 | G37: 0.3672537 | H37: 0.45241551 | J37: 90.3 OLDIES | K37: 0.23026806 | L37: 0.35041424 | M37: 0.31389417 | N37: 0.48065088 | O37: 1.0954277 | P37: 0.35062229 | Q37: 0.45316316 | S37: 90.3 OLDIES | T37: 0 | U37: 0.33036932 | V37: 0.32505651 | W37: 0.35783871 | X37: 1.2984807 | Y37: 0.40883221 | Z37: 0.45054639
A38: 91.1 RADIOFUTURA | B38: 0.011124906 | C38: 0.94017579 | D38: 1.1443289 | E38: 1.1327747 | F38: 0.25415478 | G38: 0.0016972695 | H38: 0.60235178 | J38: 91.1 RADIOFUTURA | K38: 0.015574868 | L38: 1.0078006 | M38: 1.2942489 | N38: 1.1949797 | O38: 0.30901137 | P38: 0.0023761773 | Q38: 0.65993114 | S38: 91.1 RADIOFUTURA | T38: 0 | U38: 0.77111379 | V38: 0.769529 | W38: 0.9772622 | X38: 0.11701328 | Y38: 0 | Z38: 0.45840337
A39: 91.9 DISNEY | B39: 1.0363058 | C39: 1.2382917 | D39: 1.0389408 | E39: 1.1638532 | F39: 0.64519565 | G39: 0.23585079 | H39: 0.86412585 | J39: 91.9 DISNEY | K39: 1.0464969 | L39: 1.3770032 | M39: 1.1827169 | N39: 1.1864182 | O39: 0.65582902 | P39: 0.19259865 | Q39: 0.91491301 | S39: 91.9 DISNEY | T39: 1.010828 | U39: 0.89151283 | V39: 0.67950062 | W39: 1.1074406 | X39: 0.61861223 | Y39: 0.34398115 | Z39: 0.73715796
A40: 92.5 CONCIERTO URBANA | B40: 0.053333857 | C40: 0.07134468 | D40: 0.0621378 | E40: 0.079675358 | F40: 0.062392504 | G40: 0.049973925 | H40: 0.06308988 | J40: 92.5 CONCIERTO URBANA | K40: 0.0746674 | L40: 0.085627579 | M40: 0.079316341 | N40: 0.06231191 | O40: 0.052612771 | P40: 0.045663534 | Q40: 0.066442424 | S40: 92.5 CONCIERTO URBANA | T40: 0 | U40: 0.035637435 | V40: 0.01919145 | W40: 0.12308398 | X40: 0.086841837 | Y40: 0.060749902 | Z40: 0.054708519
A41: 93.1 INOLVIDABLE | B41: 1.3639327 | C41: 1.4559877 | D41: 0.67008783 | E41: 1.1062936 | F41: 0.42067658 | G41: 0.35124098 | H41: 0.86863081 | J41: 93.1 INOLVIDABLE | K41: 0.98982984 | L41: 1.4529173 | M41: 0.75473566 | N41: 1.1716064 | O41: 0.39733385 | P41: 0.37342947 | Q41: 0.85602636 | S41: 93.1 INOLVIDABLE | T41: 2.2991898 | U41: 1.4636636 | V41: 0.45846826 | W41: 0.9430117 | X41: 0.47903342 | Y41: 0.29576975 | Z41: 0.90014193
A42: 93.9 OCEANO | B42: 0 | C42: 0.40194231 | D42: 0.96467758 | E42: 0.65193751 | F42: 0.30031633 | G42: 0.31820581 | H42: 0.46114222 | J42: 93.9 OCEANO | K42: 0 | L42: 0.4027554 | M42: 1.1469151 | N42: 0.62620676 | O42: 0.23191023 | P42: 0.36223548 | Q42: 0.4893485 | S42: 93.9 OCEANO | T42: 0 | U42: 0.39990958 | V42: 0.50908375 | W42: 0.71626438 | X42: 0.47133158 | Y42: 0.20813165 | Z42: 0.39062652
A43: 94.7 E. DEL SUR | B43: 0.015176926 | C43: 0.0044522622 | D43: 0.053821335 | E43: 0.11309007 | F43: 0.094468733 | G43: 0.091543105 | H43: 0.061940562 | J43: 94.7 E. DEL SUR | K43: 0.021247696 | L43: 0 | M43: 0.07534987 | N43: 0.12985687 | O43: 0.064099608 | P43: 0.10336081 | Q43: 0.066234497 | S43: 94.7 E. DEL SUR | T43: 0 | U43: 0.015582918 | V43: 0 | W43: 0.071173063 | X43: 0.17039155 | Y43: 0.061998851 | Z43: 0.051205724
A44: 95.5 DEL PLATA | B44: 0.024273739 | C44: 0.45771468 | D44: 0.63537267 | E44: 1.589092 | F44: 0.63293566 | G44: 0.21356057 | H44: 0.57808004 | J44: 95.5 DEL PLATA | K44: 0.033983234 | L44: 0.45910596 | M44: 0.69366519 | N44: 1.827212 | O44: 0.65446899 | P44: 0.25052673 | Q44: 0.63543892 | S44: 95.5 DEL PLATA | T44: 0 | U44: 0.45423647 | V44: 0.48964135 | W44: 0.9937922 | X44: 0.57910231 | Y44: 0.12114516 | Z44: 0.43468285
A45: 96.3 ALFA | B45: 0 | C45: 0.0044222179 | D45: 0.24973652 | E45: 0.11040737 | F45: 0.074159086 | G45: 0 | H45: 0.069948259 | J45: 96.3 ALFA | K45: 0 | L45: 0.006191105 | M45: 0.30281673 | N45: 0.11724038 | O45: 0.096350372 | P45: 0 | Q45: 0.083448419 | S45: 96.3 ALFA | T45: 0 | U45: 0 | V45: 0.11703597 | W45: 0.093324861 | X45: 0.018680871 | Y45: 0 | Z45: 0.03619786
A46: 97.1 BABEL | B46: 0 | C46: 0.067805093 | D46: 0.1863465 | E46: 0.25260599 | F46: 0.51625451 | G46: 0.19473652 | H46: 0.19845929 | J46: 97.1 BABEL | K46: 0 | L46: 0.03708126 | M46: 0.15722453 | N46: 0.22735067 | O46: 0.62581429 | P46: 0.20655427 | Q46: 0.20078668 | S46: 97.1 BABEL | T46: 0 | U46: 0.14461468 | V46: 0.25915144 | W46: 0.3157443 | X46: 0.24235505 | Y46: 0.16519214 | Z46: 0.19264082
A47: 97.9 M24 | B47: 0 | C47: 0.0016229043 | D47: 0.069878117 | E47: 0.15560372 | F47: 0.057842125 | G47: 0.62117294 | H47: 0.18395172 | J47: 97.9 M24 | K47: 0 | L47: 0 | M47: 0.068146276 | N47: 0.082666935 | O47: 0.062334562 | P47: 0.67382624 | Q47: 0.18522078 | S47: 97.9 M24 | T47: 0 | U47: 0.0056801652 | V47: 0.07420772 | W47: 0.33794569 | X47: 0.046611033 | Y47: 0.48953969 | Z47: 0.18077909
... A63: RATING GENERAL | B63: 9.5846443 | C63: 14.755762 | D63: 16.069054 | E63: 19.580959 | F63: 17.986619 | G63: 16.765541 | H63: 16.061378 | J63: RATING GENERAL | K63: 9.6448698 | L63: 15.790166 | M63: 17.974912 | N63: 21.161376 | O63: 19.434866 | P63: 18.272976 | Q63: 17.390201 | S63: RATING GENERAL | T63: 9.4340807 | U63: 12.169749 | V63: 11.30441 | W63: 15.629916 | X63: 14.366004 | Y63: 12.996955 | Z63: 12.739321

Sheet RatxSexo
A1: CUADROS 39 - 40: RESUMEN DE RATING POR SEXO | AM - FM
A3: CUADRO 39: RADIOS AM - LUNES A DOMINGO | F3: CUADRO 40: RADIOS FM - LUNES A DOMINGO
A4: RADIOS | B4: FEM. | C4: MASC. | D4: TOTAL | F4: RADIOS | G4: FEM. | H4: MASC. | I4: TOTAL
A5: CX4 RURAL | B5: 0.033315268 | C5: 0.12054044 | D5: 0.073351623 | F5: 88.3 LACOSTA | G5: 0.29342598 | H5: 0.13835193 | I5: 0.22224699
A6: CX6 CLÁSICA | B6: 0.0037662536 | C6: 0.039857025 | D6: 0.020331918 | F6: 90.3 OLDIES | G6: 0.34020206 | H6: 0.58467582 | I6: 0.45241551
A7: CX8 SARANDI | B7: 0.61637575 | C7: 0.77494603 | D7: 0.68915951 | F7: 91.1 RADIOFUTURA | G7: 0.46395961 | H7: 0.7654676 | I7: 0.60235178
A8: CX10 CONTINENTE | B8: 0.043904957 | C8: 0.019554823 | D8: 0.032728245 | F8: 91.9 DISNEY | G8: 1.1677019 | H8: 0.50631616 | I8: 0.86412585
A9: CX12 ORIENTAL | B9: 0.069820853 | C9: 0.12888426 | D9: 0.096930958 | F9: 92.5 CONCIERTO URBANA | G9: 0.052369503 | H9: 0.075725444 | I9: 0.06308988
A10: CX14 EL ESPECTADOR | B10: 0.089245418 | C10: 0.16683198 | D10: 0.12485765 | F10: 93.1 INOLVIDABLE | G10: 1.1074175 | H10: 0.58718509 | I10: 0.86863081
A11: CX16 CARVE | B11: 0.096789427 | C11: 0.15214811 | D11: 0.12219906 | F11: 93.9 OCEANO | G11: 0.28253263 | H11: 0.67166029 | I11: 0.46114222
A12: CX18 SPORT 890 | B12: 0.11121955 | C12: 0.67162598 | D12: 0.3684461 | F12: 94.7 E. DEL SUR | G12: 0.062087576 | H12: 0.061767284 | I12: 0.061940562
A13: CX20 MONTECARLO | B13: 1.3761106 | C13: 1.5123138 | D13: 1.4386279 | F13: 95.5 DEL PLATA | G13: 0.65767207 | H13: 0.48426896 | I13: 0.57808004
A14: CX22 UNIVERSAL | B14: 0.03984336 | C14: 0.18164968 | D14: 0.10493246 | F14: 96.3 ALFA | G14: 0.035548512 | H14: 0.11049349 | I14: 0.069948259
A15: CX24 RADIO 1010 AM | B15: 0.02879794 | C15: 0.097003345 | D15: 0.060104221 | F15: 97.1 BABEL | G15: 0.16926024 | H15: 0.23287473 | I15: 0.19845929
A16: CX26 RADIO URUGUAY | B16: 0.068221009 | C16: 0.17168665 | D16: 0.11571174 | F16: 97.9 M24 | G16: 0.086261508 | H16: 0.29909422 | I16: 0.18395172
... A32: RATING GENERAL | B32: 14.929751 | C32: 17.395169 | D32: 16.061378 | F32: RATING GENERAL | G32: 14.929751 | H32: 17.395169 | I32: 16.061378

Sheet RatxLugar
A1: CUADRO 41: RESUMEN DE RATING POR LUGAR DE ESCUCHA
A2: LUNES A DOMINGO - 00:00 A 24:00 - AM/FM
A4: HORA | B4: HOGAR | C4: TRABAJO | D4: AUTO | E4: OTRO | F4: TOTAL
A5: 00:00 - 00:59 | B5: 2.0682482 | C5: 0.091472277 | D5: 0.086629091 | E5: 0.023049349 | F5: 2.2693989
A6: 01:00 - 01:59 | B6: 1.1923183 | C6: 0.13688864 | D6: 0.075454346 | E6: 0 | F6: 1.4046613
A7: 02:00 - 02:59 | B7: 0.7894859 | C7: 0.12821732 | D7: 0.085362016 | E7: 0 | F7: 1.0030652
A8: 03:00 - 03:59 | B8: 0.58310809 | C8: 0.12821732 | D8: 0.039948394 | E8: 0 | F8: 0.7512738
A9: 04:00 - 04:59 | B9: 0.47902844 | C9: 0.2274979 | D9: 0.040955114 | E9: 0.0091376673 | F9: 0.75661912
A10: 05:00 - 05:59 | B10: 1.9443295 | C10: 0.33471838 | D10: 0.093754924 | E10: 0.064224584 | F10: 2.4370274
A11: 06:00 - 06:59 | B11: 5.562572 | C11: 1.6077406 | D11: 0.71027808 | E11: 0.21041063 | F11: 8.0910013
A12: 07:00 - 07:59 | B12: 8.3671209 | C12: 3.856558 | D12: 1.6018194 | E12: 0.29913494 | F12: 14.124633
A13: 08:00 - 08:59 | B13: 12.349789 | C13: 8.8713106 | D13: 2.0425577 | E13: 0.47018047 | F13: 23.733838
A14: 09:00 - 09:59 | B14: 15.229666 | C14: 13.397244 | D14: 1.7702512 | E14: 0.66771453 | F14: 31.064876
A15: 10:00 - 10:59 | B15: 16.811728 | C15: 15.373959 | D15: 1.4280503 | E15: 0.73326996 | F15: 34.347006
A16: 11:00 - 11:59 | B16: 16.404903 | C16: 15.615925 | D16: 1.0538351 | E16: 0.50512062 | F16: 33.579784
... A33: 00:00 - 24:00 | B33: 8.3336418 | C33: 6.5770918 | D33: 0.86736544 | E33: 0.2832791 | F33: 16.061378

Sheet Cobertura
A1: CUADRO 42: COBERTURA SEMANAL POR NIVEL SOCIOECONÓMICO, EDAD Y SEXO | AM | LUNES A DOMINGO
A2: RADIO | B2: TOTAL | C2: NSE | F2: EDAD | L2: SEXO
C3: ABC1 | D3: C2C3D1 | E3: D2E | F3: 12 - 17 | G3: 18 - 29 | H3: 30 - 39 | I3: 40 - 49 | J3: 50 - 59 | K3: >= 60 | L3: FEM. | M3: MASC.
A4: CX4 RURAL | B4: 1.1603574 | C4: 0.67325036 | D4: 1.2670779 | E4: 1.4820497 | F4: 0 | G4: 0.25888991 | H4: 0.24356971 | I4: 1.0325476 | J4: 1.7321185 | K4: 2.9701182 | L4: 0.88798188 | M4: 1.4813927
A5: CX6 CLÁSICA | B5: 0.51582723 | C5: 1.3095506 | D5: 0.25373176 | E5: 0.3208782 | F5: 0 | G5: 0 | H5: 0 | I5: 0 | J5: 1.4319671 | K5: 1.4081398 | L5: 0.29108685 | M5: 0.78071731
A6: CX8 SARANDI | B6: 7.72293 | C6: 14.446551 | D6: 6.367564 | E6: 2.8431357 | F6: 2.5958541 | G6: 3.3465871 | H6: 4.7623345 | I6: 4.4831398 | J6: 14.258962 | K6: 15.731271 | L6: 6.8821615 | M6: 8.7139011
A7: CX10 CONTINENTE | B7: 1.4057818 | C7: 2.8228323 | D7: 1.1352531 | E7: 0.32087335 | F7: 0 | G7: 0.5648829 | H7: 0 | I7: 0.77210742 | J7: 2.0599432 | K7: 3.9105615 | L7: 1.2135877 | M7: 1.6323113
A8: CX12 ORIENTAL | B8: 2.0860859 | C8: 4.3421099 | D8: 1.5236424 | E8: 0.85065006 | F8: 0 | G8: 0.5648829 | H8: 1.2702379 | I8: 2.9131092 | J8: 2.5450363 | K8: 4.280823 | L8: 1.5950814 | M8: 2.664808
A9: CX14 EL ESPECTADOR | B9: 2.5492525 | C9: 6.4811583 | D9: 1.5923909 | E9: 0.30875707 | F9: 0 | G9: 2.7746895 | H9: 0.77162563 | I9: 3.1429808 | J9: 2.310702 | K9: 4.5681976 | L9: 1.7660622 | M9: 3.4723591
A10: CX16 CARVE | B10: 2.1020452 | C10: 2.552034 | D10: 2.2576272 | E10: 0.85606942 | F10: 0 | G10: 0 | H10: 0.52392659 | I10: 1.8719498 | J10: 3.0825457 | K10: 5.8010587 | L10: 1.1587908 | M10: 3.2138113
A11: CX18 SPORT 890 | B11: 4.2164269 | C11: 6.0717436 | D11: 4.0500887 | E11: 2.0947117 | F11: 0 | G11: 1.7130073 | H11: 3.190082 | I11: 4.4894116 | J11: 8.6758547 | K11: 6.4028242 | L11: 2.0009542 | M11: 6.8276921
A12: CX20 MONTECARLO | B12: 11.303496 | C12: 7.8861694 | D12: 13.855514 | E12: 6.8287216 | F12: 1.9224361 | G12: 3.2674612 | H12: 5.1114484 | I12: 7.4670345 | J12: 14.198213 | K12: 29.435198 | L12: 10.158706 | M12: 12.652802
A13: CX22 UNIVERSAL | B13: 2.8916048 | C13: 1.9731884 | D13: 3.4777957 | E13: 2.0610602 | F13: 0 | G13: 1.1102958 | H13: 1.0319033 | I13: 3.3837328 | J13: 5.9841113 | K13: 5.1068573 | L13: 1.0735153 | M13: 5.0344945
A14: CX24 RADIO 1010 AM | B14: 1.2661373 | C14: 0.48526703 | D14: 1.7726297 | E14: 0.52977185 | F14: 0 | G14: 1.0616822 | H14: 0.50577701 | I14: 1.083124 | J14: 1.1051292 | K14: 2.8134973 | L14: 0.72217341 | M14: 1.9072798
A15: CX26 RADIO URUGUAY | B15: 1.2378769 | C15: 2.3683965 | D15: 0.95312362 | E15: 0.62963527 | F15: 0 | G15: 0.53462781 | H15: 0.52392659 | I15: 0.82962466 | J15: 1.1130692 | K15: 3.3397399 | L15: 0.93961768 | M15: 1.58942
... A31: TOTAL | B31: 74.9 | C31: 77.9 | D31: 74.2 | E31: 72.7 | F31: 60.4 | G31: 74.9 | H31: 75.9 | I31: 82.6 | J31: 75.7 | K31: 75.1 | L31: 72.3 | M31: 77.9
A33: CUADRO 43: COBERTURA SEMANAL POR NIVEL SOCIOECONÓMICO, EDAD Y SEXO | FM | LUNES A DOMINGO
A34: RADIO | B34: TOTAL | C34: NSE | F34: EDAD | L34: SEXO
C35: ABC1 | D35: C2C3D1 | E35: D2E | F35: 12 - 17 | G35: 18 - 29 | H35: 30 - 39 | I35: 40 - 49 | J35: 50 - 59 | K35: >= 60 | L35: FEM. | M35: MASC.
A36: 88.3 LACOSTA | B36: 2.6955948 | C36: 4.499238 | D36: 1.8893963 | E36: 3.0388136 | F36: 0 | G36: 7.6378447 | H36: 3.8125957 | I36: 1.521922 | J36: 0.58896123 | K36: 0.33349116 | L36: 2.7404336 | M36: 2.6427456
A37: 90.3 OLDIES | B37: 5.2745722 | C37: 8.9209481 | D37: 3.899919 | E37: 5.0157471 | F37: 5.827151 | G37: 4.2295333 | H37: 4.6793677 | I37: 7.0127865 | J37: 8.5145846 | K37: 3.4072905 | L37: 3.2616717 | M37: 7.6470759
A38: 91.1 RADIOFUTURA | B38: 5.7641039 | C38: 7.1649379 | D38: 5.6150776 | E38: 4.2496089 | F38: 1.9194626 | G38: 7.1906187 | H38: 13.671851 | I38: 9.0504207 | J38: 2.2407219 | K38: 0.1606011 | L38: 4.6071375 | M38: 7.1277614
A39: 91.9 DISNEY | B39: 11.534774 | C39: 13.7585 | D39: 11.515297 | E39: 8.3202354 | F39: 24.322836 | G39: 13.420629 | H39: 13.271931 | I39: 13.363221 | J39: 10.14443 | K39: 2.3883414 | L39: 12.99719 | M39: 9.8110984
A40: 92.5 CONCIERTO URBANA | B40: 2.0857681 | C40: 3.4987594 | D40: 0.98101291 | E40: 4.1209603 | F40: 3.8389251 | G40: 1.4904516 | H40: 1.6451829 | I40: 3.2929665 | J40: 3.075229 | K40: 0.83573779 | L40: 1.6645771 | M40: 2.5822045
A41: 93.1 INOLVIDABLE | B41: 9.5529198 | C41: 6.3759178 | D41: 9.5249048 | E41: 14.353936 | F41: 17.645237 | G41: 14.866895 | H41: 9.4430006 | I41: 8.8308153 | J41: 6.2035724 | K41: 3.4177368 | L41: 11.215445 | M41: 7.5933856
A42: 93.9 OCEANO | B42: 5.968281 | C42: 8.1559219 | D42: 5.8219695 | E42: 3.2805463 | F42: 0 | G42: 9.0204942 | H42: 9.0608704 | I42: 5.4399001 | J42: 4.4660061 | K42: 4.6094107 | L42: 4.0168903 | M42: 8.2682863
A43: 94.7 E. DEL SUR | B43: 1.6488334 | C43: 2.6376097 | D43: 1.2352964 | E43: 1.7308643 | F43: 2.7591005 | G43: 0 | H43: 0 | I43: 4.5882656 | J43: 2.2437662 | K43: 1.7307554 | L43: 1.5980537 | M43: 1.7086848
A44: 95.5 DEL PLATA | B44: 5.5020242 | C44: 9.1355064 | D44: 5.003549 | E44: 1.9915574 | F44: 4.3242714 | G44: 5.8720123 | H44: 7.3900984 | I44: 10.580432 | J44: 5.3803931 | K44: 1.055552 | L44: 6.1673872 | M44: 4.7177946
A45: 96.3 ALFA | B45: 1.7006944 | C45: 3.4376646 | D45: 1.2742445 | E45: 0.72490231 | F45: 0 | G45: 0.91745165 | H45: 4.3017939 | I45: 2.0136763 | J45: 3.4385869 | K45: 0 | L45: 1.7150969 | M45: 1.6837188
