Workbook
Name _ftn1: Intro2!#REF!
Name _ftn2: Intro2!#REF!
Name _ftn3: Intro2!#REF!

Sheet Tapa
A49: MEDICION GENERAL DE AUDIENCIA DE RADIO
A50: JULIO - SETIEMBRE 2021

Sheet Intro1
F15: No. 39
F16: MEDICION GENERAL DE AUDIENCIA DE RADIO
F17: JULIO - SETIEMBRE 2021
F47: MEDICION AUDITADA POR

Sheet Intro2
F1: CARACTERISTICAS GENERALES DEL RELEVAMIENTO
A3: OBJETIVO GENERAL
A4: Estimar la escucha de radio y caracterizar desde un punto de vista socio-demográfico a los radioescuchas.
A6: OBJETIVOS ESPECIFICOS
A7: Se estimaron las siguientes medidas de audiencia: (i) Cobertura semanal (ii) Share (iii) Rating del Medio y de cada Radio y la información se presenta discriminada según los siguientes dominios: (i) Banda (AM – FM) (ii) Emisora (iii) Día (Lunes a Domingo) (iv) Hora (en tramos de una hora) (v) Lugar de Escucha (vi) Sexo (vii) Edad (12 años y más) (viii) Nivel Socioeconómico
A9: POBLACION
A10: La medición se realizó sobre la población de 12 años y más residente en hogares particulares en Montevideo y Zona Metropolitana (ZM). La ZM se compone por las siguientes sub-zonas: Ciudad de la Costa, Ciudad del Plata, La Paz, Las Piedras y Pando. De acuerdo con los datos publicados por el INE correspondientes al Censo de Población, Hogares y Viviendas realizado en 2011 (CPHV 2011) y considerando, que se excluyen del universo las personas que residen en viviendas colectivas (hoteles, pensiones, asilos, internado de estudiantes, cuarteles, cárceles, conventos, etc.) la población del universo objetivo se compone de 1:311.422 personas. En este sentido, cada punto de rating corresponde a 13.114 personas.
A12: TRABAJO DE CAMPO
A13: PERIODO: el trabajo de campo se realizó desde el 13/07 hasta el 01/09.
A14: TIPO DE RELEVAMIENTO: cara a cara en la entrevista inicial y autoempadronamiento en las siguientes instancias.
A15: SOPORTE PARA RELEVAMEINTO: formulario en papel y web.
A16: ENTREVISTA: en la entrevista inicial se relevó la escucha coincidental y la declarada en el día anterior. En las 6 instancias posteriores que completan la semana de escucha, el participante completó el formulario cada día con la escucha del día anterior.
A18: DISEÑO MUESTRAL
... A26: COBERTURA SEMANAL: se define como la cantidad de personas distintas que escucharon por lo menos una emisora de radio en la semana.

Sheet IndiceC
A1: INDICE DE CUADROS
A3: =+EstMuestra!A1 -> CUADRO 1: CARACTERIZACION DE LA POBLACION Y LA MUESTRA
A4: =+Error!A1 -> CUADRO 2: NIVELES DE ERROR DE LAS ESTIMACIONES
A5: =+RatxHoraxLD!A1 -> CUADRO 3: RESUMEN DE RATING POR HORA | AM | LUNES A DOMINGO
A6: =+RatxHoraxLD!A32 -> CUADRO 4: RESUMEN DE RATING POR HORA | FM | LUNES A DOMINGO
A7: =+RatxHoraxLV!A1 -> CUADRO 5: RESUMEN DE RATING POR HORA | AM | LUNES A VIERNES
A8: =+RatxHoraxLV!A32 -> CUADRO 6: RESUMEN DE RATING POR HORA | FM | LUNES A VIERNES
A9: =+RatxHoraxSD!A1 -> CUADRO 7: RESUMEN DE RATING POR HORA | AM | SABADO A DOMINGO
A10: =+RatxHoraxSD!A32 -> CUADRO 8: RESUMEN DE RATING POR HORA | FM | SABADO A DOMINGO
A11: =+RatxLDxABC1!A1 -> CUADRO 9: RESUMEN DE RATING POR HORA - SEGMENTO ABC1 | AM | LUNES A DOMINGO
A12: =+RatxLDxABC1!A32 -> CUADRO 10: RESUMEN DE RATING POR HORA - SEGMENTO ABC1 | FM | LUNES A DOMINGO
A13: =+RatxLVxABC1!A1 -> CUADRO 11: RESUMEN DE RATING POR HORA - SEGMENTO ABC1 | AM | LUNES A VIERNES
A14: =+RatxLVxABC1!A32 -> CUADRO 12: RESUMEN DE RATING POR HORA - SEGMENTO ABC1 | FM | LUNES A VIERNES
A15: =+RatxSDxABC1!A1 -> CUADRO 13: RESUMEN DE RATING POR HORA - SEGMENTO ABC1 | AM | SABADO A DOMINGO
A16: =+RatxSDxABC1!A32 -> CUADRO 14: RESUMEN DE RATING POR HORA - SEGMENTO ABC1 | FM | SABADO A DOMINGO
A17: =+RatxLDxC2C3D1!A1 -> CUADRO 15: RESUMEN DE RATING POR HORA - SEGMENTO C2C3D1 | AM | LUNES A DOMINGO
A18: =+RatxLDxC2C3D1!A32 -> CUADRO 16: RESUMEN DE RATING POR HORA - SEGMENTO C2C3D1 | FM | LUNES A DOMINGO
A19: =+RatxLVxC2C3D1!A1 -> CUADRO 17: RESUMEN DE RATING POR HORA - SEGMENTO C2C3D1 | AM | LUNES A VIERNES
A20: =+RatxLVxC2C3D1!A32 -> CUADRO 18: RESUMEN DE RATING POR HORA - SEGMENTO C2C3D1 | FM | LUNES A VIERNES
A21: =+RatxSDxC2C3D1!A1 -> CUADRO 19: RESUMEN DE RATING POR HORA - SEGMENTO C2C3D1 | AM | SABADO A DOMINGO
A22: =+RatxSDxC2C3D1!A32 -> CUADRO 20: RESUMEN DE RATING POR HORA - SEGMENTO C2C3D1 | FM | SABADO A DOMINGO
A23: =+RatxLDxD2E!A1 -> CUADRO 21: RESUMEN DE RATING POR HORA - SEGMENTO D2E | AM | LUNES A DOMINGO
A24: =+RatxLDxD2E!A32 -> CUADRO 22: RESUMEN DE RATING POR HORA - SEGMENTO D2E | FM | LUNES A DOMINGO
A25: =+RatxLVxD2E!A1 -> CUADRO 23: RESUMEN DE RATING POR HORA - SEGMENTO D2E | AM | LUNES A VIERNES
A26: =+RatxLVxD2E!A32 -> CUADRO 24: RESUMEN DE RATING POR HORA - SEGMENTO D2E | FM | LUNES A VIERNES
A27: =+RatxSDxD2E!A1 -> CUADRO 25: RESUMEN DE RATING POR HORA - SEGMENTO D2E | AM | SABADO A DOMINGO
A28: =+RatxSDxD2E!A32 -> CUADRO 26: RESUMEN DE RATING POR HORA - SEGMENTO D2E | FM | SABADO A DOMINGO
A29: =+RatxNSE!A1 -> CUADROS 27 - 28: RESUMEN DE RATING PROMEDIO - HORA POR NIVEL SOCIOECONÓMICO | AM - FM
A30: =+RatxEdad!A1 -> CUADROS 29 - 30: RESUMEN DE RATING POR EDAD | AM - FM
A31: =+RatxSexo!A1 -> CUADROS 31 - 32: RESUMEN DE RATING PROMEDIO-HORA POR SEXO | AM - FM
A32: =+RatxLugar!A1 -> CUADRO 33: RESUMEN DE RATING POR LUGAR DE ESCUCHA
A33: =+Cobertura!A1 -> CUADRO 34: COBERTURA SEMANAL POR NIVEL SOCIOECONÓMICO, EDAD Y SEXO | AM | LUNES A DOMINGO
A34: =+Cobertura!A32 -> CUADRO 35: COBERTURA SEMANAL POR NIVEL SOCIOECONÓMICO, EDAD Y SEXO | FM | LUNES A DOMINGO
A35: =+ShaxHoraxLD!A1 -> CUADRO 36: RESUMEN DE SHARE POR HORA | AM | LUNES A DOMINGO
A36: =+ShaxHoraxLD!A32 -> CUADRO 37: RESUMEN DE SHARE POR HORA | FM | LUNES A DOMINGO
A37: =+SharexHoraxLV!A1 -> CUADRO 38: RESUMEN DE SHARE POR HORA | AM | LUNES A VIERNES
A38: =+SharexHoraxLV!A31 -> CUADRO 39: RESUMEN DE SHARE POR HORA | FM | LUNES A VIERNES
A39: =+SharexHoraxSD!A1 -> CUADRO 40: RESUMEN DE SHARE POR HORA | AM | SABADO A DOMINGO
A40: =+SharexHoraxSD!A31 -> CUADRO 41: RESUMEN DE SHARE POR HORA | FM | SABADO A DOMINGO
A41: =+AudienciaxLD!A1 -> CUADRO 42: RESUMEN DE AUDIENCIA POR HORA | AM | LUNES A DOMINGO
A42: =+AudienciaxLD!A32 -> CUADRO 43: RESUMEN DE AUDIENCIA POR HORA | FM | LUNES A DOMINGO
A43: =+AudienciaxLV!A1 -> CUADRO 44: RESUMEN DE AUDIENCIA POR HORA | AM | LUNES A VIERNES
A44: =+AudienciaxLV!A32 -> CUADRO 45: RESUMEN DE AUDIENCIA POR HORA | FM | LUNES A VIERNES
A45: =+AudienciaxSD!A1 -> CUADRO 46: RESUMEN DE AUDIENCIA POR HORA | AM | SABADO A DOMINGO
A46: =+AudienciaxSD!A32 -> CUADRO 47: RESUMEN DE AUDIENCIA POR HORA | FM | SABADO A DOMINGO
A47: =+Perfil!A1 -> CUADRO 48: PERFIL DE AUDIENCIA POR NIVEL SOCIOECONOMICO, EDAD Y SEXO | AM - FM | LUNES A DOMINGO
A48: =+Perfil!A34 -> CUADRO 49: PERFIL DE AUDIENCIA POR NIVEL SOCIOECONOMICO, EDAD Y SEXO | AM - FM | LUNES A VIERNES
A49: =+Perfil!A67 -> CUADRO 50: PERFIL DE AUDIENCIA POR NIVEL SOCIOECONOMICO, EDAD Y SEXO | AM - FM | SABADO A DOMINGO

Sheet InidiceG
A1: INDICE DE GRAFICOS
A3: =+GraxRAM!A1 -> PANEL 1: RESUMEN DE RATING Y COBERTURA | AM
A4: =+GraxRAMxNSE!A1 -> PANEL 2: RESUMEN DE RATING POR NSE | AM | LUNES A DOMINGO | 00:00 - 24:00
A5: =+GraxRFM!A1 -> PANEL 3: RESUMEN DE RATING Y COBERTURA | FM
A6: =+GraxRFMxNSE!A1 -> PANEL 4: RESUMEN DE RATING POR NSE | FM | LUNES A DOMINGO | 00:00 - 24:00
A7: =+EncxLug!A1 -> PANEL 5: RESUMEN DE ENCENDIDO POR LUGAR DE ESCUCHA
A8: =+CrvEncAMxLD!A1 -> PANEL 6: CURVAS DE ENCENDIDO | AM | LUNES A DOMINGO
A9: =+CrvEncAMxLV!A1 -> PANEL 7:CURVAS DE ENCENDIDO | AM | LUNES A VIERNES
A10: =+CrvEncAMxSD!A1 -> PANEL 8: CURVAS DE ENCENDIDO | AM | SABADO A DOMINGO
A11: =+CrvEncFMxLD!A1 -> PANEL 9: CURVAS DE ENCENDIDO | FM | LUNES A DOMINGO
A12: =+CrvEncFMxLV!A1 -> PANEL 10: CURVAS DE ENCENDIDO | FM | LUNES A VIERNES
A13: =+CrvEncFMxSD!A1 -> PANEL 11: CURVAS DE ENCENDIDO | FM | SABADO A DOMINGO

Sheet EstMuestra
A1: CUADRO 1: CARACTERIZACION DE LA POBLACION Y LA MUESTRA
A2: DIMENSION | B2: POBLACION | D2: MUESTRA
B3: TOTAL | C3: % | D3: TOTAL | E3: %
A4: ZONA | B4: 1311422 | C4: 100.04377 | D4: 2557 | E4: 100
A5: Montevideo | B5: 1099709 | C5: 83.9 | D5: 2225 | E5: 87.016034
A6: Estrato 1 | B6: 189149.95 | C6: 17.2 | D6: 440 | E6: 17.207665
A7: Estrato 2 | B7: 199047.33 | C7: 18.1 | D7: 502 | E7: 19.632382
A8: Estrato 3 | B8: 236437.43 | C8: 21.5 | D8: 531 | E8: 20.766523
A9: Estrato 4 | B9: 197947.62 | C9: 18 | D9: 452 | E9: 17.676965
A10: Estrato 5 | B10: 100073.52 | C10: 9.1 | D10: 300 | E10: 11.732499
A11: A. Metropolitana | B11: 211713 | C11: 16.143774 | D11: 332 | E11: 12.983966
A12: SEXO | B12: 1311422 | C12: 100 | D12: 2557 | E12: 100
A13: Masculino | B13: 602164 | C13: 45.916875 | D13: 1176 | E13: 45.991396
A14: Femenino | B14: 709258 | C14: 54.083125 | D14: 1381 | E14: 54.008604
A15: EDAD | B15: 1311422 | C15: 100 | D15: 2557 | E15: 100
... A29: B- | B29: 70126.98 | C29: 5.3474 | D29: 350 | E29: 13.687916

Sheet Error
A1: CUADRO 2: NIVELES DE ERROR DE LAS ESTIMACIONES
A2: 95 % DE CONFIANZA
A3: DISEÑO | B3: MUESTRA | F3: RATING DIARIO
B4: TOTAL | C4: DIARIA | D4: ROTATIVA | E4: PANEL
F5: 0.005 | G5: 0.01 | H5: 0.02 | I5: 0.03 | J5: 0.05 | K5: 0.1 | L5: 0.15 | M5: 0.2
A6: MEDICION 2021 | B6: 2557 | C6: 1475.2857 | D6: 180.28571 | E6: 1295 | F6: 0.0034410503 | G6: 0.0048541375 | H6: 0.0068300284 | I6: 0.008322254 | J6: 0.010632644 | K6: 0.014635775 | L6: 0.017420057 | M6: 0.019514367
A7: MEDICION 2019 | B7: 2000 | C7: 1190 | D7: 135 | E7: 1055 | F7: 0.0038428924 | G7: 0.0054209983 | H7: 0.0076276317 | I7: 0.0092941178 | J7: 0.011874313 | K7: 0.016344925 | L7: 0.019454352 | M7: 0.021793233
A8: MEDICION 2018 | B8: 2000 | C8: 1251.7143 | D8: 124.71429 | E8: 1127 | F8: 0.0037649807 | G8: 0.0053110917 | H8: 0.0074729873 | I8: 0.0091056866 | J8: 0.01163357 | K8: 0.016013544 | L8: 0.01905993 | M8: 0.021351392
A9: Notas: Muestra Total = Total de entrevistas realizadas. Muestra diaria = suma de los casos de panel + la muestra rotativa dividida en 7 dias. Muestra rotativa = muestra que no es de panel (hay menos de 7 observaciones de consumo por dia para cada persona). Panel = casos con observaciones en 7 dias.

Sheet RatxHoraxLD
A1: CUADRO 3: RESUMEN DE RATING POR HORA | AM | LUNES A DOMINGO
A2: RADIOS | B2: HORAS | Z2: PROMEDIO
B3: 00:00 - 00:59 | C3: 01:00 - 01:59 | D3: 02:00 - 02:59 | E3: 03:00 - 03:59 | F3: 04:00 - 04:59 | G3: 05:00 - 05:59 | H3: 06:00 - 06:59 | I3: 07:00 - 07:59 | J3: 08:00 - 08:59 | K3: 09:00 - 09:59 | L3: 10:00 - 10:59 | M3: 11:00 - 11:59 | N3: 12:00 - 12:59 | O3: 13:00 - 13:59 | P3: 14:00 - 14:59 | Q3: 15:00 - 15:59 | R3: 16:00 - 16:59 | S3: 17:00 - 17:59 | T3: 18:00 - 18:59 | U3: 19:00 - 19:59 | V3: 20:00 - 20:59 | W3: 21:00 - 21:59 | X3: 22:00 - 22:59 | Y3: 23:00 - 23:59 | Z3: 06:00 - 11:59 | AA3: 12:00 - 17:59 | AB3: 18:00 - 23:59 | AC3: 06:00 - 23:59 | AD3: 00:00 - 24:00
A4: 610 - CX4 RURAL | B4: 0.20842363 | C4: 0.26194653 | D4: 0.21755039 | E4: 0 | F4: 0.025330871 | G4: 0.073186629 | H4: 0.21095787 | I4: 0.44740424 | J4: 0.56999386 | K4: 0.52069744 | L4: 0.3940646 | M4: 0.32184314 | N4: 0.22721756 | O4: 0.47212013 | P4: 0.32434411 | Q4: 0.32434411 | R4: 0.21261771 | S4: 0.21261771 | T4: 0.22721756 | U4: 0.23951044 | V4: 0.26004234 | W4: 0.44080323 | X4: 0.30275236 | Y4: 0.1898492 | Z4: 0.41082686 | AA4: 0.29554356 | AB4: 0.27669585 | AC4: 0.32768876 | AD4: 0.27853482
A5: 650 - CX6 CLÁSICA | B5: 0.022927857 | C5: 0.035078771 | D5: 0.054892114 | E5: 0.015764029 | F5: 0 | G5: 0 | H5: 0.038126271 | I5: 0.048793543 | J5: 0.024955129 | K5: 0.024953814 | L5: 0.024953814 | M5: 0.024953814 | N5: 0 | O5: 0 | P5: 0 | Q5: 0 | R5: 0.0054067 | S5: 0.024955129 | T5: 0 | U5: 0 | V5: 0 | W5: 0.0058029857 | X5: 0.0199914 | Y5: 0.0199914 | Z5: 0.031122731 | AA5: 0.0050603048 | AB5: 0.0076309643 | AC5: 0.014604667 | AD5: 0.016314449
A6: 690 - CX8 SARANDI | B6: 0.078120429 | C6: 0.034402843 | D6: 0.0162792 | E6: 0 | F6: 0.053094843 | G6: 0.68062014 | H6: 2.5354106 | I6: 4.0942142 | J6: 3.6686256 | K6: 3.7078617 | L6: 2.5849394 | M6: 2.1145786 | N6: 1.138619 | O6: 0.55550364 | P6: 0.7366538 | Q6: 0.52147941 | R6: 0.3566734 | S6: 0.38337747 | T6: 0.45822777 | U6: 0.3849164 | V6: 0.10438501 | W6: 0.19632487 | X6: 0.28423043 | Y6: 0.19703104 | Z6: 3.117605 | AA6: 0.61538446 | AB6: 0.27085259 | AC6: 1.334614 | AD6: 1.0368987
A7: 730 - CX10 CONTINENTE | B7: 0.097129357 | C7: 0.091722657 | D7: 0.097129357 | E7: 0.059394914 | F7: 0 | G7: 0 | H7: 0.047800114 | I7: 0.096255357 | J7: 0.142671 | K7: 0.058637843 | L7: 0.049115386 | M7: 0.033526086 | N7: 0.033526086 | O7: 0.044339486 | P7: 0 | Q7: 0 | R7: 0.094215757 | S7: 0.099622457 | T7: 0.053206814 | U7: 0.22083329 | V7: 0.0690432 | W7: 0.053206814 | X7: 0 | Y7: 0.0054067 | Z7: 0.071334298 | AA7: 0.045283964 | AB7: 0.066949469 | AC7: 0.061189244 | AD7: 0.060282611
A8: 770 - CX12 ORIENTAL | B8: 0.057036686 | C8: 0.011688214 | D8: 0.011688214 | E8: 0.0042579714 | F8: 0.0042579714 | G8: 0.092935443 | H8: 0.065759943 | I8: 0.37806097 | J8: 0.4008801 | K8: 0.14169067 | L8: 0.41549999 | M8: 0.2404039 | N8: 0.24779466 | O8: 0.16679854 | P8: 0.15377729 | Q8: 0.36086946 | R8: 0.23327823 | S8: 0.22085356 | T8: 0.045663271 | U8: 0.039723529 | V8: 0.024148829 | W8: 0.23488507 | X8: 0.20502667 | Y8: 0.072697886 | Z8: 0.27371593 | AA8: 0.23056195 | AB8: 0.10369088 | AC8: 0.20265625 | AD8: 0.15956988
A9: 810 - CX14 EL ESPECTADOR | B9: 0.28811796 | C9: 0.24913503 | D9: 0.032673143 | E9: 0.078084271 | F9: 0 | G9: 0.020942757 | H9: 0.061111671 | I9: 0.59287346 | J9: 0.82207436 | K9: 0.85038967 | L9: 0.79048861 | M9: 0.76352511 | N9: 0.64958211 | O9: 0.85649783 | P9: 1.1254442 | Q9: 1.1501957 | R9: 0.70215379 | S9: 0.43573727 | T9: 0.16843273 | U9: 0.13998233 | V9: 0.037500971 | W9: 0.14017376 | X9: 0.072195714 | Y9: 0.20507904 | Z9: 0.64674381 | AA9: 0.81993515 | AB9: 0.12722742 | AC9: 0.53130213 | AD9: 0.42634964
A10: 850 - CX16 CARVE | B10: 0.41653004 | C10: 0.40060147 | D10: 0.38227927 | E10: 0.22125246 | F10: 0.15252099 | G10: 0.37265767 | H10: 0.90471964 | I10: 1.7092339 | J10: 0.98648217 | K10: 0.60702677 | L10: 0.38617997 | M10: 0.37120713 | N10: 0.2340895 | O10: 0.33131903 | P10: 0.4276449 | Q10: 0.36313701 | R10: 0.30387159 | S10: 0.17084524 | T10: 0.083588771 | U10: 0.1490925 | V10: 0.18841476 | W10: 0.44660296 | X10: 0.47336931 | Y10: 0.43463923 | Z10: 0.82747493 | AA10: 0.30515121 | AB10: 0.29595125 | AC10: 0.47619247 | AD10: 0.4382211
A11: 890 - CX18 SPORT 890 | B11: 0.017477386 | C11: 0.0054067 | D11: 0.031771829 | E11: 0.040165957 | F11: 0.028211371 | G11: 0.1170275 | H11: 0.23304381 | I11: 1.2782525 | J11: 2.0582024 | K11: 1.79239 | L11: 1.7225517 | M11: 1.4627146 | N11: 0.97686563 | O11: 1.2302284 | P11: 1.2079762 | Q11: 1.0790511 | R11: 1.0224139 | S11: 0.89246783 | T11: 0.73428059 | U11: 0.7137409 | V11: 0.44923189 | W11: 0.46505481 | X11: 0.30688796 | Y11: 0.15473746 | Z11: 1.4245258 | AA11: 1.0681672 | AB11: 0.4706556 | AC11: 0.98778287 | AD11: 0.75083968
A12: 930 - CX20 MONTECARLO | B12: 0.41469239 | C12: 0.24496297 | D12: 0.11571253 | E12: 0.10604263 | F12: 0.13181251 | G12: 0.67396511 | H12: 1.6308231 | I12: 2.5782399 | J12: 3.7821652 | K12: 4.8897681 | L12: 4.6942538 | M12: 4.3552334 | N12: 3.5243649 | O12: 3.4514763 | P12: 2.2053835 | Q12: 1.6595553 | R12: 1.5248968 | S12: 1.5426587 | T12: 1.5795637 | U12: 1.3541144 | V12: 1.1763595 | W12: 0.92977093 | X12: 0.44972787 | Y12: 0.35060044 | Z12: 3.6550806 | AA12: 2.3180559 | AB12: 0.97335613 | AC12: 2.3154975 | AD12: 1.8069227
A13: 970 - CX22 UNIVERSAL | B13: 0.4406454 | C13: 0.060592514 | D13: 0.022952114 | E13: 0.051954429 | F13: 0.073781029 | G13: 0.0576363 | H13: 0.10470779 | I13: 0.33323464 | J13: 0.53488859 | K13: 0.52031399 | L13: 0.49543866 | M13: 0.29076111 | N13: 0.55384497 | O13: 0.67771769 | P13: 0.51206104 | Q13: 0.54149297 | R13: 0.67204641 | S13: 0.51957064 | T13: 0.50753463 | U13: 0.43011923 | V13: 0.41227883 | W13: 0.40869339 | X13: 0.014599843 | Y13: 0 | Z13: 0.3798908 | AA13: 0.57945562 | AB13: 0.29553765 | AC13: 0.41829469 | AD13: 0.34320276
A14: 1010 - CX24 LA 1010 AM | B14: 0.039610514 | C14: 0.034203814 | D14: 0.020942757 | E14: 0 | F14: 0.0054067 | G14: 0.1304468 | H14: 0.1693072 | I14: 0.2204376 | J14: 0.34289986 | K14: 0.27084091 | L14: 0.26450304 | M14: 0.2203558 | N14: 0.32940587 | O14: 0.33240379 | P14: 0.29453617 | Q14: 0.35514573 | R14: 0.26574329 | S14: 0.18245304 | T14: 0.54669749 | U14: 0.32930153 | V14: 0.20716204 | W14: 0.1201579 | X14: 0.094994843 | Y14: 0.051457943 | Z14: 0.2480574 | AA14: 0.29328131 | AB14: 0.22496196 | AC14: 0.25543356 | AD14: 0.20118394
A15: 1050 - CX26 RADIO URUGUAY | B15: 0.0054067 | C15: 0 | D15: 0.0054067 | E15: 0.0054067 | F15: 0 | G15: 0.0054067 | H15: 0.024831271 | I15: 0.13975037 | J15: 0.13083437 | K15: 0.33714001 | L15: 0.30862406 | M15: 0.27460501 | N15: 0.34367633 | O15: 0.33017317 | P15: 0.14562421 | Q15: 0.10905674 | R15: 0.26792329 | S15: 0.0686763 | T15: 0.21553237 | U15: 0.0648523 | V15: 0.0648523 | W15: 0.22031727 | X15: 0.0217384 | Y15: 0.0271451 | Z15: 0.20263085 | AA15: 0.21085501 | AB15: 0.10240629 | AC15: 0.17196405 | AD15: 0.12987415
... A30: RATING GENERAL | B30: 5.6535428 | C30: 3.3685129 | D30: 2.4218017 | E30: 1.9863806 | F30: 2.4155625 | G30: 5.3462021 | H30: 12.358245 | I30: 27.496069 | J30: 38.909144 | K30: 49.462982 | L30: 51.520483 | M30: 48.775993 | N30: 41.716553 | O30: 40.582706 | P30: 39.964631 | Q30: 41.300594 | R30: 38.981896 | S30: 35.365789 | T30: 29.692637 | U30: 21.983294 | V30: 15.362035 | W30: 12.537774 | X30: 6.955042 | Y30: 4.8422061 | Z30: 38.087153 | AA30: 39.652028 | AB30: 15.228831 | AC30: 30.989337 | AD30: 24.125003
A32: CUADRO 4: RESUMEN DE RATING POR HORA | FM | LUNES A DOMINGO
A33: RADIOS | B33: HORAS | Z33: PROMEDIO
B34: 00:00 - 00:59 | C34: 01:00 - 01:59 | D34: 02:00 - 02:59 | E34: 03:00 - 03:59 | F34: 04:00 - 04:59 | G34: 05:00 - 05:59 | H34: 06:00 - 06:59 | I34: 07:00 - 07:59 | J34: 08:00 - 08:59 | K34: 09:00 - 09:59 | L34: 10:00 - 10:59 | M34: 11:00 - 11:59 | N34: 12:00 - 12:59 | O34: 13:00 - 13:59 | P34: 14:00 - 14:59 | Q34: 15:00 - 15:59 | R34: 16:00 - 16:59 | S34: 17:00 - 17:59 | T34: 18:00 - 18:59 | U34: 19:00 - 19:59 | V34: 20:00 - 20:59 | W34: 21:00 - 21:59 | X34: 22:00 - 22:59 | Y34: 23:00 - 23:59 | Z34: 06:00 - 11:59 | AA34: 12:00 - 17:59 | AB34: 18:00 - 23:59 | AC34: 06:00 - 23:59 | AD34: 00:00 - 24:00
A35: 88.3 - LACOSTA | B35: 0.062241686 | C35: 0.062241686 | D35: 0.062241686 | E35: 0.062241686 | F35: 0.10289311 | G35: 0.062241686 | H35: 0.060108257 | I35: 0.1572832 | J35: 0.38439893 | K35: 0.34074339 | L35: 0.25535891 | M35: 0.25729466 | N35: 0.20669651 | O35: 0.16355496 | P35: 0.30531877 | Q35: 0.18572233 | R35: 0.3382728 | S35: 0.38320137 | T35: 0.5096922 | U35: 0.30273291 | V35: 0.18830556 | W35: 0.11838131 | X35: 0.18388656 | Y35: 0.012672457 | Z35: 0.24253122 | AA35: 0.26379446 | AB35: 0.2192785 | AC35: 0.24186806 | AD35: 0.19865528
A36: 90.3 - FM HIT (OLDIES) | B36: 0.145382 | C36: 0.045503771 | D36: 0.045503771 | E36: 0.045503771 | F36: 0.14412949 | G36: 0.23492443 | H36: 0.22627207 | I36: 0.52013184 | J36: 0.6392458 | K36: 0.9758654 | L36: 1.1407295 | M36: 0.91067847 | N36: 0.79790076 | O36: 0.85681786 | P36: 1.1381235 | Q36: 0.8893879 | R36: 0.70633579 | S36: 0.58087084 | T36: 0.41759524 | U36: 0.32647141 | V36: 0.26072953 | W36: 0.24168303 | X36: 0.20826967 | Y36: 0.082640229 | Z36: 0.73548718 | AA36: 0.82823945 | AB36: 0.25623152 | AC36: 0.60665271 | AD36: 0.482529
A37: 91.1 - RADIO FUTURA | B37: 0 | C37: 0.013537457 | D37: 0.013537457 | E37: 0.013537457 | F37: 0.013537457 | G37: 0.0806207 | H37: 0.27233607 | I37: 0.58749829 | J37: 0.6091594 | K37: 0.90591536 | L37: 1.4446072 | M37: 1.412574 | N37: 1.288192 | O37: 1.3006649 | P37: 1.3298006 | Q37: 1.2398659 | R37: 1.16351 | S37: 1.0501229 | T37: 0.96611661 | U37: 1.189499 | V37: 1.1254676 | W37: 0.63369899 | X37: 0.21033676 | Y37: 0.1724742 | Z37: 0.87201504 | AA37: 1.2286927 | AB37: 0.71626553 | AC37: 0.93899109 | AD37: 0.70985876
A38: 91.9 - FM LIKE | B38: 0.0152506 | C38: 0.0152506 | D38: 0.0152506 | E38: 0.0098439 | F38: 0 | G38: 0 | H38: 0.1061115 | I38: 0.1071117 | J38: 0.9008104 | K38: 1.4062046 | L38: 2.0001769 | M38: 2.0486927 | N38: 2.056811 | O38: 2.0345458 | P38: 1.6616564 | Q38: 1.5847768 | R38: 1.7312388 | S38: 1.8084459 | T38: 1.5413471 | U38: 0.69570931 | V38: 0.44796431 | W38: 0.42466261 | X38: 0.23137394 | Y38: 0.0054067 | Z38: 1.0948513 | AA38: 1.8129124 | AB38: 0.557744 | AC38: 1.1551692 | AD38: 0.86869342
A39: 92.5 - URBANA FM | B39: 0.019426271 | C39: 0 | D39: 0 | E39: 0 | F39: 0 | G39: 0 | H39: 0.021969929 | I39: 0.13217606 | J39: 0.61101991 | K39: 0.82727119 | L39: 0.93882423 | M39: 1.0508085 | N39: 1.0259614 | O39: 0.9080357 | P39: 0.64549543 | Q39: 0.44514756 | R39: 0.91615059 | S39: 0.8787572 | T39: 0.54344986 | U39: 0.34695897 | V39: 0.083857829 | W39: 0.037542814 | X39: 0.0663284 | Y39: 0.0054067 | Z39: 0.59701164 | AA39: 0.80325799 | AB39: 0.18059076 | AC39: 0.52695346 | AD39: 0.39602452
A40: 93.1 - INOLVIDABLE | B40: 0.2040325 | C40: 0.17663443 | D40: 0.048706429 | E40: 0.061692214 | F40: 0.28943517 | G40: 0.059660529 | H40: 0.26105954 | I40: 0.94215429 | J40: 1.6086779 | K40: 2.4291449 | L40: 2.9877663 | M40: 3.2252883 | N40: 2.9271313 | O40: 3.0943848 | P40: 3.4872696 | Q40: 3.4691202 | R40: 3.466334 | S40: 2.8782398 | T40: 2.2830739 | U40: 1.6466966 | V40: 1.3441264 | W40: 0.99881006 | X40: 0.36308851 | Y40: 0.22829521 | Z40: 1.9090152 | AA40: 3.2204133 | AB40: 1.1440151 | AC40: 2.0911479 | AD40: 1.6033676
A41: 93.9 - OCEANO | B41: 0.0449005 | C41: 0.011122014 | D41: 0 | E41: 0.0054067 | F41: 0.0909757 | G41: 0.0909757 | H41: 0.12182954 | I41: 0.29885621 | J41: 0.88327177 | K41: 0.96418926 | L41: 1.141835 | M41: 1.2766835 | N41: 0.98780953 | O41: 1.1859847 | P41: 1.2284057 | Q41: 1.2841883 | R41: 0.99837979 | S41: 0.77040834 | T41: 0.55359833 | U41: 0.4635818 | V41: 0.10876307 | W41: 0.083272343 | X41: 0.0058029857 | Y41: 0.037028143 | Z41: 0.78111088 | AA41: 1.0758627 | AB41: 0.20867445 | AC41: 0.68854935 | AD41: 0.52655287
A42: 94.7 - DEL SUR | B42: 0.059399271 | C42: 0 | D42: 0 | E42: 0 | F42: 0 | G42: 0.10889319 | H42: 0.1578995 | I42: 0.1456427 | J42: 0.16483663 | K42: 0.1303109 | L42: 0.074070857 | M42: 0.091781357 | N42: 0.15749666 | O42: 0.069149014 | P42: 0.12662971 | Q42: 0.19330564 | R42: 0.089345486 | S42: 0.10265536 | T42: 0.14224186 | U42: 0.083481286 | V42: 0.15015586 | W42: 0.095611029 | X42: 0.10090784 | Y42: 0.1784629 | Z42: 0.12742366 | AA42: 0.12309698 | AB42: 0.12514346 | AC42: 0.12522137 | AD42: 0.10092821
A43: 95.5 - DEL PLATA | B43: 0.24270929 | C43: 0.031483986 | D43: 0.031483986 | E43: 0.070926571 | F43: 0.070926571 | G43: 0.16819397 | H43: 0.30385707 | I43: 0.59970919 | J43: 1.2416624 | K43: 1.9340582 | L43: 2.5998131 | M43: 2.44156 | N43: 2.5115356 | O43: 2.4702414 | P43: 2.5735728 | Q43: 2.4657151 | R43: 1.8782398 | S43: 1.8562123 | T43: 1.7110374 | U43: 1.6401121 | V43: 1.1795881 | W43: 0.78968811 | X43: 0.36377427 | Y43: 0.1339005 | Z43: 1.52011 | AA43: 2.2925862 | AB43: 0.9696834 | AC43: 1.5941265 | AD43: 1.2212501
A44: 96.3 - ALFA | B44: 0.0054067 | C44: 0 | D44: 0 | E44: 0 | F44: 0 | G44: 0 | H44: 0 | I44: 0.0054067 | J44: 0.069972571 | K44: 0.13991123 | L44: 0.17871261 | M44: 0.2484214 | N44: 0.31386883 | O44: 0.19735631 | P44: 0.16499243 | Q44: 0.14450883 | R44: 0.133768 | S44: 0.17710593 | T44: 0.12776389 | U44: 0.0339308 | V44: 0.099721414 | W44: 0.019981086 | X44: 0.025387786 | Y44: 0 | Z44: 0.10707075 | AA44: 0.18860005 | AB44: 0.051130829 | AC44: 0.11560055 | AD44: 0.086925688
A45: 97.1 - BABEL | B45: 0.1168533 | C45: 0.074369629 | D45: 0.062429071 | E45: 0.051195014 | F45: 0.051195014 | G45: 0.093708886 | H45: 0.1622793 | I45: 0.45018229 | J45: 0.5235941 | K45: 0.85530269 | L45: 0.87111809 | M45: 0.74359074 | N45: 0.76338037 | O45: 0.79369981 | P45: 0.58307461 | Q45: 0.44174553 | R45: 0.38492361 | S45: 0.35876937 | T45: 0.34058044 | U45: 0.43087744 | V45: 0.40213059 | W45: 0.1996264 | X45: 0.11582261 | Y45: 0.1660014 | Z45: 0.6010112 | AA45: 0.55426555 | AB45: 0.27583981 | AC45: 0.47703886 | AD45: 0.37651876
A46: 97.9 - M24 | B46: 0.058924929 | C46: 0.0267243 | D46: 0.084674671 | E46: 0.0054067 | F46: 0.028302886 | G46: 0.0859161 | H46: 0.33609307 | I46: 1.0665773 | J46: 1.2551197 | K46: 1.3822677 | L46: 1.2904569 | M46: 1.1810641 | N46: 0.95487864 | O46: 0.67411966 | P46: 0.6087781 | Q46: 0.71689769 | R46: 0.62642009 | S46: 0.3801224 | T46: 0.27419429 | U46: 0.19019271 | V46: 0.048832029 | W46: 0.14057481 | X46: 0.14116729 | Y46: 0.11225401 | Z46: 1.0852631 | AA46: 0.66020276 | AB46: 0.15120252 | AC46: 0.63222281 | AD46: 0.48624834
... A62: RATING GENERAL | B62: 5.6535428 | C62: 3.3685129 | D62: 2.4218017 | E62: 1.9863806 | F62: 2.4155625 | G62: 5.3462021 | H62: 12.358245 | I62: 27.496069 | J62: 38.909144 | K62: 49.462982 | L62: 51.520483 | M62: 48.775993 | N62: 41.716553 | O62: 40.582706 | P62: 39.964631 | Q62: 41.300594 | R62: 38.981896 | S62: 35.365789 | T62: 29.692637 | U62: 21.983294 | V62: 15.362035 | W62: 12.537774 | X62: 6.955042 | Y62: 4.8422061 | Z62: 38.087153 | AA62: 39.652028 | AB62: 15.228831 | AC62: 30.989337 | AD62: 24.125003

Sheet RatxHoraxLV
A1: CUADRO 5: RESUMEN DE RATING POR HORA | AM | LUNES A VIERNES
A2: OTRAS AM | B2: HORAS | Z2: PROMEDIO
B3: 00:00 - 00:59 | C3: 01:00 - 01:59 | D3: 02:00 - 02:59 | E3: 03:00 - 03:59 | F3: 04:00 - 04:59 | G3: 05:00 - 05:59 | H3: 06:00 - 06:59 | I3: 07:00 - 07:59 | J3: 08:00 - 08:59 | K3: 09:00 - 09:59 | L3: 10:00 - 10:59 | M3: 11:00 - 11:59 | N3: 12:00 - 12:59 | O3: 13:00 - 13:59 | P3: 14:00 - 14:59 | Q3: 15:00 - 15:59 | R3: 16:00 - 16:59 | S3: 17:00 - 17:59 | T3: 18:00 - 18:59 | U3: 19:00 - 19:59 | V3: 20:00 - 20:59 | W3: 21:00 - 21:59 | X3: 22:00 - 22:59 | Y3: 23:00 - 23:59 | Z3: 06:00 - 11:59 | AA3: 12:00 - 17:59 | AB3: 18:00 - 23:59 | AC3: 06:00 - 23:59 | AD3: 00:00 - 24:00
A4: 610 - CX4 RURAL | B4: 0.26032138 | C4: 0.25934646 | D4: 0.25122228 | E4: 0 | F4: 0.03546322 | G4: 0.06158172 | H4: 0.16219232 | I4: 0.46016862 | J4: 0.59680682 | K4: 0.59095986 | L4: 0.42901554 | M4: 0.37549076 | N4: 0.24301494 | O4: 0.37337242 | P4: 0.35184664 | Q4: 0.35184664 | R4: 0.22257516 | S4: 0.22257516 | T4: 0.22257516 | U4: 0.26022498 | V4: 0.2438582 | W4: 0.39132046 | X4: 0.32680972 | Y4: 0.1687453 | Z4: 0.43577232 | AA4: 0.29420516 | AB4: 0.2689223 | AC4: 0.33296659 | AD4: 0.28588891
A5: 650 - CX6 CLÁSICA | B5: 0.032099 | C5: 0.02347688 | D5: 0.05121556 | E5: 0.02206964 | F5: 0 | G5: 0 | H5: 0.02980754 | I5: 0.03493718 | J5: 0.03493718 | K5: 0 | L5: 0 | M5: 0 | N5: 0 | O5: 0 | P5: 0 | Q5: 0 | R5: 0.00756938 | S5: 0.03493718 | T5: 0 | U5: 0 | V5: 0 | W5: 0 | X5: 0.02798796 | Y5: 0.02798796 | Z5: 0.01661365 | AA5: 0.0070844267 | AB5: 0.00932932 | AC5: 0.011009132 | AD5: 0.013626061
A6: 690 - CX8 SARANDI | B6: 0.04124218 | C6: 0 | D6: 0.00552532 | E6: 0 | F6: 0.07433278 | G6: 0.70290512 | H6: 2.8058768 | I6: 4.120024 | J6: 3.5917913 | K6: 3.664432 | L6: 2.6492353 | M6: 2.2599885 | N6: 1.065446 | O6: 0.56799684 | P6: 0.79641574 | Q6: 0.45703036 | R6: 0.22314982 | S6: 0.22768558 | T6: 0.44235276 | U6: 0.38317408 | V6: 0.06762834 | W6: 0.11560054 | X6: 0.24054844 | Y6: 0.15866112 | Z6: 3.1818913 | AA6: 0.55628739 | AB6: 0.23466088 | AC6: 1.3242799 | AD6: 1.0275435
A7: 730 - CX10 CONTINENTE | B7: 0.1359811 | C7: 0.12841172 | D7: 0.1359811 | E7: 0.08315288 | F7: 0 | G7: 0 | H7: 0.0557668 | I7: 0.0994528 | J7: 0.0994528 | K7: 0.03611662 | L7: 0.04693652 | M7: 0.04693652 | N7: 0.04693652 | O7: 0.06207528 | P7: 0 | Q7: 0 | R7: 0.0557668 | S7: 0.06333618 | T7: 0.06333618 | U7: 0.08550712 | V7: 0.08550712 | W7: 0.06333618 | X7: 0 | Y7: 0.00756938 | Z7: 0.064110343 | AA7: 0.03801913 | AB7: 0.050875997 | AC7: 0.051001823 | AD7: 0.058398318
A8: 770 - CX12 ORIENTAL | B8: 0.07985136 | C8: 0.0163635 | D8: 0.0163635 | E8: 0 | F8: 0 | G8: 0.1096489 | H8: 0.07270982 | I8: 0.45760838 | J8: 0.49103708 | K8: 0.1747977 | L8: 0.5258517 | M8: 0.30428642 | N8: 0.3349124 | O8: 0.22104662 | P8: 0.18502182 | Q8: 0.379239 | R8: 0.2426523 | S8: 0.2430528 | T8: 0.06392858 | U8: 0.0436737 | V8: 0.02186912 | W8: 0.2615786 | X8: 0.2314716 | Y8: 0.0710966 | Z8: 0.33771518 | AA8: 0.26765416 | AB8: 0.11560303 | AC8: 0.24032412 | AD8: 0.18950256
A9: 810 - CX14 EL ESPECTADOR | B9: 0.30470892 | C9: 0.28800648 | D9: 0.02078728 | E9: 0.0753662 | F9: 0 | G9: 0.02931986 | H9: 0.06372498 | I9: 0.73142836 | J9: 0.93395996 | K9: 0.9284327 | L9: 0.85954864 | M9: 0.78926342 | N9: 0.72906696 | O9: 0.98666982 | P9: 1.2836839 | Q9: 1.3391785 | R9: 0.80817652 | S9: 0.48207182 | T9: 0.23580582 | U9: 0.14752094 | V9: 0.00756938 | W9: 0.14729418 | X9: 0.08044456 | Y9: 0.17077826 | Z9: 0.71772634 | AA9: 0.93814125 | AB9: 0.13156886 | AC9: 0.59581215 | AD9: 0.47678364
A10: 850 - CX16 CARVE | B10: 0.41780022 | C10: 0.37891624 | D10: 0.35710854 | E10: 0.18420806 | F10: 0.13309544 | G10: 0.38742698 | H10: 1.0736764 | I10: 1.9883857 | J10: 1.0378568 | K10: 0.64615748 | L10: 0.40037506 | M10: 0.3858524 | N10: 0.21802822 | O10: 0.38233292 | P10: 0.41630158 | Q10: 0.33686224 | R10: 0.25389064 | S10: 0.16927208 | T10: 0.06601016 | U10: 0.1300825 | V10: 0.18513366 | W10: 0.46052432 | X10: 0.48380072 | Y10: 0.53022526 | Z10: 0.92205065 | AA10: 0.29611461 | AB10: 0.3092961 | AC10: 0.50915379 | AD10: 0.45930515
A11: 890 - CX18 SPORT 890 | B11: 0.02446834 | C11: 0 | D11: 0.04448056 | E11: 0.05623234 | F11: 0.03949592 | G11: 0.149642 | H11: 0.3055098 | I11: 1.3896703 | J11: 2.2452882 | K11: 1.9621891 | L11: 1.9010509 | M11: 1.5306359 | N11: 1.0856715 | O11: 1.3966618 | P11: 1.3251976 | Q11: 1.2517766 | R11: 1.1598708 | S11: 1.0294235 | T11: 0.82295438 | U11: 0.75272878 | V11: 0.48159654 | W11: 0.50138966 | X11: 0.38540758 | Y11: 0.18205268 | Z11: 1.555724 | AA11: 1.2081003 | AB11: 0.5210216 | AC11: 1.0949487 | AD11: 0.83430812
A12: 930 - CX20 MONTECARLO | B12: 0.45491818 | C12: 0.32213212 | D12: 0.1411815 | E12: 0.11155226 | F12: 0.1476301 | G12: 0.68339014 | H12: 1.6381368 | I12: 2.75892 | J12: 3.7741956 | K12: 5.0546986 | L12: 4.7002941 | M12: 4.4447875 | N12: 3.7112397 | O12: 3.6201714 | P12: 2.2113536 | Q12: 1.6693247 | R12: 1.601841 | S12: 1.6490712 | T12: 1.6944681 | U12: 1.4326354 | V12: 1.0957484 | W12: 0.87515826 | X12: 0.38557014 | Y12: 0.3237112 | Z12: 3.7285054 | AA12: 2.4105003 | AB12: 0.96788192 | AC12: 2.3689625 | AD12: 1.8542554
A13: 970 - CX22 UNIVERSAL | B13: 0.52529034 | C13: 0.05661432 | D13: 0 | E13: 0.034902 | F13: 0.0445578 | G13: 0.07153914 | H13: 0.1465909 | I13: 0.39143886 | J13: 0.50358948 | K13: 0.47799546 | L13: 0.46631586 | M13: 0.2661624 | N13: 0.4903612 | O13: 0.68085682 | P13: 0.41696838 | Q13: 0.5135799 | R13: 0.62158162 | S13: 0.44842982 | T13: 0.43754056 | U13: 0.38582482 | V13: 0.38582482 | W13: 0.4062646 | X13: 0.02043978 | Y13: 0 | Z13: 0.37534883 | AA13: 0.52862962 | AB13: 0.2726491 | AC13: 0.39220918 | AD13: 0.32469454
A14: 1010 - CX24 LA 1010 AM | B14: 0.05545472 | C14: 0.04788534 | D14: 0.02931986 | E14: 0 | F14: 0.00756938 | G14: 0.18262552 | H14: 0.23703008 | I14: 0.25235946 | J14: 0.3425624 | K14: 0.23101834 | L14: 0.22214532 | M14: 0.22214532 | N14: 0.30212726 | O14: 0.2686152 | P14: 0.30647696 | Q14: 0.23060532 | R14: 0.30937784 | S14: 0.20134168 | T14: 0.55658668 | U14: 0.34209534 | V14: 0.25288748 | W14: 0.16822106 | X14: 0.13299278 | Y14: 0.04479148 | Z14: 0.25121015 | AA14: 0.26975738 | AB14: 0.2495958 | AC14: 0.25685444 | AD14: 0.20609312
A15: 1050 - CX26 RADIO URUGUAY | B15: 0.00756938 | C15: 0 | D15: 0 | E15: 0.00756938 | F15: 0 | G15: 0.00756938 | H15: 0.03476378 | I15: 0.11897612 | J15: 0.09892434 | K15: 0.35156484 | L15: 0.30183796 | M15: 0.28683298 | N15: 0.4431863 | O15: 0.40669424 | P15: 0.13981272 | Q15: 0.10292544 | R15: 0.35666594 | S15: 0.08031796 | T15: 0.2809261 | U15: 0.09079322 | V15: 0.09079322 | W15: 0.3008748 | X15: 0.03043376 | Y15: 0.03800314 | Z15: 0.19881667 | AA15: 0.25493377 | AB15: 0.13863737 | AC15: 0.1974626 | AD15: 0.14904312
... A30: RATING GENERAL | B30: 6.5224872 | C30: 3.6984753 | D30: 2.6883593 | E30: 2.1243633 | F30: 2.6296125 | G30: 5.8757107 | H30: 13.38183 | I30: 29.637463 | J30: 41.004843 | K30: 52.788059 | L30: 54.729971 | M30: 51.173902 | N30: 43.480945 | O30: 42.387044 | P30: 42.032571 | Q30: 43.497355 | R30: 40.692364 | S30: 37.29531 | T30: 30.849587 | U30: 22.974351 | V30: 15.910853 | W30: 12.969102 | X30: 7.1410512 | Y30: 5.0519012 | Z30: 40.452678 | AA30: 41.564265 | AB30: 15.816141 | AC30: 32.611028 | AD30: 25.439063
A32: CUADRO 6: RESUMEN DE RATING POR HORA | FM | LUNES A VIERNES
A33: RADIOS | B33: HORAS | Z33: PROMEDIO
B34: 00:00 - 00:59 | C34: 01:00 - 01:59 | D34: 02:00 - 02:59 | E34: 03:00 - 03:59 | F34: 04:00 - 04:59 | G34: 05:00 - 05:59 | H34: 06:00 - 06:59 | I34: 07:00 - 07:59 | J34: 08:00 - 08:59 | K34: 09:00 - 09:59 | L34: 10:00 - 10:59 | M34: 11:00 - 11:59 | N34: 12:00 - 12:59 | O34: 13:00 - 13:59 | P34: 14:00 - 14:59 | Q34: 15:00 - 15:59 | R34: 16:00 - 16:59 | S34: 17:00 - 17:59 | T34: 18:00 - 18:59 | U34: 19:00 - 19:59 | V34: 20:00 - 20:59 | W34: 21:00 - 21:59 | X34: 22:00 - 22:59 | Y34: 23:00 - 23:59 | Z34: 06:00 - 11:59 | AA34: 12:00 - 17:59 | AB34: 18:00 - 23:59 | AC34: 06:00 - 23:59 | AD34: 00:00 - 24:00
A35: 88.3 - LACOSTA | B35: 0.08713836 | C35: 0.08713836 | D35: 0.08713836 | E35: 0.08713836 | F35: 0.13266796 | G35: 0.08713836 | H35: 0.05179018 | I35: 0.15816036 | J35: 0.2860109 | K35: 0.34172364 | L35: 0.2159532 | M35: 0.21538486 | N35: 0.2608917 | O35: 0.18294448 | P35: 0.15266202 | Q35: 0.21101534 | R35: 0.32242002 | S35: 0.3568366 | T35: 0.41589024 | U35: 0.32348096 | V35: 0.1910288 | W35: 0.06315348 | X35: 0.05227044 | Y35: 0.01774144 | Z35: 0.21150386 | AA35: 0.24779503 | AB35: 0.17726089 | AC35: 0.21218659 | AD35: 0.1828216
A36: 90.3 - FM HIT (OLDIES) | B36: 0.12789394 | C36: 0.06370528 | D36: 0.06370528 | E36: 0.06370528 | F36: 0.18770526 | G36: 0.26157352 | H36: 0.24946022 | I36: 0.54954472 | J36: 0.6935017 | K36: 1.0149384 | L36: 1.2435486 | M36: 0.94885766 | N36: 0.87458576 | O36: 0.8898348 | P36: 1.0920177 | Q36: 0.8068557 | R36: 0.64985074 | S36: 0.61220116 | T36: 0.48474756 | U36: 0.31021498 | V36: 0.29109638 | W36: 0.21444028 | X36: 0.19778464 | Y36: 0.10418416 | Z36: 0.78330855 | AA36: 0.82089098 | AB36: 0.267078 | AC36: 0.62375918 | AD36: 0.49983141
A37: 91.1 - RADIO FUTURA | B37: 0 | C37: 0.01895244 | D37: 0.01895244 | E37: 0.01895244 | F37: 0.01895244 | G37: 0.05388044 | H37: 0.19986926 | I37: 0.64890492 | J37: 0.73416426 | K37: 0.95460802 | L37: 1.5417129 | M37: 1.4145501 | N37: 1.2782958 | O37: 1.2741501 | P37: 1.3636849 | Q37: 1.2422691 | R37: 1.1453665 | S37: 0.86034638 | T37: 0.92038502 | U37: 1.3538634 | V37: 1.2494077 | W37: 0.66857974 | X37: 0.23422666 | Y37: 0.18121908 | Z37: 0.9156349 | AA37: 1.1940188 | AB37: 0.76794692 | AC37: 0.9592002 | AD37: 0.72480391
A38: 91.9 - FM LIKE | B38: 0.00756938 | C38: 0.00756938 | D38: 0.00756938 | E38: 0 | F38: 0 | G38: 0 | H38: 0.09844954 | I38: 0.09984982 | J38: 0.85027196 | K38: 1.5418017 | L38: 2.0958146 | M38: 2.1489772 | N38: 2.1644751 | O38: 2.1664076 | P38: 1.8554766 | Q38: 1.7851631 | R38: 1.7733644 | S38: 1.8885344 | T38: 1.5499022 | U38: 0.6705065 | V38: 0.46977116 | W38: 0.44984886 | X38: 0.28345152 | Y38: 0.00756938 | Z38: 1.1391941 | AA38: 1.9389035 | AB38: 0.5718416 | AC38: 1.2166464 | AD38: 0.91343099
A39: 92.5 - URBANA FM | B39: 0.02719678 | C39: 0 | D39: 0 | E39: 0 | F39: 0 | G39: 0 | H39: 0.0307579 | I39: 0.1640727 | J39: 0.66715526 | K39: 0.9083883 | L39: 1.0385376 | M39: 1.0469484 | N39: 1.0041476 | O39: 0.93602928 | P39: 0.6521008 | Q39: 0.4323602 | R39: 0.9401156 | S39: 0.936614 | T39: 0.63761002 | U39: 0.46219504 | V39: 0.11740096 | W39: 0.05255994 | X39: 0.05255994 | Y39: 0.00756938 | Z39: 0.64264337 | AA39: 0.81689458 | AB39: 0.22164921 | AC39: 0.56039572 | AD39: 0.42142999
A40: 93.1 - INOLVIDABLE | B40: 0.23211522 | C40: 0.18350588 | D40: 0.04019026 | E40: 0.04062366 | F40: 0.2479977 | G40: 0.03411524 | H40: 0.20751448 | I40: 0.94104566 | J40: 1.5926345 | K40: 2.4485 | L40: 3.0499471 | M40: 3.1136519 | N40: 2.902569 | O40: 3.19734 | P40: 3.6875706 | Q40: 3.3412045 | R40: 3.4094553 | S40: 2.907994 | T40: 2.0675949 | U40: 1.5475758 | V40: 1.4083899 | W40: 1.1368812 | X40: 0.31472004 | Y40: 0.22526088 | Z40: 1.8922156 | AA40: 3.2410222 | AB40: 1.1167371 | AC40: 2.083325 | AD40: 1.5949332
A41: 93.9 - OCEANO | B41: 0.0628607 | C41: 0.01557082 | D41: 0 | E41: 0 | F41: 0.10801188 | G41: 0.10801188 | H41: 0.10981462 | I41: 0.2871145 | J41: 0.94631938 | K41: 1.0224664 | L41: 1.0949465 | M41: 1.2493617 | N41: 0.8993039 | O41: 1.1909304 | P41: 1.3299757 | Q41: 1.4621321 | R41: 1.0426748 | S41: 0.78690084 | T41: 0.55687944 | U41: 0.40575544 | V41: 0.05509756 | W41: 0.1021726 | X41: 0 | Y41: 0.0518394 | Z41: 0.78500386 | AA41: 1.1186529 | AB41: 0.19529074 | AC41: 0.69964918 | AD41: 0.53700585
A42: 94.7 - DEL SUR | B42: 0.08315898 | C42: 0 | D42: 0 | E42: 0 | F42: 0 | G42: 0.10017534 | H42: 0.15458768 | I42: 0.13742816 | J42: 0.13745776 | K42: 0.17142058 | L42: 0.08637154 | M42: 0.08637154 | N42: 0.16189404 | O42: 0.074356 | P42: 0.11355536 | Q42: 0.2311731 | R42: 0.09810022 | S42: 0.07805334 | T42: 0.166827 | U42: 0.10440246 | V42: 0.19774686 | W42: 0.09811602 | X42: 0.10553156 | Y42: 0.16838696 | Z42: 0.12893954 | AA42: 0.12618868 | AB42: 0.14016848 | AC42: 0.13176557 | AD42: 0.1064631
A43: 95.5 - DEL PLATA | B43: 0.31671184 | C43: 0.04407758 | D43: 0.04407758 | E43: 0.04407758 | F43: 0.04407758 | G43: 0.21783266 | H43: 0.3092755 | I43: 0.68539084 | J43: 1.3996584 | K43: 2.1376061 | L43: 2.8025436 | M43: 2.5129453 | N43: 2.5950114 | O43: 2.5724029 | P43: 2.8391035 | Q43: 2.7506451 | R43: 1.9823814 | S43: 2.0135219 | T43: 1.826647 | U43: 1.9025709 | V43: 1.3940984 | W43: 0.91857436 | X43: 0.41230144 | Y43: 0.13248758 | Z43: 1.6412366 | AA43: 2.4588444 | AB43: 1.0977799 | AC43: 1.7326203 | AD43: 1.3290842
A44: 96.3 - ALFA | B44: 0 | C44: 0 | D44: 0 | E44: 0 | F44: 0 | G44: 0 | H44: 0 | I44: 0 | J44: 0.07039732 | K44: 0.16831144 | L44: 0.179441 | M44: 0.24733542 | N44: 0.32289092 | O44: 0.20296578 | P44: 0.15752306 | Q44: 0.15517378 | R44: 0.13417546 | S44: 0.16606518 | T44: 0.14251668 | U44: 0.0371785 | V44: 0.13960998 | W44: 0.02797352 | X44: 0.02797352 | Y44: 0 | Z44: 0.1109142 | AA44: 0.18979903 | AB44: 0.062542033 | AC44: 0.12108509 | AD44: 0.090813815
A45: 97.1 - BABEL | B45: 0.16359462 | C45: 0.10411748 | D45: 0.0874007 | E45: 0.07167302 | F45: 0.07167302 | G45: 0.13119244 | H45: 0.21299452 | I45: 0.54099706 | J45: 0.63564942 | K45: 0.93862034 | L45: 0.91492244 | M45: 0.75053312 | N45: 0.79734016 | O45: 0.86153134 | P45: 0.65696136 | Q45: 0.45711198 | R45: 0.40807164 | S45: 0.40100504 | T45: 0.3040562 | U45: 0.36067588 | V45: 0.29263962 | W45: 0.14392204 | X45: 0.0724997 | Y45: 0.1625023 | Z45: 0.66561948 | AA45: 0.59700359 | AB45: 0.22271596 | AC45: 0.49511301 | AD45: 0.39757023
A46: 97.9 - M24 | B46: 0.07002356 | C46: 0.02494268 | D46: 0.1060732 | E46: 0.00756938 | F46: 0.03962404 | G46: 0.07639532 | H46: 0.34736026 | I46: 1.1469634 | J46: 1.197229 | K46: 1.4237258 | L46: 1.313851 | M46: 1.1909766 | N46: 0.99415448 | O46: 0.75121212 | P46: 0.64703978 | Q46: 0.78155368 | R46: 0.68238014 | S46: 0.43529926 | T46: 0.26886256 | U46: 0.18491374 | V46: 0.04420278 | W46: 0.1840524 | X46: 0.18488186 | Y46: 0.12547206 | Z46: 1.103351 | AA46: 0.71527324 | AB46: 0.16539757 | AC46: 0.66134061 | AD46: 0.50953163
... A62: RATING GENERAL | B62: 6.5224872 | C62: 3.6984753 | D62: 2.6883593 | E62: 2.1243633 | F62: 2.6296125 | G62: 5.8757107 | H62: 13.38183 | I62: 29.637463 | J62: 41.004843 | K62: 52.788059 | L62: 54.729971 | M62: 51.173902 | N62: 43.480945 | O62: 42.387044 | P62: 42.032571 | Q62: 43.497355 | R62: 40.692364 | S62: 37.29531 | T62: 30.849587 | U62: 22.974351 | V62: 15.910853 | W62: 12.969102 | X62: 7.1410512 | Y62: 5.0519012 | Z62: 40.452678 | AA62: 41.564265 | AB62: 15.816141 | AC62: 32.611028 | AD62: 25.439063

Sheet RatxHoraxSD
A1: CUADRO 7: RESUMEN DE RATING POR HORA | AM | SABADO A DOMINGO
A2: RADIOS | B2: HORAS | Z2: PROMEDIO
B3: 00:00 - 00:59 | C3: 01:00 - 01:59 | D3: 02:00 - 02:59 | E3: 03:00 - 03:59 | F3: 04:00 - 04:59 | G3: 05:00 - 05:59 | H3: 06:00 - 06:59 | I3: 07:00 - 07:59 | J3: 08:00 - 08:59 | K3: 09:00 - 09:59 | L3: 10:00 - 10:59 | M3: 11:00 - 11:59 | N3: 12:00 - 12:59 | O3: 13:00 - 13:59 | P3: 14:00 - 14:59 | Q3: 15:00 - 15:59 | R3: 16:00 - 16:59 | S3: 17:00 - 17:59 | T3: 18:00 - 18:59 | U3: 19:00 - 19:59 | V3: 20:00 - 20:59 | W3: 21:00 - 21:59 | X3: 22:00 - 22:59 | Y3: 23:00 - 23:59 | Z3: 06:00 - 11:59 | AA3: 12:00 - 17:59 | AB3: 18:00 - 23:59 | AC3: 06:00 - 23:59 | AD3: 00:00 - 24:00
A4: 610 - CX4 RURAL | B4: 0.07867925 | C4: 0.2684467 | D4: 0.13337065 | E4: 0 | F4: 0 | G4: 0.1021989 | H4: 0.33287175 | I4: 0.4154933 | J4: 0.50296145 | K4: 0.3450414 | L4: 0.30668725 | M4: 0.1877241 | N4: 0.1877241 | O4: 0.7189894 | P4: 0.2555878 | Q4: 0.2555878 | R4: 0.1877241 | S4: 0.1877241 | T4: 0.23882355 | U4: 0.1877241 | V4: 0.3005027 | W4: 0.56451015 | X4: 0.24260895 | Y4: 0.24260895 | Z4: 0.34846321 | AA4: 0.29888955 | AB4: 0.29612973 | AC4: 0.31449416 | AD4: 0.2601496
A5: 650 - CX6 CLÁSICA | B5: 0 | C5: 0.0640835 | D5: 0.0640835 | E5: 0 | F5: 0 | G5: 0 | H5: 0.0589231 | I5: 0.08343445 | J5: 0 | K5: 0.08733835 | L5: 0.08733835 | M5: 0.08733835 | N5: 0 | O5: 0 | P5: 0 | Q5: 0 | R5: 0 | S5: 0 | T5: 0 | U5: 0 | V5: 0 | W5: 0.02031045 | X5: 0 | Y5: 0 | Z5: 0.067395433 | AA5: 0 | AB5: 0.003385075 | AC5: 0.023593503 | AD5: 0.023035419
A6: 690 - CX8 SARANDI | B6: 0.17031605 | C6: 0.12040995 | D6: 0.0431639 | E6: 0 | F6: 0 | G6: 0.6249077 | H6: 1.8592452 | I6: 4.02969 | J6: 3.8607112 | K6: 3.8164358 | L6: 2.4241994 | M6: 1.7510537 | N6: 1.3215516 | O6: 0.52427065 | P6: 0.58724895 | Q6: 0.68260205 | R6: 0.69048235 | S6: 0.7726072 | T6: 0.4979153 | U6: 0.3892722 | V6: 0.1962767 | W6: 0.3981357 | X6: 0.3934354 | Y6: 0.29295585 | Z6: 2.9568892 | AA6: 0.76312713 | AB6: 0.36133186 | AC6: 1.3604494 | AD6: 1.0602869
A7: 730 - CX10 CONTINENTE | B7: 0 | C7: 0 | D7: 0 | E7: 0 | F7: 0 | G7: 0 | H7: 0.0278834 | I7: 0.08826175 | J7: 0.2507165 | K7: 0.1149409 | L7: 0.05456255 | M7: 0 | N7: 0 | O7: 0 | P7: 0 | Q7: 0 | R7: 0.19033815 | S7: 0.19033815 | T7: 0.0278834 | U7: 0.5591487 | V7: 0.0278834 | W7: 0.0278834 | X7: 0 | Y7: 0 | Z7: 0.089394183 | AA7: 0.06344605 | AB7: 0.10713315 | AC7: 0.086657794 | AD7: 0.064993346
A8: 770 - CX12 ORIENTAL | B8: 0 | C8: 0 | D8: 0 | E8: 0.0149029 | F8: 0.0149029 | G8: 0.0511518 | H8: 0.04838525 | I8: 0.17919245 | J8: 0.17548765 | K8: 0.0589231 | L8: 0.1396207 | M8: 0.0806976 | N8: 0.0300003 | O8: 0.03117835 | P8: 0.07566595 | Q8: 0.3149456 | R8: 0.20984305 | S8: 0.16535545 | T8: 0 | U8: 0.0298481 | V8: 0.0298481 | W8: 0.16815125 | X8: 0.13891435 | Y8: 0.0767011 | Z8: 0.11371779 | AA8: 0.13783145 | AB8: 0.073910483 | AC8: 0.10848657 | AD8: 0.084738165
A9: 810 - CX14 EL ESPECTADOR | B9: 0.24664055 | C9: 0.1519564 | D9: 0.0623878 | E9: 0.08487945 | F9: 0 | G9: 0 | H9: 0.0545784 | I9: 0.2464862 | J9: 0.54236035 | K9: 0.6552821 | L9: 0.61783855 | M9: 0.69917935 | N9: 0.45087 | O9: 0.53106785 | P9: 0.72984505 | Q9: 0.67773865 | R9: 0.43709695 | S9: 0.3199009 | T9: 0 | U9: 0.1211358 | V9: 0.11232995 | W9: 0.1223727 | X9: 0.0515736 | Y9: 0.290831 | Z9: 0.46928749 | AA9: 0.5244199 | AB9: 0.11637384 | AC9: 0.37002708 | AD9: 0.30026465
A10: 850 - CX16 CARVE | B10: 0.4133546 | C10: 0.45481455 | D10: 0.4452061 | E10: 0.31386345 | F10: 0.20108485 | G10: 0.3357344 | H10: 0.4823278 | I10: 1.0113543 | J10: 0.8580455 | K10: 0.5092 | L10: 0.35069225 | M10: 0.33459395 | N10: 0.2742427 | O10: 0.2037843 | P10: 0.4560032 | Q10: 0.42882395 | R10: 0.42882395 | S10: 0.17477815 | T10: 0.1275353 | U10: 0.1966175 | V10: 0.1966175 | W10: 0.41179955 | X10: 0.4472908 | Y10: 0.19567415 | Z10: 0.59103564 | AA10: 0.32774271 | AB10: 0.26258913 | AC10: 0.39378916 | AD10: 0.38551095
A11: 890 - CX18 SPORT 890 | B11: 0 | C11: 0.01892345 | D11: 0 | E11: 0 | F11: 0 | G11: 0.03549125 | H11: 0.05187885 | I11: 0.99970785 | J11: 1.590488 | K11: 1.3678921 | L11: 1.2763035 | M11: 1.2929112 | N11: 0.70485085 | O11: 0.81414485 | P11: 0.91492255 | Q11: 0.6472372 | R11: 0.6787719 | S11: 0.5500787 | T11: 0.5125961 | U11: 0.6162712 | V11: 0.36832025 | W11: 0.3742177 | X11: 0.1105889 | Y11: 0.0864494 | Z11: 1.0965303 | AA11: 0.71833434 | AB11: 0.34474059 | AC11: 0.7198684 | AD11: 0.54216858
A12: 930 - CX20 MONTECARLO | B12: 0.3141279 | C12: 0.0520401 | D12: 0.0520401 | E12: 0.09226855 | F12: 0.09226855 | G12: 0.65040255 | H12: 1.6125388 | I12: 2.1265396 | J12: 3.802089 | K12: 4.4774419 | L12: 4.6791531 | M12: 4.1313481 | N12: 3.0571777 | O12: 3.0297386 | P12: 2.1904582 | Q12: 1.6351319 | R12: 1.3325364 | S12: 1.2766277 | T12: 1.2923025 | U12: 1.1578119 | V12: 1.3778873 | W12: 1.0663026 | X12: 0.6101222 | Y12: 0.41782355 | Z12: 3.4715184 | AA12: 2.0869451 | AB12: 0.98704167 | AC12: 2.1818351 | AD12: 1.6885908
A13: 970 - CX22 UNIVERSAL | B13: 0.22903305 | C13: 0.070538 | D13: 0.0803324 | E13: 0.0945855 | F13: 0.1468391 | G13: 0.0228792 | H13: 0 | I13: 0.1877241 | J13: 0.61313635 | K13: 0.6261103 | L13: 0.56824565 | M13: 0.3522579 | N13: 0.7125544 | O13: 0.66986985 | P13: 0.7497927 | Q13: 0.61127565 | R13: 0.7982084 | S13: 0.6974227 | T13: 0.6825198 | U13: 0.54085525 | V13: 0.47841385 | W13: 0.41476535 | X13: 0 | Y13: 0 | Z13: 0.39124572 | AA13: 0.70652062 | AB13: 0.35275904 | AC13: 0.48350846 | AD13: 0.38947331
A14: 1010 - CX24 LA 1010 AM | B14: 0 | C14: 0 | D14: 0 | E14: 0 | F14: 0 | G14: 0 | H14: 0 | I14: 0.14063295 | J14: 0.3437435 | K14: 0.37039735 | L14: 0.37039735 | M14: 0.215882 | N14: 0.3976024 | O14: 0.49187525 | P14: 0.2646842 | Q14: 0.66649675 | R14: 0.1566569 | S14: 0.13523145 | T14: 0.5219745 | U14: 0.297317 | V14: 0.09284845 | W14: 0 | X14: 0 | Y14: 0.0681241 | Z14: 0.24017552 | AA14: 0.35209116 | AB14: 0.16337734 | AC14: 0.25188134 | AD14: 0.18891101
A15: 1050 - CX26 RADIO URUGUAY | B15: 0 | C15: 0 | D15: 0.01892345 | E15: 0 | F15: 0 | G15: 0 | H15: 0 | I15: 0.191686 | J15: 0.21060945 | K15: 0.30107795 | L15: 0.3255893 | M15: 0.2440351 | N15: 0.0949014 | O15: 0.1388705 | P15: 0.16015295 | Q15: 0.124385 | R15: 0.04606665 | S15: 0.03957215 | T15: 0.05204805 | U15: 0 | V15: 0 | W15: 0.01892345 | X15: 0 | Y15: 0 | Z15: 0.2121663 | AA15: 0.10065811 | AB15: 0.011828583 | AC15: 0.10821766 | AD15: 0.081951725
... A30: RATING GENERAL | B30: 3.4811817 | C30: 2.5436069 | D30: 1.7554076 | E30: 1.6414239 | F30: 1.8804376 | G30: 4.0224306 | H30: 9.7992848 | I30: 22.142582 | J30: 33.669897 | K30: 41.15029 | L30: 43.496763 | M30: 42.781223 | N30: 37.305573 | O30: 36.071859 | P30: 34.79478 | Q30: 35.808692 | R30: 34.705726 | S30: 30.541984 | T30: 26.800261 | U30: 19.505653 | V30: 13.98999 | W30: 11.459452 | X30: 6.4900191 | Y30: 4.3179685 | Z30: 32.17334 | AA30: 34.871435 | AB30: 13.760557 | AC30: 26.935111 | AD30: 20.839854
A32: CUADRO 8: RESUMEN DE RATING POR HORA | FM | SABADO A DOMINGO
A33: RADIOS | B33: HORAS | Z33: PROMEDIO
B34: 00:00 - 00:59 | C34: 01:00 - 01:59 | D34: 02:00 - 02:59 | E34: 03:00 - 03:59 | F34: 04:00 - 04:59 | G34: 05:00 - 05:59 | H34: 06:00 - 06:59 | I34: 07:00 - 07:59 | J34: 08:00 - 08:59 | K34: 09:00 - 09:59 | L34: 10:00 - 10:59 | M34: 11:00 - 11:59 | N34: 12:00 - 12:59 | O34: 13:00 - 13:59 | P34: 14:00 - 14:59 | Q34: 15:00 - 15:59 | R34: 16:00 - 16:59 | S34: 17:00 - 17:59 | T34: 18:00 - 18:59 | U34: 19:00 - 19:59 | V34: 20:00 - 20:59 | W34: 21:00 - 21:59 | X34: 22:00 - 22:59 | Y34: 23:00 - 23:59 | Z34: 06:00 - 11:59 | AA34: 12:00 - 17:59 | AB34: 18:00 - 23:59 | AC34: 06:00 - 23:59 | AD34: 00:00 - 24:00
A35: 88.3 - LACOSTA | B35: 0 | C35: 0 | D35: 0 | E35: 0 | F35: 0.028456 | G35: 0 | H35: 0.08090345 | I35: 0.1550903 | J35: 0.630369 | K35: 0.33829275 | L35: 0.3538732 | M35: 0.36206915 | N35: 0.07120855 | O35: 0.11508115 | P35: 0.68696065 | Q35: 0.1224898 | R35: 0.37790475 | S35: 0.4491133 | T35: 0.7441971 | U35: 0.2508628 | V35: 0.18149745 | W35: 0.2564509 | X35: 0.51292685 | Y35: 0 | Z35: 0.32009964 | AA35: 0.30379303 | AB35: 0.32432252 | AC35: 0.31607173 | AD35: 0.23823946
A36: 90.3 - FM HIT (OLDIES) | B36: 0.18910215 | C36: 0 | D36: 0 | E36: 0 | F36: 0.03519005 | G36: 0.1683017 | H36: 0.1683017 | I36: 0.44659965 | J36: 0.50360605 | K36: 0.87818295 | L36: 0.88368155 | M36: 0.8152305 | N36: 0.60618825 | O36: 0.7742755 | P36: 1.2533881 | Q36: 1.0957184 | R36: 0.8475484 | S36: 0.50254505 | T36: 0.24971445 | U36: 0.3671125 | V36: 0.1848124 | W36: 0.3097899 | X36: 0.23448225 | Y36: 0.0287804 | Z36: 0.61593373 | AA36: 0.84661062 | AB36: 0.22911532 | AC36: 0.56388656 | AD36: 0.439273
A37: 91.1 - RADIO FUTURA | B37: 0 | C37: 0 | D37: 0 | E37: 0 | F37: 0 | G37: 0.14747135 | H37: 0.4535031 | I37: 0.4339817 | J37: 0.29664725 | K37: 0.7841837 | L37: 1.201843 | M37: 1.4076337 | N37: 1.3129325 | O37: 1.3669519 | P37: 1.24509 | Q37: 1.2338577 | R37: 1.2088688 | S37: 1.5245641 | T37: 1.0804456 | U37: 0.7785881 | V37: 0.81561745 | W37: 0.5464971 | X37: 0.150612 | Y37: 0.150612 | Z37: 0.76296541 | AA37: 1.3153775 | AB37: 0.58706204 | AC37: 0.88846832 | AD37: 0.67249588
A38: 91.9 - FM LIKE | B38: 0.03445365 | C38: 0.03445365 | D38: 0.03445365 | E38: 0.03445365 | F38: 0 | G38: 0 | H38: 0.1252664 | I38: 0.1252664 | J38: 1.0271565 | K38: 1.067212 | L38: 1.7610825 | M38: 1.7979816 | N38: 1.7876507 | O38: 1.7048911 | P38: 1.1771058 | Q38: 1.0838111 | R38: 1.6259248 | S38: 1.6082249 | T38: 1.5199593 | U38: 0.75871635 | V38: 0.3934472 | W38: 0.361697 | X38: 0.10118 | Y38: 0 | Z38: 0.98399423 | AA38: 1.4979347 | AB38: 0.52249997 | AC38: 1.0014763 | AD38: 0.75684951
A39: 92.5 - URBANA FM | B39: 0 | C39: 0 | D39: 0 | E39: 0 | F39: 0 | G39: 0 | H39: 0 | I39: 0.05243445 | J39: 0.47068155 | K39: 0.6244784 | L39: 0.6895407 | M39: 1.0604587 | N39: 1.0804961 | O39: 0.83805175 | P39: 0.628982 | Q39: 0.47711595 | R39: 0.85623805 | S39: 0.7341152 | T39: 0.30804945 | U39: 0.0588688 | V39: 0 | W39: 0 | X39: 0.10074955 | Y39: 0 | Z39: 0.48293231 | AA39: 0.7691665 | AB39: 0.077944633 | AC39: 0.44334781 | AD39: 0.33251086
A40: 93.1 - INOLVIDABLE | B40: 0.1338257 | C40: 0.1594558 | D40: 0.06999685 | E40: 0.1143636 | F40: 0.39302885 | G40: 0.12352375 | H40: 0.3949222 | I40: 0.94492585 | J40: 1.6487866 | K40: 2.3807572 | L40: 2.8323144 | M40: 3.5043793 | N40: 2.9885369 | O40: 2.8369969 | P40: 2.9865172 | Q40: 3.7889094 | R40: 3.6085307 | S40: 2.8038544 | T40: 2.8217712 | U40: 1.8944985 | V40: 1.1834674 | W40: 0.6536323 | X40: 0.4840097 | Y40: 0.23588105 | Z40: 1.9510142 | AA40: 3.1688909 | AB40: 1.21221 | AC40: 2.110705 | AD40: 1.6244536
A41: 93.9 - OCEANO | B41: 0 | C41: 0 | D41: 0 | E41: 0.01892345 | F41: 0.04838525 | G41: 0.04838525 | H41: 0.15186685 | I41: 0.3282105 | J41: 0.72565275 | K41: 0.81849635 | L41: 1.2590561 | M41: 1.344988 | N41: 1.2090736 | O41: 1.1736206 | P41: 0.9744809 | Q41: 0.83932885 | R41: 0.88764235 | S41: 0.7291771 | T41: 0.54539555 | U41: 0.6081477 | V41: 0.24292685 | W41: 0.0360217 | X41: 0.02031045 | Y41: 0 | Z41: 0.77137842 | AA41: 0.96888724 | AB41: 0.24213371 | AC41: 0.66079979 | AD41: 0.50042042
A42: 94.7 - DEL SUR | B42: 0 | C42: 0 | D42: 0 | E42: 0 | F42: 0 | G42: 0.1306878 | H42: 0.16617905 | I42: 0.16617905 | J42: 0.2332838 | K42: 0.0275367 | L42: 0.04331915 | M42: 0.1053059 | N42: 0.1465032 | O42: 0.05613155 | P42: 0.1593156 | Q42: 0.098637 | R42: 0.06745865 | S42: 0.1641604 | T42: 0.080779 | U42: 0.03117835 | V42: 0.03117835 | W42: 0.08934855 | X42: 0.08934855 | Y42: 0.20365275 | Z42: 0.12363394 | AA42: 0.11536773 | AB42: 0.087580925 | AC42: 0.10886087 | AD42: 0.087090975
A43: 95.5 - DEL PLATA | B43: 0.0577029 | C43: 0 | D43: 0 | E43: 0.13804905 | F43: 0.13804905 | G43: 0.04409725 | H43: 0.290311 | I43: 0.38550505 | J43: 0.8466725 | K43: 1.4251885 | L43: 2.0929871 | M43: 2.2630967 | N43: 2.3028462 | O43: 2.2148376 | P43: 1.9097461 | Q43: 1.7533902 | R43: 1.6178859 | S43: 1.4629382 | T43: 1.4220133 | U43: 0.98396515 | V43: 0.64331215 | W43: 0.4674725 | X43: 0.24245635 | Y43: 0.1374328 | Z43: 1.2172935 | AA43: 1.8769407 | AB43: 0.64944203 | AC43: 1.2478921 | AD43: 0.95166481
A44: 96.3 - ALFA | B44: 0.01892345 | C44: 0 | D44: 0 | E44: 0 | F44: 0 | G44: 0 | H44: 0 | I44: 0.01892345 | J44: 0.0689107 | K44: 0.0689107 | L44: 0.17689165 | M44: 0.25113635 | N44: 0.2913136 | O44: 0.18333265 | P44: 0.18366585 | Q44: 0.11784645 | R44: 0.13274935 | S44: 0.2047078 | T44: 0.0908819 | U44: 0.02581155 | V44: 0 | W44: 0 | X44: 0.01892345 | Y44: 0 | Z44: 0.097462142 | AA44: 0.18560262 | AB44: 0.022602817 | AC44: 0.10188919 | AD44: 0.077205371
A45: 97.1 - BABEL | B45: 0 | C45: 0 | D45: 0 | E45: 0 | F45: 0 | G45: 0 | H45: 0.03549125 | I45: 0.22314535 | J45: 0.2434558 | K45: 0.64700855 | L45: 0.7616072 | M45: 0.7262348 | N45: 0.6784809 | O45: 0.624121 | P45: 0.39835775 | Q45: 0.4033294 | R45: 0.32705355 | S45: 0.2531802 | T45: 0.43189105 | U45: 0.60638135 | V45: 0.675858 | W45: 0.3388873 | X45: 0.2241299 | Y45: 0.17474915 | Z45: 0.43949049 | AA45: 0.44742047 | AB45: 0.40864946 | AC45: 0.43185347 | AD45: 0.3238901
A46: 97.9 - M24 | B46: 0.03117835 | C46: 0.03117835 | D46: 0.03117835 | E46: 0 | F46: 0 | G46: 0.10971805 | H46: 0.3079251 | I46: 0.8656121 | J46: 1.3998466 | K46: 1.2786224 | L46: 1.2319715 | M46: 1.156283 | N46: 0.85668905 | O46: 0.4813885 | P46: 0.5131239 | Q46: 0.5552577 | R46: 0.48651995 | S46: 0.24218025 | T46: 0.2875236 | U46: 0.20339015 | V46: 0.06040515 | W46: 0.03188085 | X46: 0.03188085 | Y46: 0.0792089 | Z46: 1.0400434 | AA46: 0.52252656 | AB46: 0.11571492 | AC46: 0.55942831 | AD46: 0.42804011
... A62: RATING GENERAL | B62: 3.4811817 | C62: 2.5436069 | D62: 1.7554076 | E62: 1.6414239 | F62: 1.8804376 | G62: 4.0224306 | H62: 9.7992848 | I62: 22.142582 | J62: 33.669897 | K62: 41.15029 | L62: 43.496763 | M62: 42.781223 | N62: 37.305573 | O62: 36.071859 | P62: 34.79478 | Q62: 35.808692 | R62: 34.705726 | S62: 30.541984 | T62: 26.800261 | U62: 19.505653 | V62: 13.98999 | W62: 11.459452 | X62: 6.4900191 | Y62: 4.3179685 | Z62: 32.17334 | AA62: 34.871435 | AB62: 13.760557 | AC62: 26.935111 | AD62: 20.839854

Sheet RatxLDxABC1
A1: CUADRO 9: RESUMEN DE RATING POR HORA - SEGMENTO ABC1 | AM | LUNES A DOMINGO
A2: RADIOS | B2: HORAS | Z2: PROMEDIO
B3: 00:00 - 00:59 | C3: 01:00 - 01:59 | D3: 02:00 - 02:59 | E3: 03:00 - 03:59 | F3: 04:00 - 04:59 | G3: 05:00 - 05:59 | H3: 06:00 - 06:59 | I3: 07:00 - 07:59 | J3: 08:00 - 08:59 | K3: 09:00 - 09:59 | L3: 10:00 - 10:59 | M3: 11:00 - 11:59 | N3: 12:00 - 12:59 | O3: 13:00 - 13:59 | P3: 14:00 - 14:59 | Q3: 15:00 - 15:59 | R3: 16:00 - 16:59 | S3: 17:00 - 17:59 | T3: 18:00 - 18:59 | U3: 19:00 - 19:59 | V3: 20:00 - 20:59 | W3: 21:00 - 21:59 | X3: 22:00 - 22:59 | Y3: 23:00 - 23:59 | Z3: 06:00 - 11:59 | AA3: 12:00 - 17:59 | AB3: 18:00 - 23:59 | AC3: 06:00 - 23:59 | AD3: 00:00 - 24:00
A4: 610 - CX4 RURAL | B4: 0.24233382 | C4: 0.19265347 | D4: 0.16816829 | E4: 0 | F4: 0.10688131 | G4: 0 | H4: 0.17931212 | I4: 0.15948752 | J4: 0.13567993 | K4: 0.078396805 | L4: 0.018120615 | M4: 0 | N4: 0 | O4: 0 | P4: 0 | Q4: 0 | R4: 0 | S4: 0 | T4: 0 | U4: 0 | V4: 0 | W4: 0 | X4: 0 | Y4: 0 | Z4: 0.095166164 | AA4: 0 | AB4: 0 | AC4: 0.031722055 | AD4: 0.053376411
A5: 650 - CX6 CLÁSICA | B5: 0.096742013 | C5: 0.10030567 | D5: 0.16109319 | E5: 0.066514888 | F5: 0 | G5: 0 | H5: 0.16087034 | I5: 0.10058403 | J5: 0 | K5: 0.10529036 | L5: 0.10529036 | M5: 0.10529036 | N5: 0 | O5: 0 | P5: 0 | Q5: 0 | R5: 0 | S5: 0 | T5: 0 | U5: 0 | V5: 0 | W5: 0.024485172 | X5: 0 | Y5: 0 | Z5: 0.096220906 | AA5: 0 | AB5: 0.004080862 | AC5: 0.033433923 | AD5: 0.042769432
A6: 690 - CX8 SARANDI | B6: 0 | C6: 0 | D6: 0 | E6: 0 | F6: 0.22402887 | G6: 1.0137604 | H6: 3.9321699 | I6: 6.2103292 | J6: 6.554422 | K6: 6.0075209 | L6: 5.4297961 | M6: 4.21176 | N6: 2.6817286 | O6: 1.0074008 | P6: 0.71404382 | Q6: 0.6546836 | R6: 0.34987058 | S6: 0.13518222 | T6: 0.89715286 | U6: 0.75270319 | V6: 0.063784027 | W6: 0.35992502 | X6: 0.56848674 | Y6: 0.48447143 | Z6: 5.3909997 | AA6: 0.92381827 | AB6: 0.52108721 | AC6: 2.2786351 | AD6: 1.7605508
A7: 730 - CX10 CONTINENTE | B7: 0 | C7: 0 | D7: 0 | E7: 0 | F7: 0 | G7: 0 | H7: 0 | I7: 0.10885057 | J7: 0.10885057 | K7: 0.17462821 | L7: 0.17462821 | M7: 0.10885057 | N7: 0.10885057 | O7: 0.10885057 | P7: 0 | Q7: 0 | R7: 0 | S7: 0 | T7: 0 | U7: 0 | V7: 0 | W7: 0 | X7: 0 | Y7: 0 | Z7: 0.11263469 | AA7: 0.036283524 | AB7: 0 | AC7: 0.049639405 | AD7: 0.037229553
A8: 770 - CX12 ORIENTAL | B8: 0.24066112 | C8: 0.04931736 | D8: 0.04931736 | E8: 0 | F8: 0 | G8: 0.022137734 | H8: 0.11380175 | I8: 0.67157511 | J8: 0.66611368 | K8: 0.26834792 | L8: 0.2863657 | M8: 0.31615877 | N8: 0.16042128 | O8: 0.10837119 | P8: 0.058817601 | Q8: 0.3847642 | R8: 0.068587342 | S8: 0 | T8: 0 | U8: 0.10189379 | V8: 0.10189379 | W8: 0.68233834 | X8: 0.63121905 | Y8: 0.11378475 | Z8: 0.38706049 | AA8: 0.13016027 | AB8: 0.27185495 | AC8: 0.26302524 | AD8: 0.21232866
A9: 810 - CX14 EL ESPECTADOR | B9: 0.25337113 | C9: 0.32778837 | D9: 0.11504828 | E9: 0.03983695 | F9: 0 | G9: 0 | H9: 0.065796745 | I9: 1.1070365 | J9: 1.8488539 | K9: 1.8705166 | L9: 1.5534866 | M9: 1.451493 | N9: 1.1170668 | O9: 2.2317508 | P9: 3.8054371 | Q9: 4.1612095 | R9: 1.2503912 | S9: 0.33159168 | T9: 0.29311483 | U9: 0.36307752 | V9: 0 | W9: 0.26202158 | X9: 0.16209482 | Y9: 0.16209482 | Z9: 1.3161972 | AA9: 2.1495745 | AB9: 0.20706726 | AC9: 1.2242797 | AD9: 0.94887828
A10: 850 - CX16 CARVE | B10: 0.31274129 | C10: 0.31274129 | D10: 0.13712688 | E10: 0 | F10: 0 | G10: 0.27258945 | H10: 0.75485901 | I10: 2.1530693 | J10: 0.68316769 | K10: 0.73442688 | L10: 0.43117752 | M10: 0.51783894 | N10: 0.51783894 | O10: 0.70635166 | P10: 0.74532321 | Q10: 0.61552176 | R10: 0.36545666 | S10: 0.1716308 | T10: 0.064431766 | U10: 0 | V10: 0 | W10: 0.28883357 | X10: 0.072098071 | Y10: 0.45527384 | Z10: 0.87908989 | AA10: 0.52035384 | AB10: 0.14677288 | AC10: 0.51540554 | AD10: 0.42968744
A11: 890 - CX18 SPORT 890 | B11: 0 | C11: 0 | D11: 0.10495708 | E11: 0.11984762 | F11: 0.11903532 | G11: 0.31543629 | H11: 0.14584641 | I11: 1.171648 | J11: 2.2667474 | K11: 1.6510726 | L11: 0.94504479 | M11: 0.77251959 | N11: 1.132687 | O11: 0.75663719 | P11: 0.82749078 | Q11: 0.90142574 | R11: 0.76490549 | S11: 0.13711646 | T11: 0.4433956 | U11: 0.12361597 | V11: 0.15591019 | W11: 0.24190133 | X11: 0.17478957 | Y11: 0.070756118 | Z11: 1.1588131 | AA11: 0.75337711 | AB11: 0.20172813 | AC11: 0.70463946 | AD11: 0.55594944
A12: 930 - CX20 MONTECARLO | B12: 0 | C12: 0 | D12: 0 | E12: 0 | F12: 0 | G12: 0.55929409 | H12: 0.99600952 | I12: 1.5437813 | J12: 1.4537885 | K12: 1.2321075 | L12: 1.4356926 | M12: 1.2167178 | N12: 1.0444115 | O12: 0.79755992 | P12: 0.41669289 | Q12: 0.27976884 | R12: 0.10583906 | S12: 0.45525841 | T12: 0.092906992 | U12: 0.092906992 | V12: 0 | W12: 0 | X12: 0.31653412 | Y12: 0.29420512 | Z12: 1.3130162 | AA12: 0.51658843 | AB12: 0.13275887 | AC12: 0.65412117 | AD12: 0.5138948
A13: 970 - CX22 UNIVERSAL | B13: 0.32727914 | C13: 0 | D13: 0 | E13: 0 | F13: 0 | G13: 0.081318083 | H13: 0 | I13: 0 | J13: 0 | K13: 0.1391701 | L13: 0.26982345 | M13: 0 | N13: 0.15503177 | O13: 0.59502514 | P13: 0 | Q13: 0.098653285 | R13: 0 | S13: 0 | T13: 0 | U13: 0 | V13: 0 | W13: 0 | X13: 0 | Y13: 0 | Z13: 0.068165592 | AA13: 0.1414517 | AB13: 0 | AC13: 0.06987243 | AD13: 0.069429207
A14: 1010 - CX24 LA 1010 AM | B14: 0 | C14: 0 | D14: 0 | E14: 0 | F14: 0 | G14: 0.12262767 | H14: 0.12262767 | I14: 0.38372333 | J14: 0.38372333 | K14: 0.03983695 | L14: 0 | M14: 0 | N14: 0.78746136 | O14: 0.48191561 | P14: 0.031818867 | Q14: 0.031818867 | R14: 0.24466287 | S14: 0.28281007 | T14: 1.3618455 | U14: 0.95502327 | V14: 0.47327932 | W14: 0 | X14: 0 | Y14: 0 | Z14: 0.15498521 | AA14: 0.31008127 | AB14: 0.46502468 | AC14: 0.31003039 | AD14: 0.23763228
A15: 1050 - CX26 RADIO URUGUAY | B15: 0 | C15: 0 | D15: 0 | E15: 0 | F15: 0 | G15: 0 | H15: 0 | I15: 0.11431712 | J15: 0.13203882 | K15: 0.13378541 | L15: 0.50708487 | M15: 0.13658119 | N15: 0.13292429 | O15: 0.37329946 | P15: 0.32756986 | Q15: 0.32756986 | R15: 0.37329946 | S15: 0.029311754 | T15: 0.54437661 | U15: 0.16386631 | V15: 0.16386631 | W15: 0.16386631 | X15: 0 | Y15: 0 | Z15: 0.17063457 | AA15: 0.26066245 | AB15: 0.17266259 | AC15: 0.20131987 | AD15: 0.1509899
... A30: RATING GENERAL | B30: 2.7609445 | C30: 1.2535135 | D30: 1.1407741 | E30: 0.31740464 | F30: 0.62298523 | G30: 3.3906333 | H30: 11.256625 | I30: 31.489722 | J30: 43.654334 | K30: 53.218969 | L30: 50.603781 | M30: 43.281258 | N30: 34.516666 | O30: 31.983402 | P30: 35.313755 | Q30: 38.23987 | R30: 33.626679 | S30: 26.619284 | T30: 25.912336 | U30: 18.459313 | V30: 10.024024 | W30: 8.6656585 | X30: 5.6021146 | Y30: 3.748583 | Z30: 38.917448 | AA30: 33.383276 | AB30: 12.068671 | AC30: 28.123132 | AD30: 21.48761
A32: CUADRO 10: RESUMEN DE RATING POR HORA - SEGMENTO ABC1 | FM | LUNES A DOMINGO
A33: RADIOS | B33: HORAS | Z33: PROMEDIO
B34: 00:00 - 00:59 | C34: 01:00 - 01:59 | D34: 02:00 - 02:59 | E34: 03:00 - 03:59 | F34: 04:00 - 04:59 | G34: 05:00 - 05:59 | H34: 06:00 - 06:59 | I34: 07:00 - 07:59 | J34: 08:00 - 08:59 | K34: 09:00 - 09:59 | L34: 10:00 - 10:59 | M34: 11:00 - 11:59 | N34: 12:00 - 12:59 | O34: 13:00 - 13:59 | P34: 14:00 - 14:59 | Q34: 15:00 - 15:59 | R34: 16:00 - 16:59 | S34: 17:00 - 17:59 | T34: 18:00 - 18:59 | U34: 19:00 - 19:59 | V34: 20:00 - 20:59 | W34: 21:00 - 21:59 | X34: 22:00 - 22:59 | Y34: 23:00 - 23:59 | Z34: 06:00 - 11:59 | AA34: 12:00 - 17:59 | AB34: 18:00 - 23:59 | AC34: 06:00 - 23:59 | AD34: 00:00 - 24:00
A35: 88.3 - LACOSTA | B35: 0 | C35: 0 | D35: 0 | E35: 0 | F35: 0 | G35: 0 | H35: 0.21892526 | I35: 0.37529186 | J35: 0.24018734 | K35: 0.40047812 | L35: 0.26794913 | M35: 0.40201905 | N35: 0.23354611 | O35: 0.24816022 | P35: 0.091939241 | Q35: 0.33280482 | R35: 0.66613924 | S35: 0.75426715 | T35: 1.0083876 | U35: 1.0333951 | V35: 0 | W35: 0 | X35: 0.30919343 | Y35: 0 | Z35: 0.31747513 | AA35: 0.38780946 | AB35: 0.39182937 | AC35: 0.36570465 | AD35: 0.27427849
A36: 90.3 - FM HIT (OLDIES) | B36: 0.308444 | C36: 0 | D36: 0 | E36: 0 | F36: 0 | G36: 0 | H36: 0.14333279 | I36: 0.7634736 | J36: 0.79520916 | K36: 0.98164762 | L36: 1.1861148 | M36: 0.45200657 | N36: 0.4591959 | O36: 0.7711047 | P36: 1.3937434 | Q36: 1.447972 | R36: 0.92895618 | S36: 1.0786116 | T36: 0.58936703 | U36: 0.41423333 | V36: 0.11776311 | W36: 0.065796745 | X36: 0.29343369 | Y36: 0 | Z36: 0.72029743 | AA36: 1.013264 | AB36: 0.24676565 | AC36: 0.66010901 | AD36: 0.50793359
A37: 91.1 - RADIO FUTURA | B37: 0 | C37: 0 | D37: 0 | E37: 0 | F37: 0 | G37: 0 | H37: 0.28149241 | I37: 0.67636052 | J37: 0.61385666 | K37: 1.1822044 | L37: 1.236261 | M37: 0.66767824 | N37: 0.94062074 | O37: 1.0701852 | P37: 1.0366822 | Q37: 0.97217281 | R37: 0.84403978 | S37: 0.52778885 | T37: 0.7314833 | U37: 1.656973 | V37: 1.3367132 | W37: 0.85465455 | X37: 0.266834 | Y37: 0.10707637 | Z37: 0.77630887 | AA37: 0.8985816 | AB37: 0.8256224 | AC37: 0.83350429 | AD37: 0.62512822
A38: 91.9 - FM LIKE | B38: 0 | C38: 0 | D38: 0 | E38: 0 | F38: 0 | G38: 0 | H38: 0.34374304 | I38: 0.23150139 | J38: 0.80077902 | K38: 1.1614325 | L38: 1.3073898 | M38: 1.189577 | N38: 1.3278212 | O38: 1.4822604 | P38: 1.3254625 | Q38: 1.5238193 | R38: 1.8790678 | S38: 1.2555296 | T38: 1.2130514 | U38: 0.94800633 | V38: 0.67200386 | W38: 0.59657348 | X38: 0.35681983 | Y38: 0 | Z38: 0.83907046 | AA38: 1.4656601 | AB38: 0.63107581 | AC38: 0.97860214 | AD38: 0.7339516
A39: 92.5 - URBANA FM | B39: 0 | C39: 0 | D39: 0 | E39: 0 | F39: 0 | G39: 0 | H39: 0 | I39: 0.083369379 | J39: 0.45412706 | K39: 1.1837638 | L39: 1.0601479 | M39: 1.2880014 | N39: 1.0653864 | O39: 0.97018366 | P39: 0.64487288 | Q39: 0.19894189 | R39: 1.2236255 | S39: 1.2260744 | T39: 1.0651559 | U39: 0.26335877 | V39: 0 | W39: 0 | X39: 0 | Y39: 0 | Z39: 0.67823492 | AA39: 0.88818078 | AB39: 0.22141912 | AC39: 0.59594494 | AD39: 0.44695871
A40: 93.1 - INOLVIDABLE | B40: 0 | C40: 0 | D40: 0 | E40: 0 | F40: 0 | G40: 0 | H40: 0.048657565 | I40: 0.09731513 | J40: 0.47772025 | K40: 0.84209717 | L40: 0.84707113 | M40: 0.83098813 | N40: 0.60602514 | O40: 0.54297155 | P40: 0.71234551 | Q40: 1.0584321 | R40: 1.4628083 | S40: 0.81489705 | T40: 0.36490983 | U40: 0.35085232 | V40: 0.49721507 | W40: 0.3732991 | X40: 0.029252803 | Y40: 0.029252803 | Z40: 0.52397489 | AA40: 0.86624661 | AB40: 0.27413032 | AC40: 0.55478394 | AD40: 0.41608796
A41: 93.9 - OCEANO | B41: 0.12107384 | C41: 0 | D41: 0 | E41: 0 | F41: 0 | G41: 0 | H41: 0.025727366 | I41: 0.48240747 | J41: 0.85721224 | K41: 0.97412803 | L41: 0.96704991 | M41: 1.0854627 | N41: 0.88044919 | O41: 0.58355274 | P41: 0.85291911 | Q41: 0.72712272 | R41: 0.2732824 | S41: 0.12094641 | T41: 0.490773 | U41: 0.50663996 | V41: 0.28441519 | W41: 0.18812851 | X41: 0.024485172 | Y41: 0 | Z41: 0.73199795 | AA41: 0.57304543 | AB41: 0.24907364 | AC41: 0.51803901 | AD41: 0.393574
A42: 94.7 - DEL SUR | B42: 0 | C42: 0 | D42: 0 | E42: 0 | F42: 0 | G42: 0 | H42: 0.2067777 | I42: 0.15506124 | J42: 0.20071266 | K42: 0.11022526 | L42: 0.12925172 | M42: 0.12925172 | N42: 0.12925172 | O42: 0.15846558 | P42: 0.052223207 | Q42: 0.052223207 | R42: 0.075413321 | S42: 0.052223207 | T42: 0.48966715 | U42: 0.14347866 | V42: 0.12207607 | W42: 0.042786317 | X42: 0.12404497 | Y42: 0.042786317 | Z42: 0.15521338 | AA42: 0.086633374 | AB42: 0.16080658 | AC42: 0.13421778 | AD42: 0.10066333
A43: 95.5 - DEL PLATA | B43: 0 | C43: 0 | D43: 0 | E43: 0 | F43: 0 | G43: 0.027800784 | H43: 0.14047746 | I43: 0.55707951 | J43: 0.99317046 | K43: 1.8866168 | L43: 2.3329171 | M43: 1.8314334 | N43: 1.6550875 | O43: 1.9769436 | P43: 2.6597542 | Q43: 2.7033989 | R43: 2.1383871 | S43: 2.762021 | T43: 2.0881061 | U43: 1.8669682 | V43: 1.0975804 | W43: 0.74225353 | X43: 0.28196299 | Y43: 0.17454888 | Z43: 1.2902824 | AA43: 2.315932 | AB43: 1.0419034 | AC43: 1.5493726 | AD43: 1.1631878
A44: 96.3 - ALFA | B44: 0 | C44: 0 | D44: 0 | E44: 0 | F44: 0 | G44: 0 | H44: 0 | I44: 0 | J44: 0 | K44: 0 | L44: 0 | M44: 0.070366486 | N44: 0.070366486 | O44: 0.070366486 | P44: 0.090122483 | Q44: 0.083042074 | R44: 0.019755998 | S44: 0 | T44: 0.063286076 | U44: 0.14316793 | V44: 0.29334002 | W44: 0.084308379 | X44: 0.084308379 | Y44: 0 | Z44: 0.011727748 | AA44: 0.055608921 | AB44: 0.1114018 | AC44: 0.059579489 | AD44: 0.044684617
A45: 97.1 - BABEL | B45: 0.179256 | C45: 0 | D45: 0 | E45: 0 | F45: 0 | G45: 0.027800784 | H45: 0.042786317 | I45: 0.34434895 | J45: 0.39021392 | K45: 1.0132995 | L45: 0.99172297 | M45: 1.0797358 | N45: 0.7201475 | O45: 0.78425865 | P45: 0.34608583 | Q45: 0.61053177 | R45: 0.49030048 | S45: 0.36989946 | T45: 0.52402043 | U45: 0.67761766 | V45: 0.51291157 | W45: 0.28995961 | X45: 0.042786317 | Y45: 0.12942676 | Z45: 0.64368457 | AA45: 0.55353728 | AB45: 0.36278706 | AC45: 0.52000297 | AD45: 0.39862959
A46: 97.9 - M24 | B46: 0.031087161 | C46: 0 | D46: 0.24451634 | E46: 0 | F46: 0.081834539 | G46: 0.13935642 | H46: 0.2987425 | I46: 2.6946228 | J46: 3.8590398 | K46: 3.6164488 | L46: 3.2166667 | M46: 2.8794106 | N46: 2.4671644 | O46: 1.1903527 | P46: 1.3339696 | Q46: 2.3268114 | R46: 1.6838128 | S46: 0.98472248 | T46: 0.32259843 | U46: 0.2797264 | V46: 0.14564231 | W46: 0.45955347 | X46: 0.43924027 | Y46: 0.038433816 | Z46: 2.7608219 | AA46: 1.6644722 | AB46: 0.28086578 | AC46: 1.56872 | AD46: 1.1972397
... A62: RATING GENERAL | B62: 2.7609445 | C62: 1.2535135 | D62: 1.1407741 | E62: 0.31740464 | F62: 0.62298523 | G62: 3.3906333 | H62: 11.256625 | I62: 31.489722 | J62: 43.654334 | K62: 53.218969 | L62: 50.603781 | M62: 43.281258 | N62: 34.516666 | O62: 31.983402 | P62: 35.313755 | Q62: 38.23987 | R62: 33.626679 | S62: 26.619284 | T62: 25.912336 | U62: 18.459313 | V62: 10.024024 | W62: 8.6656585 | X62: 5.6021146 | Y62: 3.748583 | Z62: 38.917448 | AA62: 33.383276 | AB62: 12.068671 | AC62: 28.123132 | AD62: 21.48761

Sheet RatxLVxABC1
A1: CUADRO 11: RESUMEN DE RATING POR HORA - SEGMENTO ABC1 | AM | LUNES A VIERNES
A2: RADIOS | B2: HORAS | Z2: PROMEDIO
B3: 00:00 - 00:59 | C3: 01:00 - 01:59 | D3: 02:00 - 02:59 | E3: 03:00 - 03:59 | F3: 04:00 - 04:59 | G3: 05:00 - 05:59 | H3: 06:00 - 06:59 | I3: 07:00 - 07:59 | J3: 08:00 - 08:59 | K3: 09:00 - 09:59 | L3: 10:00 - 10:59 | M3: 11:00 - 11:59 | N3: 12:00 - 12:59 | O3: 13:00 - 13:59 | P3: 14:00 - 14:59 | Q3: 15:00 - 15:59 | R3: 16:00 - 16:59 | S3: 17:00 - 17:59 | T3: 18:00 - 18:59 | U3: 19:00 - 19:59 | V3: 20:00 - 20:59 | W3: 21:00 - 21:59 | X3: 22:00 - 22:59 | Y3: 23:00 - 23:59 | Z3: 06:00 - 11:59 | AA3: 12:00 - 17:59 | AB3: 18:00 - 23:59 | AC3: 06:00 - 23:59 | AD3: 00:00 - 24:00
A4: 610 - CX4 RURAL | B4: 0.33926734 | C4: 0.26971485 | D4: 0.23543561 | E4: 0 | F4: 0.14963384 | G4: 0 | H4: 0 | I4: 0.14963384 | J4: 0.1899519 | K4: 0.10975553 | L4: 0.025368861 | M4: 0 | N4: 0 | O4: 0 | P4: 0 | Q4: 0 | R4: 0 | S4: 0 | T4: 0 | U4: 0 | V4: 0 | W4: 0 | X4: 0 | Y4: 0 | Z4: =+AVERAGE(H4:M4) -> 0.079118354 | AA4: =+AVERAGE(N4:S4) -> 0 | AB4: =+AVERAGE(T4:Y4) -> 0 | AC4: =+AVERAGE(H4:Y4) -> 0.026372785 | AD4: =+AVERAGE(B4:Y4) -> 0.061198407
A5: 650 - CX6 CLÁSICA | B5: 0.13543882 | C5: 0.099058565 | D5: 0.1841611 | E5: 0.093120844 | F5: 0 | G5: 0 | H5: 0.12577021 | I5: 0 | J5: 0 | K5: 0 | L5: 0 | M5: 0 | N5: 0 | O5: 0 | P5: 0 | Q5: 0 | R5: 0 | S5: 0 | T5: 0 | U5: 0 | V5: 0 | W5: 0 | X5: 0 | Y5: 0 | Z5: =+AVERAGE(H5:M5) -> 0.020961702 | AA5: =+AVERAGE(N5:S5) -> 0 | AB5: =+AVERAGE(T5:Y5) -> 0 | AC5: =+AVERAGE(H5:Y5) -> 0.0069872339 | AD5: =+AVERAGE(B5:Y5) -> 0.026564564
A6: 690 - CX8 SARANDI | B6: 0 | C6: 0 | D6: 0 | E6: 0 | F6: 0.23921468 | G6: 0.85174937 | H6: 4.2329907 | I6: 6.212559 | J6: 6.3547501 | K6: 5.7960752 | L6: 5.3603727 | M6: 4.3745269 | N6: 2.1779061 | O6: 1.1149642 | P6: 0.74165629 | Q6: 0.73957004 | R6: 0.26746169 | S6: 0.11095958 | T6: 0.96583789 | U6: 0.91242093 | V6: 0.089297637 | W6: 0.36967333 | X6: 0.5862497 | Y6: 0.55188186 | Z6: =+AVERAGE(H6:M6) -> 5.3885458 | AA6: =+AVERAGE(N6:S6) -> 0.85875298 | AB6: =+AVERAGE(T6:Y6) -> 0.57922689 | AC6: =+AVERAGE(H6:Y6) -> 2.2755085 | AD6: =+AVERAGE(B6:Y6) -> 1.7520882
A7: 730 - CX10 CONTINENTE | B7: 0 | C7: 0 | D7: 0 | E7: 0 | F7: 0 | G7: 0 | H7: 0 | I7: 0.1523908 | J7: 0.1523908 | K7: 0.1523908 | L7: 0.1523908 | M7: 0.1523908 | N7: 0.1523908 | O7: 0.1523908 | P7: 0 | Q7: 0 | R7: 0 | S7: 0 | T7: 0 | U7: 0 | V7: 0 | W7: 0 | X7: 0 | Y7: 0 | Z7: =+AVERAGE(H7:M7) -> 0.12699233 | AA7: =+AVERAGE(N7:S7) -> 0.050796934 | AB7: =+AVERAGE(T7:Y7) -> 0 | AC7: =+AVERAGE(H7:Y7) -> 0.05926309 | AD7: =+AVERAGE(B7:Y7) -> 0.044447317
A8: 770 - CX12 ORIENTAL | B8: 0.33692557 | C8: 0.069044304 | D8: 0.069044304 | E8: 0 | F8: 0 | G8: 0.030992827 | H8: 0.15932245 | I8: 0.79938751 | J8: 0.71633148 | K8: 0.27623882 | L8: 0.30146371 | M8: 0.44262228 | N8: 0.22458979 | O8: 0.15171966 | P8: 0.082344641 | Q8: 0.3612816 | R8: 0.096022278 | S8: 0 | T8: 0 | U8: 0.092274768 | V8: 0.092274768 | W8: 0.71221586 | X8: 0.68999384 | Y8: 0.029845316 | Z8: =+AVERAGE(H8:M8) -> 0.44922771 | AA8: =+AVERAGE(N8:S8) -> 0.15265966 | AB8: =+AVERAGE(T8:Y8) -> 0.26943409 | AC8: =+AVERAGE(H8:Y8) -> 0.29044049 | AD8: =+AVERAGE(B8:Y8) -> 0.23891399
A9: 810 - CX14 EL ESPECTADOR | B9: 0.25527131 | C9: 0.30993131 | D9: 0.05577173 | E9: 0 | F9: 0 | G9: 0 | H9: 0 | I9: 1.4068218 | J9: 2.0489255 | K9: 1.8428621 | L9: 1.6802003 | M9: 1.3149918 | N9: 1.3976162 | O9: 2.7363392 | P9: 4.3272478 | Q9: 4.9132725 | R9: 1.6343673 | S9: 0.43176219 | T9: 0.41036076 | U9: 0.42291139 | V9: 0 | W9: 0.36683021 | X9: 0.13988869 | Y9: 0.13988869 | Z9: =+AVERAGE(H9:M9) -> 1.3823002 | AA9: =+AVERAGE(N9:S9) -> 2.5734342 | AB9: =+AVERAGE(T9:Y9) -> 0.24664662 | AC9: =+AVERAGE(H9:Y9) -> 1.4007937 | AD9: =+AVERAGE(B9:Y9) -> 1.0764692
A10: 850 - CX16 CARVE | B10: 0.27353511 | C10: 0.27353511 | D10: 0.069044304 | E10: 0 | F10: 0 | G10: 0.34025586 | H10: 0.87230169 | I10: 2.6886684 | J10: 0.78954869 | K10: 0.83524084 | L10: 0.52036388 | M10: 0.65092793 | N10: 0.65092793 | O10: 0.90111418 | P10: 0.91685173 | Q10: 0.78100186 | R10: 0.43091072 | S10: 0.20146051 | T10: 0.090204473 | U10: 0 | V10: 0 | W10: 0.404367 | X10: 0.041036456 | Y10: 0.59601401 | Z10: =+AVERAGE(H10:M10) -> 1.0595086 | AA10: =+AVERAGE(N10:S10) -> 0.64704449 | AB10: =+AVERAGE(T10:Y10) -> 0.18860366 | AC10: =+AVERAGE(H10:Y10) -> 0.6317189 | AD10: =+AVERAGE(B10:Y10) -> 0.51363794
A11: 890 - CX18 SPORT 890 | B11: 0 | C11: 0 | D11: 0.14693992 | E11: 0.16778667 | F11: 0.16664945 | G11: 0.38170996 | H11: 0.11662574 | I11: 1.0409448 | J11: 2.137241 | K11: 1.7298239 | L11: 0.95894414 | M11: 0.76664785 | N11: 1.0771985 | O11: 0.84730743 | P11: 1.0113283 | Q11: 1.0153889 | R11: 0.75021401 | S11: 0.027658397 | T11: 0.4564492 | U11: 0.17306236 | V11: 0.21827426 | W11: 0.33866186 | X11: 0.2447054 | Y11: 0.099058565 | Z11: =+AVERAGE(H11:M11) -> 1.1250379 | AA11: =+AVERAGE(N11:S11) -> 0.78818259 | AB11: =+AVERAGE(T11:Y11) -> 0.25503527 | AC11: =+AVERAGE(H11:Y11) -> 0.72275192 | AD11: =+AVERAGE(B11:Y11) -> 0.57802586
A12: 930 - CX20 MONTECARLO | B12: 0 | C12: 0 | D12: 0 | E12: 0 | F12: 0 | G12: 0.52486751 | H12: 1.072025 | I12: 1.1811066 | J12: 1.0802702 | K12: 0.78373646 | L12: 1.1394441 | M12: 1.1914711 | N12: 1.008654 | O12: 0.81781367 | P12: 0.49644852 | Q12: 0.34215224 | R12: 0.098650549 | S12: 0.5127535 | T12: 0.13006979 | U12: 0.13006979 | V12: 0 | W12: 0 | X12: 0.32021443 | Y12: 0.28895384 | Z12: =+AVERAGE(H12:M12) -> 1.0746756 | AA12: =+AVERAGE(N12:S12) -> 0.54607875 | AB12: =+AVERAGE(T12:Y12) -> 0.14488464 | AC12: =+AVERAGE(H12:Y12) -> 0.58854632 | AD12: =+AVERAGE(B12:Y12) -> 0.46327922
A13: 970 - CX22 UNIVERSAL | B13: 0.39828996 | C13: 0 | D13: 0 | E13: 0 | F13: 0 | G13: 0.11384532 | H13: 0 | I13: 0 | J13: 0 | K13: 0.19483814 | L13: 0.37775283 | M13: 0 | N13: 0.091040253 | O13: 0.67368608 | P13: 0 | Q13: 0.1381146 | R13: 0 | S13: 0 | T13: 0 | U13: 0 | V13: 0 | W13: 0 | X13: 0 | Y13: 0 | Z13: =+AVERAGE(H13:M13) -> 0.095431828 | AA13: =+AVERAGE(N13:S13) -> 0.15047349 | AB13: =+AVERAGE(T13:Y13) -> 0 | AC13: =+AVERAGE(H13:Y13) -> 0.081968439 | AD13: =+AVERAGE(B13:Y13) -> 0.082815299
A14: 1010 - CX24 LA 1010 AM | B14: 0 | C14: 0 | D14: 0 | E14: 0 | F14: 0 | G14: 0.17167873 | H14: 0.17167873 | I14: 0.42984641 | J14: 0.42984641 | K14: 0.05577173 | L14: 0 | M14: 0 | N14: 0.94923755 | O14: 0.36236321 | P14: 0 | Q14: 0 | R14: 0.26182051 | S14: 0.35138768 | T14: 1.449495 | U14: 1.0754203 | V14: 0.50588481 | W14: 0 | X14: 0 | Y14: 0 | Z14: =+AVERAGE(H14:M14) -> 0.18119055 | AA14: =+AVERAGE(N14:S14) -> 0.32080149 | AB14: =+AVERAGE(T14:Y14) -> 0.50513336 | AC14: =+AVERAGE(H14:Y14) -> 0.33570847 | AD14: =+AVERAGE(B14:Y14) -> 0.25893463
A15: 1050 - CX26 RADIO URUGUAY | B15: 0 | C15: 0 | D15: 0 | E15: 0 | F15: 0 | G15: 0 | H15: 0 | I15: 0.16004397 | J15: 0.18485435 | K15: 0.15091932 | L15: 0.6321692 | M15: 0.15483342 | N15: 0.14971376 | O15: 0.44486962 | P15: 0.28060363 | Q15: 0.28060363 | R15: 0.44486962 | S15: 0.041036456 | T15: 0.67428245 | U15: 0.22941283 | V15: 0.22941283 | W15: 0.22941283 | X15: 0 | Y15: 0 | Z15: =+AVERAGE(H15:M15) -> 0.21380338 | AA15: =+AVERAGE(N15:S15) -> 0.27361612 | AB15: =+AVERAGE(T15:Y15) -> 0.22708682 | AC15: =+AVERAGE(H15:Y15) -> 0.23816877 | AD15: =+AVERAGE(B15:Y15) -> 0.17862658
... A30: RATING GENERAL | B30: 3.1403981 | C30: 1.2178311 | D30: 1.277961 | E30: 0.38859477 | F30: 0.87217932 | G30: 3.6422782 | H30: 11.717971 | I30: 34.015064 | J30: 45.294342 | K30: 56.134387 | L30: 53.65348 | M30: 45.081428 | N30: 34.585101 | O30: 33.832774 | P30: 38.334285 | Q30: 41.867753 | R30: 35.249281 | S30: 29.172111 | T30: 28.248463 | U30: 19.892594 | V30: 10.221105 | W30: 9.7536057 | X30: 5.4885872 | Y30: 3.8161891 | Z30: =+AVERAGE(H30:M30) -> 40.982779 | AA30: =+AVERAGE(N30:S30) -> 35.506884 | AB30: =+AVERAGE(T30:Y30) -> 12.903424 | AC30: =+AVERAGE(H30:Y30) -> 29.797696 | AD30: =+AVERAGE(B30:Y30) -> 22.787407
A32: CUADRO 12: RESUMEN DE RATING POR HORA - SEGMENTO ABC1 | FM | LUNES A VIERNES
A33: RADIOS | B33: HORAS | Z33: PROMEDIO
B34: 00:00 - 00:59 | C34: 01:00 - 01:59 | D34: 02:00 - 02:59 | E34: 03:00 - 03:59 | F34: 04:00 - 04:59 | G34: 05:00 - 05:59 | H34: 06:00 - 06:59 | I34: 07:00 - 07:59 | J34: 08:00 - 08:59 | K34: 09:00 - 09:59 | L34: 10:00 - 10:59 | M34: 11:00 - 11:59 | N34: 12:00 - 12:59 | O34: 13:00 - 13:59 | P34: 14:00 - 14:59 | Q34: 15:00 - 15:59 | R34: 16:00 - 16:59 | S34: 17:00 - 17:59 | T34: 18:00 - 18:59 | U34: 19:00 - 19:59 | V34: 20:00 - 20:59 | W34: 21:00 - 21:59 | X34: 22:00 - 22:59 | Y34: 23:00 - 23:59 | Z34: 06:00 - 11:59 | AA34: 12:00 - 17:59 | AB34: 18:00 - 23:59 | AC34: 06:00 - 23:59 | AD34: 00:00 - 24:00
A35: 88.3 - LACOSTA | B35: 0 | C35: 0 | D35: 0 | E35: 0 | F35: 0 | G35: 0 | H35: 0.16994945 | I35: 0.3888627 | J35: 0.23900751 | K35: 0.4634146 | L35: 0.27787401 | M35: 0.33469966 | N35: 0.32696456 | O35: 0.27337772 | P35: 0.12871494 | Q35: 0.41068667 | R35: 0.67458515 | S35: 0.79796422 | T35: 1.0956626 | U35: 1.1435392 | V35: 0 | W35: 0 | X35: 0 | Y35: 0 | Z35: 0.31230132 | AA35: 0.43538221 | AB35: 0.37320031 | AC35: 0.37362795 | AD35: 0.28022096
A36: 90.3 - FM HIT (OLDIES) | B36: 0.27083823 | C36: 0 | D36: 0 | E36: 0 | F36: 0 | G36: 0 | H36: 0.20066591 | I36: 0.82049907 | J36: 0.78558793 | K36: 1.0137668 | L36: 1.2086328 | M36: 0.49832422 | N36: 0.59368388 | O36: 0.90225249 | P36: 1.5093158 | Q36: 1.46227 | R36: 0.98408532 | S36: 1.1906036 | T36: 0.74139966 | U36: 0.4074692 | V36: 0.048142278 | W36: 0 | X36: 0.23456118 | Y36: 0 | Z36: 0.75457945 | AA36: 1.1070352 | AB36: 0.23859539 | AC36: 0.70007001 | AD36: 0.53633743
A37: 91.1 - RADIO FUTURA | B37: 0 | C37: 0 | D37: 0 | E37: 0 | F37: 0 | G37: 0 | H37: 0 | I37: 0.79010447 | J37: 0.79949848 | K37: 1.3246106 | L37: 1.389703 | M37: 0.59368717 | N37: 0.77280228 | O37: 1.1336859 | P37: 1.1496388 | Q37: 1.0380841 | R37: 0.91894414 | S37: 0.52366135 | T37: 0.65281257 | U37: 2.228449 | V37: 1.8161584 | W37: 1.1412763 | X37: 0.37356759 | Y37: 0.14990692 | Z37: 0.8162673 | AA37: 0.92280276 | AB37: 1.0603618 | AC37: 0.93314395 | AD37: 0.69985796
A38: 91.9 - FM LIKE | B38: 0 | C38: 0 | D38: 0 | E38: 0 | F38: 0 | G38: 0 | H38: 0.26982017 | I38: 0.11268186 | J38: 0.59297916 | K38: 1.5008964 | L38: 1.4385786 | M38: 1.2736406 | N38: 1.418399 | O38: 1.6037983 | P38: 1.4710731 | Q38: 1.8225807 | R38: 1.4049686 | S38: 1.4536231 | T38: 1.308144 | U38: 0.91614852 | V38: 0.66428692 | W38: 0.61227122 | X38: 0.44896304 | Y38: 0 | Z38: 0.86476612 | AA38: 1.5290738 | AB38: 0.65830228 | AC38: 1.0173807 | AD38: 0.76303555
A39: 92.5 - URBANA FM | B39: 0 | C39: 0 | D39: 0 | E39: 0 | F39: 0 | G39: 0 | H39: 0 | I39: 0.11671713 | J39: 0.53846709 | K39: 1.286323 | L39: 1.1132607 | M39: 1.2150164 | N39: 0.98359747 | O39: 0.9806681 | P39: 0.56741561 | Q39: 0.24244557 | R39: 1.4332523 | S39: 1.4727538 | T39: 1.3095812 | U39: 0.34377139 | V39: 0 | W39: 0 | X39: 0 | Y39: 0 | Z39: 0.71163072 | AA39: 0.94668882 | AB39: 0.27555876 | AC39: 0.6446261 | AD39: 0.48346957
A40: 93.1 - INOLVIDABLE | B40: 0 | C40: 0 | D40: 0 | E40: 0 | F40: 0 | G40: 0 | H40: 0.068120591 | I40: 0.13624118 | J40: 0.56261747 | K40: 0.83140734 | L40: 0.83837089 | M40: 0.81585468 | N40: 0.5009065 | O40: 0.54878211 | P40: 0.79490979 | Q40: 0.71622439 | R40: 1.2185862 | S40: 0.9282384 | T40: 0.28372506 | U40: 0.084526498 | V40: 0.35105013 | W40: 0.42909688 | X40: 0 | Y40: 0 | Z40: 0.54210203 | AA40: 0.7846079 | AB40: 0.19139976 | AC40: 0.50603656 | AD40: 0.37952742
A41: 93.9 - OCEANO | B41: 0.16950338 | C41: 0 | D41: 0 | E41: 0 | F41: 0 | G41: 0 | H41: 0 | I41: 0.43400886 | J41: 0.95873553 | K41: 1.0346395 | L41: 0.85051148 | M41: 1.0570816 | N41: 0.81661603 | O41: 0.43085637 | P41: 0.75134245 | Q41: 0.64344574 | R41: 0.12549224 | S41: 0 | T41: 0.51775722 | U41: 0.33744709 | V41: 0.23247916 | W41: 0.2025838 | X41: 0 | Y41: 0 | Z41: 0.72249616 | AA41: 0.46129214 | AB41: 0.21504454 | AC41: 0.46627761 | AD41: 0.35677085
A42: 94.7 - DEL SUR | B42: 0 | C42: 0 | D42: 0 | E42: 0 | F42: 0 | G42: 0 | H42: 0.22958793 | I42: 0.15718489 | J42: 0.10783992 | K42: 0.10783992 | L42: 0.10783992 | M42: 0.10783992 | N42: 0.10783992 | O42: 0.14873932 | P42: 0 | Q42: 0 | R42: 0.03246616 | S42: 0 | T42: 0.60181983 | U42: 0.20087013 | V42: 0.1709065 | W42: 0 | X42: 0.11376211 | Y42: 0 | Z42: 0.13635541 | AA42: 0.048174233 | AB42: 0.18122643 | AC42: 0.12191869 | AD42: 0.091439019
A43: 95.5 - DEL PLATA | B43: 0 | C43: 0 | D43: 0 | E43: 0 | F43: 0 | G43: 0.038921097 | H43: 0.19666844 | I43: 0.56825333 | J43: 1.0176189 | K43: 1.8060371 | L43: 2.43423 | M43: 1.7142357 | N43: 1.6832145 | O43: 1.94195 | P43: 2.8255036 | Q43: 2.7892245 | R43: 2.1295183 | S43: 2.9055158 | T43: 2.0580077 | U43: 1.911965 | V43: 0.95916211 | W43: 0.72751013 | X43: 0.18240051 | Y43: 0.18240051 | Z43: 1.2895072 | AA43: 2.3791544 | AB43: 1.0035743 | AC43: 1.557412 | AD43: 1.1696807
A44: 96.3 - ALFA | B44: 0 | C44: 0 | D44: 0 | E44: 0 | F44: 0 | G44: 0 | H44: 0 | I44: 0 | J44: 0 | K44: 0 | L44: 0 | M44: 0.09851308 | N44: 0.09851308 | O44: 0.09851308 | P44: 0.12617148 | Q44: 0.1162589 | R44: 0.027658397 | S44: 0 | T44: 0.088600506 | U44: 0.15687131 | V44: 0.41067603 | W44: 0.11803173 | X44: 0.11803173 | Y44: 0 | Z44: 0.016418847 | AA44: 0.077852489 | AB44: 0.14870188 | AC44: 0.080991074 | AD44: 0.060743305
A45: 97.1 - BABEL | B45: 0.2509584 | C45: 0 | D45: 0 | E45: 0 | F45: 0 | G45: 0.038921097 | H45: 0 | I45: 0.42218768 | J45: 0.45211941 | K45: 1.094917 | L45: 0.9455157 | M45: 1.0000985 | N45: 0.66155536 | O45: 0.84305764 | P45: 0.41471502 | Q45: 0.65144945 | R45: 0.61186127 | S45: 0.44295561 | T45: 0.44800169 | U45: 0.33506 | V45: 0.15235924 | W45: 0.15235924 | X45: 0 | Y45: 0.12129662 | Z45: 0.65247305 | AA45: 0.60426572 | AB45: 0.2015128 | AC45: 0.48608386 | AD45: 0.37664121
A46: 97.9 - M24 | B46: 0.043522025 | C46: 0 | D46: 0.34232287 | E46: 0 | F46: 0.11456835 | G46: 0.079540338 | H46: 0.20519122 | I46: 2.9336059 | J46: 3.6094483 | K46: 3.7517154 | L46: 3.4398295 | M46: 2.8976764 | N46: 2.4305959 | O46: 1.3914556 | P46: 1.4908897 | Q46: 2.8413682 | R46: 2.0863216 | S46: 1.3190695 | T46: 0.39209586 | U46: 0.28393274 | V46: 0.10194962 | W46: 0.58956751 | X46: 0.56112903 | Y46: 0.053807342 | Z46: 2.8062445 | AA46: 1.9266168 | AB46: 0.33041368 | AC46: 1.6877583 | AD46: 1.2899835
... A62: RATING GENERAL | B62: 3.1403981 | C62: 1.2178311 | D62: 1.277961 | E62: 0.38859477 | F62: 0.87217932 | G62: 3.6422782 | H62: 11.717971 | I62: 34.015064 | J62: 45.294342 | K62: 56.134387 | L62: 53.65348 | M62: 45.081428 | N62: 34.585101 | O62: 33.832774 | P62: 38.334285 | Q62: 41.867753 | R62: 35.249281 | S62: 29.172111 | T62: 28.248463 | U62: 19.892594 | V62: 10.221105 | W62: 9.7536057 | X62: 5.4885872 | Y62: 3.8161891 | Z62: 40.982779 | AA62: 35.506884 | AB62: 12.903424 | AC62: 29.797696 | AD62: 22.787407

Sheet RatxSDxABC1
A1: CUADRO 13: RESUMEN DE RATING POR HORA - SEGMENTO ABC1 | AM | SABADO A DOMINGO
A2: RADIOS | B2: HORAS | Z2: PROMEDIO
B3: 00:00 - 00:59 | C3: 01:00 - 01:59 | D3: 02:00 - 02:59 | E3: 03:00 - 03:59 | F3: 04:00 - 04:59 | G3: 05:00 - 05:59 | H3: 06:00 - 06:59 | I3: 07:00 - 07:59 | J3: 08:00 - 08:59 | K3: 09:00 - 09:59 | L3: 10:00 - 10:59 | M3: 11:00 - 11:59 | N3: 12:00 - 12:59 | O3: 13:00 - 13:59 | P3: 14:00 - 14:59 | Q3: 15:00 - 15:59 | R3: 16:00 - 16:59 | S3: 17:00 - 17:59 | T3: 18:00 - 18:59 | U3: 19:00 - 19:59 | V3: 20:00 - 20:59 | W3: 21:00 - 21:59 | X3: 22:00 - 22:59 | Y3: 23:00 - 23:59 | Z3: 06:00 - 11:59 | AA3: 12:00 - 17:59 | AB3: 18:00 - 23:59 | AC3: 06:00 - 23:59 | AD3: 00:00 - 24:00
A4: 610 - CX4 RURAL | B4: 0 | C4: 0 | D4: 0 | E4: 0 | F4: 0 | G4: 0.62759241 | H4: 0.18412173 | I4: 0 | J4: 0 | K4: 0 | L4: 0 | M4: 0 | N4: 0 | O4: 0 | P4: 0 | Q4: 0 | R4: 0 | S4: 0 | T4: 0 | U4: 0 | V4: 0 | W4: 0 | X4: 0 | Y4: 0 | Z4: 0.030686955 | AA4: 0 | AB4: 0 | AC4: 0.010228985 | AD4: 0.033821422
A5: 650 - CX6 CLÁSICA | B5: 0 | C5: 0.10342342 | D5: 0.10342342 | E5: 0 | F5: 0 | G5: 0.24862068 | H5: 0.35204409 | I5: 0 | J5: 0.36851624 | K5: 0.36851624 | L5: 0.36851624 | M5: 0 | N5: 0 | O5: 0 | P5: 0 | Q5: 0 | R5: 0 | S5: 0 | T5: 0 | U5: 0 | V5: 0.085698101 | W5: 0 | X5: 0 | Y5: 0 | Z5: 0.24293214 | AA5: 0 | AB5: 0.014283017 | AC5: 0.085738385 | AD5: 0.083281602
A6: 690 - CX8 SARANDI | B6: 0 | C6: 0 | D6: 0 | E6: 0 | F6: 1.2327236 | G6: 2.9940534 | H6: 6.0186903 | I6: 6.8675373 | J6: 6.5361352 | K6: 5.6033549 | L6: 3.8048426 | M6: 3.941285 | N6: 0.73849219 | O6: 0.64501266 | P6: 0.44246751 | Q6: 0.55589283 | R6: 0.19573882 | S6: 0.7254403 | T6: 0.35340886 | U6: 0 | V6: 0.33555422 | W6: 0.52407932 | X6: 0.31594536 | Y6: 0 | Z6: 5.4619742 | AA6: 0.55050738 | AB6: 0.25483129 | AC6: 2.0891043 | AD6: 1.7429439
A7: 730 - CX10 CONTINENTE | B7: 0 | C7: 0 | D7: 0 | E7: 0 | F7: 0 | G7: 0 | H7: 0 | I7: 0 | J7: 0.23022173 | K7: 0.23022173 | L7: 0 | M7: 0 | N7: 0 | O7: 0 | P7: 0 | Q7: 0 | R7: 0 | S7: 0 | T7: 0 | U7: 0 | V7: 0 | W7: 0 | X7: 0 | Y7: 0 | Z7: 0.076740577 | AA7: 0 | AB7: 0 | AC7: 0.025580192 | AD7: 0.019185144
A8: 770 - CX12 ORIENTAL | B8: 0 | C8: 0 | D8: 0 | E8: 0 | F8: 0 | G8: 0 | H8: 0.35204409 | I8: 0.5405692 | J8: 0.24862068 | K8: 0.24862068 | L8: 0 | M8: 0 | N8: 0 | O8: 0 | P8: 0.44347068 | Q8: 0 | R8: 0 | S8: 0 | T8: 0.12594135 | U8: 0.12594135 | V8: 0.60764451 | W8: 0.48428207 | X8: 0.32363333 | Y8: 0 | Z8: 0.23164244 | AA8: 0.073911779 | AB8: 0.2779071 | AC8: 0.19448711 | AD8: 0.14586533
A9: 810 - CX14 EL ESPECTADOR | B9: 0.24862068 | C9: 0.37243101 | D9: 0.26323966 | E9: 0.13942932 | F9: 0 | G9: 0.23028861 | H9: 0.35757342 | I9: 1.1626108 | J9: 1.9396527 | K9: 1.2367023 | L9: 1.6066816 | M9: 0.41569325 | N9: 0.97027954 | O9: 2.5009103 | P9: 2.2810521 | Q9: 0.29045084 | R9: 0.081165401 | S9: 0 | T9: 0.21349283 | U9: 0 | V9: 0 | W9: 0.21761013 | X9: 0.21761013 | Y9: 0 | Z9: 1.119819 | AA9: 1.020643 | AB9: 0.10811885 | AC9: 0.74952697 | AD9: 0.61439561
A10: 850 - CX16 CARVE | B10: 0.41075675 | C10: 0.41075675 | D10: 0.30733333 | E10: 0 | F10: 0.10342342 | G10: 0.46125232 | H10: 0.81407173 | I10: 0.41721519 | J10: 0.48239198 | K10: 0.2082116 | L10: 0.18511646 | M10: 0.18511646 | N10: 0.21944536 | O10: 0.3165019 | P10: 0.20182152 | Q10: 0.20182152 | R10: 0.09705654 | S10: 0 | T10: 0 | U10: 0 | V10: 0 | W10: 0.14975211 | X10: 0.10342342 | Y10: 0 | Z10: 0.38202057 | AA10: 0.17277447 | AB10: 0.042195921 | AC10: 0.19899699 | AD10: 0.21981118
A11: 890 - CX18 SPORT 890 | B11: 0 | C11: 0 | D11: 0 | E11: 0 | F11: 0.14975211 | G11: 0.2188981 | H11: 1.4984061 | I11: 2.5905135 | J11: 1.4541943 | K11: 0.91029641 | L11: 0.78719895 | M11: 1.2714084 | N11: 0.5299616 | O11: 0.36789705 | P11: 0.61651772 | Q11: 0.80163418 | R11: 0.4107616 | S11: 0.4107616 | T11: 0 | U11: 0 | V11: 0 | W11: 0 | X11: 0 | Y11: 0 | Z11: 1.4186696 | AA11: 0.52292229 | AB11: 0 | AC11: 0.6471973 | AD11: 0.5007584
A12: 930 - CX20 MONTECARLO | B12: 0 | C12: 0 | D12: 0 | E12: 0 | F12: 0.64536055 | G12: 0.80597089 | H12: 2.4504679 | I12: 2.3875844 | J12: 2.3530352 | K12: 2.1763139 | L12: 1.2798346 | M12: 1.1338051 | N12: 0.74692553 | O12: 0.2173038 | P12: 0.12381034 | Q12: 0.12381034 | R12: 0.31152068 | S12: 0 | T12: 0 | U12: 0 | V12: 0 | W12: 0.30733333 | X12: 0.30733333 | Y12: 0 | Z12: 1.9635069 | AA12: 0.25389511 | AB12: 0.10244444 | AC12: 0.77328214 | AD12: 0.64043375
A13: 970 - CX22 UNIVERSAL | B13: 0.14975211 | C13: 0 | D13: 0 | E13: 0 | F13: 0 | G13: 0 | H13: 0 | I13: 0 | J13: 0 | K13: 0 | L13: 0 | M13: 0.31501055 | N13: 0.39837278 | O13: 0 | P13: 0 | Q13: 0 | R13: 0 | S13: 0 | T13: 0 | U13: 0 | V13: 0 | W13: 0 | X13: 0 | Y13: 0 | Z13: 0.052501758 | AA13: 0.066395464 | AB13: 0 | AC13: 0.039632407 | AD13: 0.035963977
A14: 1010 - CX24 LA 1010 AM | B14: 0 | C14: 0 | D14: 0 | E14: 0 | F14: 0 | G14: 0 | H14: 0.26841561 | I14: 0.26841561 | J14: 0 | K14: 0 | L14: 0 | M14: 0.38302089 | N14: 0.78079662 | O14: 0.11136603 | P14: 0.11136603 | Q14: 0.20176878 | R14: 0.11136603 | S14: 1.1427217 | T14: 0.65403059 | U14: 0.39176561 | V14: 0 | W14: 0 | X14: 0 | Y14: 0 | Z14: 0.15330868 | AA14: 0.40989754 | AB14: 0.17429937 | AC14: 0.2458352 | AD14: 0.1843764
A15: 1050 - CX26 RADIO URUGUAY | B15: 0 | C15: 0 | D15: 0 | E15: 0 | F15: 0 | G15: 0 | H15: 0 | I15: 0 | J15: 0.090950633 | K15: 0.19437405 | L15: 0.090950633 | M15: 0.090950633 | N15: 0.19437405 | O15: 0.44498544 | P15: 0.44498544 | Q15: 0.19437405 | R15: 0 | S15: 0.21961203 | T15: 0 | U15: 0 | V15: 0 | W15: 0 | X15: 0 | Y15: 0 | Z15: 0.077870992 | AA15: 0.24972184 | AB15: 0 | AC15: 0.10919761 | AD15: 0.081898207
... A30: RATING GENERAL | B30: 1.8123105 | C30: 1.3427196 | D30: 0.79780675 | E30: 0.13942932 | F30: 2.7615211 | G30: 10.103261 | H30: 25.176368 | I30: 39.554314 | J30: 45.930423 | K30: 42.979534 | L30: 38.780831 | M30: 34.345578 | N30: 27.359974 | O30: 27.762431 | P30: 29.170162 | Q30: 29.570173 | R30: 20.237215 | S30: 20.07202 | T30: 14.876108 | U30: 9.5313194 | V30: 5.9457907 | W30: 5.8859331 | X30: 3.5795677 | Y30: 0 | Z30: 37.794508 | AA30: 25.695329 | AB30: 6.6364532 | AC30: 23.37543 | AD30: 18.238116
A32: CUADRO 14: RESUMEN DE RATING POR HORA - SEGMENTO ABC1 | FM | SABADO A DOMINGO
A33: RADIOS | B33: HORAS | Z33: PROMEDIO
B34: 00:00 - 00:59 | C34: 01:00 - 01:59 | D34: 02:00 - 02:59 | E34: 03:00 - 03:59 | F34: 04:00 - 04:59 | G34: 05:00 - 05:59 | H34: 06:00 - 06:59 | I34: 07:00 - 07:59 | J34: 08:00 - 08:59 | K34: 09:00 - 09:59 | L34: 10:00 - 10:59 | M34: 11:00 - 11:59 | N34: 12:00 - 12:59 | O34: 13:00 - 13:59 | P34: 14:00 - 14:59 | Q34: 15:00 - 15:59 | R34: 16:00 - 16:59 | S34: 17:00 - 17:59 | T34: 18:00 - 18:59 | U34: 19:00 - 19:59 | V34: 20:00 - 20:59 | W34: 21:00 - 21:59 | X34: 22:00 - 22:59 | Y34: 23:00 - 23:59 | Z34: 06:00 - 11:59 | AA34: 12:00 - 17:59 | AB34: 18:00 - 23:59 | AC34: 06:00 - 23:59 | AD34: 00:00 - 24:00
A35: 88.3 - LACOSTA | B35: 0 | C35: 0 | D35: 0 | E35: 0 | F35: 0 | G35: 0.34136477 | H35: 0.34136477 | I35: 0.24313692 | J35: 0.24313692 | K35: 0.24313692 | L35: 0.57031751 | M35: 0 | N35: 0.18511646 | O35: 0 | P35: 0.13810021 | Q35: 0.64502447 | R35: 0.64502447 | S35: 0.79020021 | T35: 0.75803481 | U35: 0 | V35: 0 | W35: 1.082177 | X35: 0 | Y35: 0 | Z35: 0.27351551 | AA35: 0.40057764 | AB35: 0.30670197 | AC35: 0.3269317 | AD35: 0.25942231
A36: 90.3 - FM HIT (OLDIES) | B36: 0.40245844 | C36: 0 | D36: 0 | E36: 0 | F36: 0 | G36: 0 | H36: 0.62090992 | I36: 0.81926224 | J36: 0.90134979 | K36: 1.1298198 | L36: 0.33621245 | M36: 0.12297595 | N36: 0.44323523 | O36: 1.1048124 | P36: 1.4122268 | Q36: 0.79113333 | R36: 0.79863143 | S36: 0.20928544 | T36: 0.43114367 | U36: 0.29181519 | V36: 0.23028861 | W36: 0.44061498 | X36: 0 | Y36: 0 | Z36: 0.65508836 | AA36: 0.79322078 | AB36: 0.23231041 | AC36: 0.56020652 | AD36: 0.43692399
A37: 91.1 - RADIO FUTURA | B37: 0 | C37: 0 | D37: 0 | E37: 0 | F37: 0 | G37: 0.98522342 | H37: 0.39200063 | I37: 0.14975211 | J37: 0.82618882 | K37: 0.85265591 | L37: 0.85265591 | M37: 1.3601669 | N37: 0.91143354 | O37: 0.75429051 | P37: 0.80739473 | Q37: 0.6567789 | R37: 0.53810759 | S37: 0.92816013 | T37: 0.22828291 | U37: 0.13810021 | V37: 0.13810021 | W37: 0 | X37: 0 | Y37: 0 | Z37: 0.73890338 | AA37: 0.76602757 | AB37: 0.084080556 | AC37: 0.5296705 | AD37: 0.43830385
A38: 91.9 - FM LIKE | B38: 0 | C38: 0 | D38: 0 | E38: 0 | F38: 0 | G38: 0.52855021 | H38: 0.52855021 | I38: 1.3202787 | J38: 0.312773 | K38: 0.97941793 | L38: 0.97941793 | M38: 1.1013768 | N38: 1.1784156 | O38: 0.96143608 | P38: 0.77691603 | Q38: 3.0643156 | R38: 0.76029578 | S38: 0.97531983 | T38: 1.0276508 | U38: 0.6912962 | V38: 0.55732911 | W38: 0.12646181 | X38: 0 | Y38: 0 | Z38: 0.87030243 | AA38: 1.2861165 | AB38: 0.40045633 | AC38: 0.85229175 | AD38: 0.66124174
A39: 92.5 - URBANA FM | B39: 0 | C39: 0 | D39: 0 | E39: 0 | F39: 0 | G39: 0 | H39: 0 | I39: 0.243277 | J39: 0.92736582 | K39: 0.92736582 | L39: 1.4704639 | M39: 1.2698586 | N39: 0.94397257 | O39: 0.83851603 | P39: 0.0901827 | Q39: 0.69955844 | R39: 0.60937574 | S39: 0.45409283 | T39: 0.062327215 | U39: 0 | V39: 0 | W39: 0 | X39: 0 | Y39: 0 | Z39: 0.80638854 | AA39: 0.60594972 | AB39: 0.010387869 | AC39: 0.47424204 | AD39: 0.35568153
A40: 93.1 - INOLVIDABLE | B40: 0 | C40: 0 | D40: 0 | E40: 0 | F40: 0 | G40: 0 | H40: 0 | I40: 0.26547722 | J40: 0.86882173 | K40: 0.86882173 | L40: 0.86882173 | M40: 0.86882173 | N40: 0.52844515 | O40: 0.50593481 | P40: 1.9139515 | Q40: 2.0733635 | R40: 0.53154367 | S40: 0.56787173 | T40: 1.0166669 | U40: 0.86262743 | V40: 0.23380464 | W40: 0.10238481 | X40: 0.10238481 | Y40: 0 | Z40: 0.62346069 | AA40: 1.0201851 | AB40: 0.38631143 | AC40: 0.67665239 | AD40: 0.50748929
A41: 93.9 - OCEANO | B41: 0 | C41: 0 | D41: 0 | E41: 0 | F41: 0 | G41: 0.090045781 | H41: 0.60340401 | I41: 0.60340401 | J41: 0.82284937 | K41: 1.258396 | L41: 1.1564154 | M41: 1.0400321 | N41: 0.96529367 | O41: 1.1068608 | P41: 0.93631519 | Q41: 0.64275781 | R41: 0.42331245 | S41: 0.42331245 | T41: 0.92962215 | U41: 0.41425527 | V41: 0.1519903 | W41: 0.085698101 | X41: 0 | Y41: 0 | Z41: 0.91408347 | AA41: 0.74964205 | AB41: 0.2635943 | AC41: 0.64243994 | AD41: 0.48558187
A42: 94.7 - DEL SUR | B42: 0 | C42: 0 | D42: 0 | E42: 0 | F42: 0 | G42: 0.14975211 | H42: 0.14975211 | I42: 0.43289451 | J42: 0.11618861 | K42: 0.18278122 | L42: 0.18278122 | M42: 0.18278122 | N42: 0.18278122 | O42: 0.18278122 | P42: 0.18278122 | Q42: 0.18278122 | R42: 0.18278122 | S42: 0.20928544 | T42: 0 | U42: 0 | V42: 0.14975211 | W42: 0.14975211 | X42: 0.14975211 | Y42: 0 | Z42: 0.20786315 | AA42: 0.18719859 | AB42: 0.074876055 | AC42: 0.15664593 | AD42: 0.12372412
A43: 95.5 - DEL PLATA | B43: 0 | C43: 0 | D43: 0 | E43: 0 | F43: 0 | G43: 0 | H43: 0.52914494 | I43: 0.93204937 | J43: 2.0880658 | K43: 2.0796348 | L43: 2.1244276 | M43: 1.5847698 | N43: 2.0644276 | O43: 2.2453806 | P43: 2.4888348 | Q43: 2.1605591 | R43: 2.4032842 | S43: 2.1633523 | T43: 1.7544762 | U43: 1.4436262 | V43: 0.77911203 | W43: 0.5308692 | X43: 0.15491983 | Y43: 0 | Z43: 1.5563487 | AA43: 2.2543064 | AB43: 0.77716723 | AC43: 1.5292741 | AD43: 1.1469556
A44: 96.3 - ALFA | B44: 0 | C44: 0 | D44: 0 | E44: 0 | F44: 0 | G44: 0 | H44: 0 | I44: 0 | J44: 0 | K44: 0 | L44: 0 | M44: 0 | N44: 0 | O44: 0 | P44: 0 | Q44: 0 | R44: 0 | S44: 0 | T44: 0.10890949 | U44: 0 | V44: 0 | W44: 0 | X44: 0 | Y44: 0 | Z44: 0 | AA44: 0 | AB44: 0.018151582 | AC44: 0.0060505274 | AD44: 0.0045378956
A45: 97.1 - BABEL | B45: 0 | C45: 0 | D45: 0 | E45: 0 | F45: 0 | G45: 0.14975211 | H45: 0.14975211 | I45: 0.23545021 | J45: 0.80925549 | K45: 1.1072411 | L45: 1.2788291 | M45: 0.86662785 | N45: 0.63726118 | O45: 0.17451287 | P45: 0.50823755 | Q45: 0.18639852 | R45: 0.18725907 | S45: 0.7140673 | T45: 1.5340118 | U45: 1.4142924 | V45: 0.63396055 | W45: 0.14975211 | X45: 0.14975211 | Y45: 0 | Z45: 0.74119265 | AA45: 0.40128942 | AB45: 0.6469615 | AC45: 0.59648119 | AD45: 0.45360056
A46: 97.9 - M24 | B46: 0 | C46: 0 | D46: 0 | E46: 0 | F46: 0.28889662 | G46: 0.53262068 | H46: 2.097165 | I46: 4.4830188 | J46: 3.2782821 | K46: 2.6587595 | L46: 2.8337462 | M46: 2.5585857 | N46: 0.68759557 | O46: 0.9416692 | P46: 1.0404194 | Q46: 0.67754072 | R46: 0.14885485 | S46: 0.14885485 | T46: 0.26921055 | U46: 0.25487405 | V46: 0.13451835 | W46: 0.13451835 | X46: 0 | Y46: 0 | Z46: 2.9849262 | AA46: 0.6074891 | AB46: 0.13218688 | AC46: 1.2415341 | AD46: 0.96538043
... A62: RATING GENERAL | B62: 1.8123105 | C62: 1.3427196 | D62: 0.79780675 | E62: 0.13942932 | F62: 2.7615211 | G62: 10.103261 | H62: 25.176368 | I62: 39.554314 | J62: 45.930423 | K62: 42.979534 | L62: 38.780831 | M62: 34.345578 | N62: 27.359974 | O62: 27.762431 | P62: 29.170162 | Q62: 29.570173 | R62: 20.237215 | S62: 20.07202 | T62: 14.876108 | U62: 9.5313194 | V62: 5.9457907 | W62: 5.8859331 | X62: 3.5795677 | Y62: 0 | Z62: 37.794508 | AA62: 25.695329 | AB62: 6.6364532 | AC62: 23.37543 | AD62: 18.238116

Sheet RatxLDxC2C3D1
A1: CUADRO 15: RESUMEN DE RATING POR HORA - SEGMENTO C2C3D1 | AM | LUNES A DOMINGO
A2: RADIOS | B2: HORAS | Z2: PROMEDIO
B3: 00:00 - 00:59 | C3: 01:00 - 01:59 | D3: 02:00 - 02:59 | E3: 03:00 - 03:59 | F3: 04:00 - 04:59 | G3: 05:00 - 05:59 | H3: 06:00 - 06:59 | I3: 07:00 - 07:59 | J3: 08:00 - 08:59 | K3: 09:00 - 09:59 | L3: 10:00 - 10:59 | M3: 11:00 - 11:59 | N3: 12:00 - 12:59 | O3: 13:00 - 13:59 | P3: 14:00 - 14:59 | Q3: 15:00 - 15:59 | R3: 16:00 - 16:59 | S3: 17:00 - 17:59 | T3: 18:00 - 18:59 | U3: 19:00 - 19:59 | V3: 20:00 - 20:59 | W3: 21:00 - 21:59 | X3: 22:00 - 22:59 | Y3: 23:00 - 23:59 | Z3: 06:00 - 11:59 | AA3: 12:00 - 17:59 | AB3: 18:00 - 23:59 | AC3: 06:00 - 23:59 | AD3: 00:00 - 24:00
A4: 610 - CX4 RURAL | B4: 0.23437875 | C4: 0.29566473 | D4: 0.29566473 | E4: 0 | F4: 0 | G4: 0.12177476 | H4: 0.21373047 | I4: 0.68154027 | J4: 0.86654512 | K4: 0.8239637 | L4: 0.63702962 | M4: 0.52400654 | N4: 0.37806582 | O4: 0.53299508 | P4: 0.53967407 | Q4: 0.53967407 | R4: 0.35377324 | S4: 0.35377324 | T4: 0.37806582 | U4: 0.39851987 | V4: 0.40738797 | W4: 0.70815484 | X4: 0.47845289 | Y4: 0.29059406 | Z4: 0.62446929 | AA4: 0.44965925 | AB4: 0.44352924 | AC4: 0.50588593 | AD4: 0.4188929
A5: 650 - CX6 CLÁSICA | B5: 0 | C5: 0.018812527 | D5: 0.018812527 | E5: 0 | F5: 0 | G5: 0 | H5: 0 | I5: 0.041522676 | J5: 0.041522676 | K5: 0 | L5: 0 | M5: 0 | N5: 0 | O5: 0 | P5: 0 | Q5: 0 | R5: 0 | S5: 0.041522676 | T5: 0 | U5: 0 | V5: 0 | W5: 0 | X5: 0.033263561 | Y5: 0.033263561 | Z5: 0.013840892 | AA5: 0.0069204461 | AB5: 0.011087854 | AC5: 0.010616397 | AD5: 0.0095300085
A6: 690 - CX8 SARANDI | B6: 0.069536178 | C6: 0.020520038 | D6: 0.020520038 | E6: 0 | F6: 0 | G6: 0.73271036 | H6: 2.4965913 | I6: 3.8128229 | J6: 3.0027796 | K6: 3.5982883 | L6: 2.0336937 | M6: 1.7627473 | N6: 0.76034709 | O6: 0.45036425 | P6: 0.59248555 | Q6: 0.55461745 | R6: 0.45549762 | S6: 0.58459116 | T6: 0.40865648 | U6: 0.34363684 | V6: 0.14853278 | W6: 0.18472986 | X6: 0.24875053 | Y6: 0.13679087 | Z6: 2.7844872 | AA6: 0.56631719 | AB6: 0.24518289 | AC6: 1.1986624 | AD6: 0.93413375
A7: 730 - CX10 CONTINENTE | B7: 0.15261673 | C7: 0.15261673 | D7: 0.15261673 | E7: 0.098826812 | F7: 0 | G7: 0 | H7: 0.0795343 | I7: 0.10823806 | J7: 0.18546874 | K7: 0.028703756 | L7: 0.012859401 | M7: 0.012859401 | N7: 0.012859401 | O7: 0.012859401 | P7: 0 | Q7: 0 | R7: 0.15676499 | S7: 0.15676499 | T7: 0.0795343 | U7: 0.11488053 | V7: 0.11488053 | W7: 0.0795343 | X7: 0 | Y7: 0 | Z7: 0.071277276 | AA7: 0.056541463 | AB7: 0.064804944 | AC7: 0.064207894 | AD7: 0.071350796
A8: 770 - CX12 ORIENTAL | B8: 0 | C8: 0 | D8: 0 | E8: 0.007084811 | F8: 0.007084811 | G8: 0.14590483 | H8: 0.064540647 | I8: 0.31974939 | J8: 0.35987167 | K8: 0.12993713 | L8: 0.26203787 | M8: 0.27533157 | N8: 0.3076358 | O8: 0.23479962 | P8: 0.23267473 | Q8: 0.44871937 | R8: 0.36110321 | S8: 0.3674768 | T8: 0.075978821 | U8: 0 | V8: 0 | W8: 0.057379368 | X8: 0.092225885 | Y8: 0.076091348 | Z8: 0.23524471 | AA8: 0.32540159 | AB8: 0.050279237 | AC8: 0.20364185 | AD8: 0.15940115
A9: 810 - CX14 EL ESPECTADOR | B9: 0.34676109 | C9: 0.28527319 | D9: 0 | E9: 0.1142145 | F9: 0 | G9: 0.034846518 | H9: 0.075736843 | I9: 0.45639712 | J9: 0.53623651 | K9: 0.67733318 | L9: 0.7026827 | M9: 0.63366953 | N9: 0.30741571 | O9: 0.54504642 | P9: 0.37197278 | Q9: 0.27286023 | R9: 0.66623024 | S9: 0.46285679 | T9: 0.033263561 | U9: 0.089738697 | V9: 0.05340145 | W9: 0.12990789 | X9: 0.056205063 | Y9: 0.27730877 | Z9: 0.51367598 | AA9: 0.43773036 | AB9: 0.10663757 | AC9: 0.3526813 | AD9: 0.29705662
A10: 850 - CX16 CARVE | B10: 0.22699463 | C10: 0.23886546 | D10: 0.23191892 | E10: 0.068649227 | F10: 0 | G10: 0.25879033 | H10: 1.207684 | I10: 1.6052461 | J10: 1.1913158 | K10: 0.51381405 | L10: 0.32140452 | M10: 0.27382318 | N10: 0.12466392 | O10: 0.16935945 | P10: 0.14865417 | Q10: 0.081 | R10: 0.081 | S10: 0.10170528 | T10: 0.041538388 | U10: 0.13115396 | V10: 0.17843934 | W10: 0.13128201 | X10: 0.11730951 | Y10: 0.2050368 | Z10: 0.85221459 | AA10: 0.11773047 | AB10: 0.13412667 | AC10: 0.36802391 | AD10: 0.31873537
A11: 890 - CX18 SPORT 890 | B11: 0.029080509 | C11: 0 | D11: 0.011475874 | E11: 0.010574661 | F11: 0 | G11: 0.070331281 | H11: 0.30361155 | I11: 1.4454333 | J11: 2.2924244 | K11: 1.7276042 | L11: 1.9487157 | M11: 1.5934047 | N11: 0.96660734 | O11: 1.1912764 | P11: 1.1672885 | Q11: 1.3319945 | R11: 1.3395074 | S11: 1.3798512 | T11: 1.0469149 | U11: 1.0988076 | V11: 0.62680314 | W11: 0.63721317 | X11: 0.4005054 | Y11: 0.22056831 | Z11: 1.5518657 | AA11: 1.2294209 | AB11: 0.67180208 | AC11: 1.1510295 | AD11: 0.86833309
A12: 930 - CX20 MONTECARLO | B12: 0.26505039 | C12: 0.23020387 | D12: 0.15731911 | E12: 0.17644364 | F12: 0.21032581 | G12: 0.73205275 | H12: 1.9914864 | I12: 3.0624653 | J12: 3.9561685 | K12: 5.8940666 | L12: 5.5693941 | M12: 5.1204656 | N12: 3.7525217 | O12: 3.3705011 | P12: 2.7511027 | Q12: 2.0419959 | R12: 1.8963958 | S12: 1.6444369 | T12: 1.2416965 | U12: 1.0167085 | V12: 0.71027644 | W12: 0.50429023 | X12: 0.080872665 | Y12: 0.12920231 | Z12: 4.2656744 | AA12: 2.576159 | AB12: 0.61384111 | AC12: 2.4852248 | AD12: 1.9377268
A13: 970 - CX22 UNIVERSAL | B13: 0.57140542 | C13: 0.10081949 | D13: 0.038189874 | E13: 0.062221298 | F13: 0.12276377 | G13: 0.063833468 | H13: 0.17422261 | I13: 0.55446696 | J13: 0.59949634 | K13: 0.49989439 | L13: 0.43449104 | M13: 0.45411101 | N13: 0.83071887 | O13: 0.8567014 | P13: 0.85201505 | Q13: 0.82577863 | R13: 1.047324 | S13: 0.8348257 | T13: 0.81479905 | U13: 0.68598807 | V13: 0.68598807 | W13: 0.68002227 | X13: 0.024292584 | Y13: 0 | Z13: 0.45278039 | AA13: 0.87456061 | AB13: 0.48184834 | AC13: 0.60306311 | AD13: 0.49226539
A14: 1010 - CX24 LA 1010 AM | B14: 0 | C14: 0 | D14: 0.034846518 | E14: 0 | F14: 0 | G14: 0.16869225 | H14: 0.23335182 | I14: 0.11724086 | J14: 0.15770932 | K14: 0.2806415 | L14: 0.27791845 | M14: 0.20446213 | N14: 0.20545434 | O14: 0.17888671 | P14: 0.3023676 | Q14: 0.17487825 | R14: 0.18575498 | S14: 0.19205833 | T14: 0.31100159 | U14: 0.1180817 | V14: 0 | W14: 0.041868647 | X14: 0 | Y14: 0 | Z14: 0.21188735 | AA14: 0.2065667 | AB14: 0.07849199 | AC14: 0.16564868 | AD14: 0.13271729
A15: 1050 - CX26 RADIO URUGUAY | B15: 0 | C15: 0 | D15: 0 | E15: 0 | F15: 0 | G15: 0 | H15: 0.041316591 | I15: 0.15127923 | J15: 0.14763356 | K15: 0.20680718 | L15: 0.24196164 | M15: 0.4030537 | N15: 0.2539241 | O15: 0.38417271 | P15: 0.11312838 | Q15: 0.04328783 | R15: 0.04328783 | S15: 0.10271117 | T15: 0.12595959 | U15: 0.04328783 | V15: 0.04328783 | W15: 0 | X15: 0 | Y15: 0 | Z15: 0.19867531 | AA15: 0.156752 | AB15: 0.035422542 | AC15: 0.13028329 | AD15: 0.097712465
... A30: RATING GENERAL | B30: 5.3821584 | C30: 3.3333215 | D30: 2.4203053 | E30: 2.1294039 | F30: 2.5853872 | G30: 5.984817 | H30: 13.568692 | I30: 27.877629 | J30: 38.498695 | K30: 50.334344 | L30: 53.708455 | M30: 52.308566 | N30: 44.022379 | O30: 43.010653 | P30: 41.488007 | Q30: 43.0418 | R30: 41.648454 | S30: 39.298033 | T30: 30.543274 | U30: 23.340642 | V30: 16.290506 | W30: 13.034347 | X30: 6.1317806 | Y30: 4.1421292 | Z30: 39.38273 | AA30: 42.084888 | AB30: 15.580446 | AC30: 32.349355 | AD30: 25.171824
A32: CUADRO 16: RESUMEN DE RATING POR HORA - SEGMENTO C2C3D1 | FM | LUNES A DOMINGO
A33: RADIOS | B33: HORAS | Z33: PROMEDIO
B34: 00:00 - 00:59 | C34: 01:00 - 01:59 | D34: 02:00 - 02:59 | E34: 03:00 - 03:59 | F34: 04:00 - 04:59 | G34: 05:00 - 05:59 | H34: 06:00 - 06:59 | I34: 07:00 - 07:59 | J34: 08:00 - 08:59 | K34: 09:00 - 09:59 | L34: 10:00 - 10:59 | M34: 11:00 - 11:59 | N34: 12:00 - 12:59 | O34: 13:00 - 13:59 | P34: 14:00 - 14:59 | Q34: 15:00 - 15:59 | R34: 16:00 - 16:59 | S34: 17:00 - 17:59 | T34: 18:00 - 18:59 | U34: 19:00 - 19:59 | V34: 20:00 - 20:59 | W34: 21:00 - 21:59 | X34: 22:00 - 22:59 | Y34: 23:00 - 23:59 | Z34: 06:00 - 11:59 | AA34: 12:00 - 17:59 | AB34: 18:00 - 23:59 | AC34: 06:00 - 23:59 | AD34: 00:00 - 24:00
A35: 88.3 - LACOSTA | B35: 0.10356354 | C35: 0.10356354 | D35: 0.10356354 | E35: 0.10356354 | F35: 0.17120319 | G35: 0.10356354 | H35: 0.013682149 | I35: 0.11370887 | J35: 0.52115748 | K35: 0.39194913 | L35: 0.31922624 | M35: 0.26957761 | N35: 0.25182377 | O35: 0.17427785 | P35: 0.21919981 | Q35: 0.177783 | R35: 0.2830768 | S35: 0.32308056 | T35: 0.45042318 | U35: 0.096203447 | V35: 0.31332039 | W35: 0.1969739 | X35: 0.16031419 | Y35: 0.021085619 | Z35: 0.27155025 | AA35: 0.23820696 | AB35: 0.20638679 | AC35: 0.23871467 | AD35: 0.2077452
A36: 90.3 - FM HIT (OLDIES) | B36: 0.12026751 | C36: 0.07571343 | D36: 0.07571343 | E36: 0.07571343 | F36: 0.23981612 | G36: 0.3276082 | H36: 0.17326943 | I36: 0.35967392 | J36: 0.43320777 | K36: 0.86945286 | L36: 1.0287043 | M36: 1.0377445 | N36: 0.94243763 | O36: 0.95071792 | P36: 1.1732476 | Q36: 0.76123765 | R36: 0.73280875 | S36: 0.45594792 | T36: 0.41808046 | U36: 0.34919156 | V36: 0.3646334 | W36: 0.35343461 | X36: 0.2217401 | Y36: 0.13750454 | Z36: 0.65034214 | AA36: 0.83606624 | AB36: 0.30743078 | AC36: 0.59794639 | AD36: 0.48657779
A37: 91.1 - RADIO FUTURA | B37: 0 | C37: 0 | D37: 0 | E37: 0 | F37: 0 | G37: 0.11161937 | H37: 0.34213373 | I37: 0.71081671 | J37: 0.75742455 | K37: 0.76492551 | L37: 1.3323013 | M37: 1.554051 | N37: 1.2394597 | O37: 1.1689143 | P37: 1.2474581 | Q37: 1.1027371 | R37: 0.97864783 | S37: 0.68265032 | T37: 0.69159225 | U37: 0.83511241 | V37: 0.85486313 | W37: 0.26248935 | X37: 0.040813834 | Y37: 0.040813834 | Z37: 0.91027546 | AA37: 1.0699779 | AB37: 0.4542808 | AC37: 0.81151139 | AD37: 0.61328435
A38: 91.9 - FM LIKE | B38: 0.016379201 | C38: 0.016379201 | D38: 0.016379201 | E38: 0.016379201 | F38: 0 | G38: 0 | H38: 0.041005657 | I38: 0.086931566 | J38: 1.174075 | K38: 1.8817722 | L38: 2.7722241 | M38: 2.8860754 | N38: 2.8584002 | O38: 2.8007488 | P38: 2.2421327 | Q38: 2.0269966 | R38: 2.0906127 | S38: 2.4559688 | T38: 2.0372919 | U38: 0.7204106 | V38: 0.41702888 | W38: 0.40800276 | X38: 0.24427228 | Y38: 0 | Z38: 1.4736807 | AA38: 2.4124766 | AB38: 0.6378344 | AC38: 1.5079972 | AD38: 1.1337278
A39: 92.5 - URBANA FM | B39: 0.032323247 | C39: 0 | D39: 0 | E39: 0 | F39: 0 | G39: 0 | H39: 0.036555622 | I39: 0.18705077 | J39: 0.83759035 | K39: 0.84112553 | L39: 1.075485 | M39: 1.1719625 | N39: 1.2625761 | O39: 1.0549558 | P39: 0.8197347 | Q39: 0.61791868 | R39: 0.997541 | S39: 0.92536052 | T39: 0.439898 | U39: 0.15416454 | V39: 0.086226171 | W39: 0.062467245 | X39: 0.11036339 | Y39: 0 | Z39: 0.69162829 | AA39: 0.94634779 | AB39: 0.14218656 | AC39: 0.59338755 | AD39: 0.44638746
A40: 93.1 - INOLVIDABLE | B40: 0.049556976 | C40: 0.049556976 | D40: 0 | E40: 0 | F40: 0.19453425 | G40: 0.037631091 | H40: 0.11630335 | I40: 1.4889967 | J40: 2.198037 | K40: 3.3875418 | L40: 4.0371396 | M40: 4.4185865 | N40: 4.1526121 | O40: 4.2919355 | P40: 4.6083063 | Q40: 4.7307607 | R40: 4.5063799 | S40: 4.1492068 | T40: 3.2885761 | U40: 2.3529579 | V40: 1.7104084 | W40: 1.2754557 | X40: 0.37330701 | Y40: 0.1228764 | Z40: 2.6077675 | AA40: 4.4065336 | AB40: 1.5205969 | AC40: 2.844966 | AD40: 2.1475278
A41: 93.9 - OCEANO | B41: 0 | C41: 0.018505847 | D41: 0 | E41: 0 | F41: 0.15137388 | G41: 0.15137388 | H41: 0.17514293 | I41: 0.28960796 | J41: 1.1142117 | K41: 1.1833319 | L41: 1.4167645 | M41: 1.576474 | N41: 1.223042 | O41: 1.6698634 | P41: 1.6794858 | Q41: 1.7049298 | R41: 1.5444345 | S41: 1.2341831 | T41: 0.72759589 | U41: 0.57156095 | V41: 0.059816924 | W41: 0 | X41: 0 | Y41: 0 | Z41: 0.9592555 | AA41: 1.5093231 | AB41: 0.22649563 | AC41: 0.89835808 | AD41: 0.68715412
A42: 94.7 - DEL SUR | B42: 0.098834062 | C42: 0 | D42: 0 | E42: 0 | F42: 0 | G42: 0 | H42: 0 | I42: 0 | J42: 0.013934348 | K42: 0.17335693 | L42: 0.0480512 | M42: 0.0480512 | N42: 0.21108819 | O42: 0.040384859 | P42: 0.18401353 | Q42: 0.30104616 | R42: 0.11892268 | S42: 0.15021374 | T42: 0.043578607 | U42: 0.082324198 | V42: 0.20170354 | W42: 0.1422141 | X42: 0.11898367 | Y42: 0.11898367 | Z42: 0.04723228 | AA42: 0.16761152 | AB42: 0.11796463 | AC42: 0.11093614 | AD42: 0.087320195
A43: 95.5 - DEL PLATA | B43: 0.35145641 | C43: 0 | D43: 0 | E43: 0.065628262 | F43: 0.065628262 | G43: 0.21650782 | H43: 0.36133927 | I43: 0.60832584 | J43: 1.4540555 | K43: 2.2637971 | L43: 2.9608702 | M43: 3.149089 | N43: 3.1351609 | O43: 2.9357171 | P43: 2.6592707 | Q43: 2.6672958 | R43: 2.1735063 | S43: 1.8783625 | T43: 1.7429795 | U43: 1.905367 | V43: 1.1675301 | W43: 1.0086878 | X43: 0.42972239 | Y43: 0.15396408 | Z43: 1.7995795 | AA43: 2.5748856 | AB43: 1.0680418 | AC43: 1.814169 | AD43: 1.3897609
A44: 96.3 - ALFA | B44: 0 | C44: 0 | D44: 0 | E44: 0 | F44: 0 | G44: 0 | H44: 0 | I44: 0 | J44: 0.071493653 | K44: 0.18786413 | L44: 0.25242551 | M44: 0.34066499 | N44: 0.3999811 | O44: 0.26528029 | P44: 0.22999451 | Q44: 0.20770026 | R44: 0.21478507 | S44: 0.29468541 | T44: 0.17863292 | U44: 0 | V44: 0.050249299 | W44: 0 | X44: 0 | Y44: 0 | Z44: 0.14207471 | AA44: 0.26873777 | AB44: 0.038147037 | AC44: 0.14965317 | AD44: 0.11223988
A45: 97.1 - BABEL | B45: 0.12374314 | C45: 0.12374314 | D45: 0.10387533 | E45: 0.085183052 | F45: 0.085183052 | G45: 0.14495857 | H45: 0.18096648 | I45: 0.54108735 | J45: 0.6363125 | K45: 0.942531 | L45: 0.97735467 | M45: 0.80263204 | N45: 0.97736092 | O45: 1.0025275 | P45: 0.83369762 | Q45: 0.49425874 | R45: 0.44712546 | S45: 0.45108686 | T45: 0.36004592 | U45: 0.44972056 | V45: 0.46683951 | W45: 0.2178136 | X45: 0.17584402 | Y45: 0.22517014 | Z45: 0.68014734 | AA45: 0.70100951 | AB45: 0.31590563 | AC45: 0.56568749 | AD45: 0.45204421
A46: 97.9 - M24 | B46: 0.076789636 | C46: 0.044466389 | D46: 0.044466389 | E46: 0 | F46: 0.01482213 | G46: 0.088001046 | H46: 0.44141614 | I46: 0.66219422 | J46: 0.50757026 | K46: 0.67457369 | L46: 0.67339125 | M46: 0.66524359 | N46: 0.61590796 | O46: 0.61087409 | P46: 0.45451462 | Q46: 0.20112429 | R46: 0.30414105 | S46: 0.20278277 | T46: 0.29662966 | U46: 0.20615234 | V46: 0.01482213 | W46: 0.052679938 | X46: 0.052679938 | Y46: 0.16262646 | Z46: 0.60406486 | AA46: 0.39822413 | AB46: 0.13093174 | AC46: 0.37774025 | AD46: 0.29449458
... A62: RATING GENERAL | B62: 5.3821584 | C62: 3.3333215 | D62: 2.4203053 | E62: 2.1294039 | F62: 2.5853872 | G62: 5.984817 | H62: 13.568692 | I62: 27.877629 | J62: 38.498695 | K62: 50.334344 | L62: 53.708455 | M62: 52.308566 | N62: 44.022379 | O62: 43.010653 | P62: 41.488007 | Q62: 43.0418 | R62: 41.648454 | S62: 39.298033 | T62: 30.543274 | U62: 23.340642 | V62: 16.290506 | W62: 13.034347 | X62: 6.1317806 | Y62: 4.1421292 | Z62: 39.38273 | AA62: 42.084888 | AB62: 15.580446 | AC62: 32.349355 | AD62: 25.171824

Sheet RatxLVxC2C3D1
A1: CUADRO 17: RESUMEN DE RATING POR HORA - SEGMENTO C2C3D1 | AM | LUNES A VIERNES
A2: RADIOS | B2: HORAS | Z2: PROMEDIO
B3: 00:00 - 00:59 | C3: 01:00 - 01:59 | D3: 02:00 - 02:59 | E3: 03:00 - 03:59 | F3: 04:00 - 04:59 | G3: 05:00 - 05:59 | H3: 06:00 - 06:59 | I3: 07:00 - 07:59 | J3: 08:00 - 08:59 | K3: 09:00 - 09:59 | L3: 10:00 - 10:59 | M3: 11:00 - 11:59 | N3: 12:00 - 12:59 | O3: 13:00 - 13:59 | P3: 14:00 - 14:59 | Q3: 15:00 - 15:59 | R3: 16:00 - 16:59 | S3: 17:00 - 17:59 | T3: 18:00 - 18:59 | U3: 19:00 - 19:59 | V3: 20:00 - 20:59 | W3: 21:00 - 21:59 | X3: 22:00 - 22:59 | Y3: 23:00 - 23:59 | Z3: 06:00 - 11:59 | AA3: 12:00 - 17:59 | AB3: 18:00 - 23:59 | AC3: 06:00 - 23:59 | AD3: 00:00 - 24:00
A4: 610 - CX4 RURAL | B4: 0.27576469 | C4: 0.32516479 | D4: 0.32516479 | E4: 0 | F4: 0 | G4: 0.10246542 | H4: 0.17667201 | I4: 0.70666456 | J4: 0.87841344 | K4: 0.92390433 | L4: 0.68772349 | M4: 0.60866799 | N4: 0.40435098 | O4: 0.62125195 | P4: 0.58543534 | Q4: 0.58543534 | R4: 0.37034136 | S4: 0.37034136 | T4: 0.37034136 | U4: 0.43298666 | V4: 0.37034136 | W4: 0.61570286 | X4: 0.50836386 | Y4: 0.2453615 | Z4: =+AVERAGE(H4:M4) -> 0.6636743 | AA4: =+AVERAGE(N4:S4) -> 0.48952606 | AB4: =+AVERAGE(T4:Y4) -> 0.4238496 | AC4: =+AVERAGE(H4:Y4) -> 0.52568332 | AD4: =+AVERAGE(B4:Y4) -> 0.43711914
A5: 650 - CX6 CLÁSICA | B5: 0 | C5: 0 | D5: 0 | E5: 0 | F5: 0 | G5: 0 | H5: 0 | I5: 0.058131747 | J5: 0.058131747 | K5: 0 | L5: 0 | M5: 0 | N5: 0 | O5: 0 | P5: 0 | Q5: 0 | R5: 0 | S5: 0.058131747 | T5: 0 | U5: 0 | V5: 0 | W5: 0 | X5: 0.046568985 | Y5: 0.046568985 | Z5: =+AVERAGE(H5:M5) -> 0.019377249 | AA5: =+AVERAGE(N5:S5) -> 0.0096886245 | AB5: =+AVERAGE(T5:Y5) -> 0.015522995 | AC5: =+AVERAGE(H5:Y5) -> 0.014862956 | AD5: =+AVERAGE(B5:Y5) -> 0.011147217
A6: 690 - CX8 SARANDI | B6: 0.068622596 | C6: 0 | D6: 0 | E6: 0 | F6: 0 | G6: 0.80432882 | H6: 2.7300668 | I6: 3.7524597 | J6: 2.8647588 | K6: 3.5285375 | L6: 2.1175843 | M6: 1.9025843 | N6: 0.80660436 | O6: 0.39806536 | P6: 0.54037431 | Q6: 0.39194712 | R6: 0.26582596 | S6: 0.33508845 | T6: 0.35515671 | U6: 0.27775428 | V6: 0.077312479 | W6: 0.046568985 | X6: 0.16906366 | Y6: 0.046364592 | Z6: =+AVERAGE(H6:M6) -> 2.8159986 | AA6: =+AVERAGE(N6:S6) -> 0.45631759 | AB6: =+AVERAGE(T6:Y6) -> 0.16203678 | AC6: =+AVERAGE(H6:Y6) -> 1.1447843 | AD6: =+AVERAGE(B6:Y6) -> 0.89496121
A7: 730 - CX10 CONTINENTE | B7: 0.21366343 | C7: 0.21366343 | D7: 0.21366343 | E7: 0.13835754 | F7: 0 | G7: 0 | H7: 0.092790017 | I7: 0.092790017 | J7: 0.092790017 | K7: 0 | L7: 0.018003161 | M7: 0.018003161 | N7: 0.018003161 | O7: 0.018003161 | P7: 0 | Q7: 0 | R7: 0.092790017 | S7: 0.092790017 | T7: 0.092790017 | U7: 0.14227474 | V7: 0.14227474 | W7: 0.092790017 | X7: 0 | Y7: 0 | Z7: =+AVERAGE(H7:M7) -> 0.052396062 | AA7: =+AVERAGE(N7:S7) -> 0.036931059 | AB7: =+AVERAGE(T7:Y7) -> 0.07835492 | AC7: =+AVERAGE(H7:Y7) -> 0.055894014 | AD7: =+AVERAGE(B7:Y7) -> 0.074393336
A8: 770 - CX12 ORIENTAL | B8: 0 | C8: 0 | D8: 0 | E8: 0 | F8: 0 | G8: 0.1702223 | H8: 0.058153744 | I8: 0.38391671 | J8: 0.47229105 | K8: 0.18191198 | L8: 0.31314413 | M8: 0.33175531 | N8: 0.41072319 | O8: 0.30796849 | P8: 0.27538459 | Q8: 0.48854453 | R8: 0.3658819 | S8: 0.40441398 | T8: 0.10637035 | U8: 0 | V8: 0 | W8: 0.064264892 | X8: 0.11305002 | Y8: 0.10652789 | Z8: =+AVERAGE(H8:M8) -> 0.29019549 | AA8: =+AVERAGE(N8:S8) -> 0.37548611 | AB8: =+AVERAGE(T8:Y8) -> 0.065035524 | AC8: =+AVERAGE(H8:Y8) -> 0.24357237 | AD8: =+AVERAGE(B8:Y8) -> 0.18977188
A9: 810 - CX14 EL ESPECTADOR | B9: 0.39374416 | C9: 0.35699295 | D9: 0 | E9: 0.12540133 | F9: 0 | G9: 0.048785125 | H9: 0.10603158 | I9: 0.57256359 | J9: 0.61440176 | K9: 0.81809381 | L9: 0.7676226 | M9: 0.67522666 | N9: 0.34299923 | O9: 0.56265794 | P9: 0.42949448 | Q9: 0.29073691 | R9: 0.68762409 | S9: 0.44788988 | T9: 0.046568985 | U9: 0.078687088 | V9: 0 | W9: 0.10042499 | X9: 0.078687088 | Y9: 0.22899275 | Z9: =+AVERAGE(H9:M9) -> 0.59232333 | AA9: =+AVERAGE(N9:S9) -> 0.46023375 | AB9: =+AVERAGE(T9:Y9) -> 0.088893483 | AC9: =+AVERAGE(H9:Y9) -> 0.38048352 | AD9: =+AVERAGE(B9:Y9) -> 0.32390112
A10: 850 - CX16 CARVE | B10: 0.21297564 | C10: 0.23033155 | D10: 0.21068765 | E10: 0.021048286 | F10: 0 | G10: 0.28900316 | H10: 1.4424973 | I10: 1.831745 | J10: 1.2849583 | K10: 0.57891341 | L10: 0.36324895 | M10: 0.30370646 | N10: 0.10608702 | O10: 0.20837517 | P10: 0.10608702 | Q10: 0.011371181 | R10: 0.011371181 | S10: 0.11365933 | T10: 0.058153744 | U10: 0.12504273 | V10: 0.19124226 | W10: 0.1547582 | X10: 0.13519671 | Y10: 0.25801491 | Z10: =+AVERAGE(H10:M10) -> 0.96751156 | AA10: =+AVERAGE(N10:S10) -> 0.092825153 | AB10: =+AVERAGE(T10:Y10) -> 0.15373476 | AC10: =+AVERAGE(H10:Y10) -> 0.40469049 | AD10: =+AVERAGE(B10:Y10) -> 0.34368646
A11: 890 - CX18 SPORT 890 | B11: 0.040712712 | C11: 0 | D11: 0.016066223 | E11: 0.014804526 | F11: 0 | G11: 0.098463794 | H11: 0.42505617 | I11: 1.6071925 | J11: 2.6283219 | K11: 1.9536111 | L11: 2.2383318 | M11: 1.710426 | N11: 1.0950708 | O11: 1.371636 | P11: 1.2408192 | Q11: 1.5312665 | R11: 1.5499962 | S11: 1.630475 | T11: 1.189311 | U11: 1.1842146 | V11: 0.63238612 | W11: 0.64303507 | X11: 0.48710429 | Y11: 0.2512586 | Z11: =+AVERAGE(H11:M11) -> 1.7604899 | AA11: =+AVERAGE(N11:S11) -> 1.4032106 | AB11: =+AVERAGE(T11:Y11) -> 0.73121829 | AC11: =+AVERAGE(H11:Y11) -> 1.2983063 | AD11: =+AVERAGE(B11:Y11) -> 0.98081502
A12: 930 - CX20 MONTECARLO | B12: 0.33643488 | C12: 0.28764975 | D12: 0.18561108 | E12: 0.18561108 | F12: 0.23304612 | G12: 0.731762 | H12: 1.9433819 | I12: 3.5128982 | J12: 4.1549856 | K12: 6.31569 | L12: 5.7133982 | M12: 5.2763544 | N12: 4.1153327 | O12: 3.5708449 | P12: 2.818933 | Q12: 2.0805529 | R12: 1.9963821 | S12: 1.7665069 | T12: 1.3925738 | U12: 1.241187 | V12: 0.83550765 | W12: 0.54685098 | X12: 0.073036473 | Y12: 0.13077923 | Z12: =+AVERAGE(H12:M12) -> 4.4861181 | AA12: =+AVERAGE(N12:S12) -> 2.7247588 | AB12: =+AVERAGE(T12:Y12) -> 0.70332252 | AC12: =+AVERAGE(H12:Y12) -> 2.6380664 | AD12: =+AVERAGE(B12:Y12) -> 2.0602213
A13: 970 - CX22 UNIVERSAL | B13: 0.70436978 | C13: 0.0942002 | D13: 0 | E13: 0.058073211 | F13: 0.074139434 | G13: 0.074139434 | H13: 0.24391165 | I13: 0.65131258 | J13: 0.61646263 | K13: 0.49704389 | L13: 0.4054792 | M13: 0.44286589 | N13: 0.78000775 | O13: 0.81638329 | P13: 0.69379098 | Q13: 0.74925105 | R13: 0.9765584 | S13: 0.74613947 | T13: 0.7280209 | U13: 0.64197141 | V13: 0.64197141 | W13: 0.67598103 | X13: 0.034009617 | Y13: 0 | Z13: =+AVERAGE(H13:M13) -> 0.47617931 | AA13: =+AVERAGE(N13:S13) -> 0.79368849 | AB13: =+AVERAGE(T13:Y13) -> 0.45365906 | AC13: =+AVERAGE(H13:Y13) -> 0.57450895 | AD13: =+AVERAGE(B13:Y13) -> 0.47275347
A14: 1010 - CX24 LA 1010 AM | B14: 0 | C14: 0 | D14: 0.048785125 | E14: 0 | F14: 0 | G14: 0.23616915 | H14: 0.32669255 | I14: 0.1641372 | J14: 0.14960899 | K14: 0.21037507 | L14: 0.2065628 | M14: 0.2065628 | N14: 0.11734093 | O14: 0.080146256 | P14: 0.29863414 | Q14: 0.17239181 | R14: 0.18761923 | S14: 0.19644393 | T14: 0.26824785 | U14: 0.070597737 | V14: 0 | W14: 0.058616106 | X14: 0 | Y14: 0 | Z14: =+AVERAGE(H14:M14) -> 0.21065657 | AA14: =+AVERAGE(N14:S14) -> 0.17542938 | AB14: =+AVERAGE(T14:Y14) -> 0.066243616 | AC14: =+AVERAGE(H14:Y14) -> 0.15077652 | AD14: =+AVERAGE(B14:Y14) -> 0.12495549
A15: 1050 - CX26 RADIO URUGUAY | B15: 0 | C15: 0 | D15: 0 | E15: 0 | F15: 0 | G15: 0 | H15: 0.057843228 | I15: 0.084212879 | J15: 0.079108952 | K15: 0.14048546 | L15: 0.1897017 | M15: 0.4162021 | N15: 0.3066777 | O15: 0.47607551 | P15: 0.12197947 | Q15: 0.060602962 | R15: 0.060602962 | S15: 0.1174581 | T15: 0.17634343 | U15: 0.060602962 | V15: 0.060602962 | W15: 0 | X15: 0 | Y15: 0 | Z15: =+AVERAGE(H15:M15) -> 0.16125905 | AA15: =+AVERAGE(N15:S15) -> 0.19056612 | AB15: =+AVERAGE(T15:Y15) -> 0.049591559 | AC15: =+AVERAGE(H15:Y15) -> 0.13380558 | AD15: =+AVERAGE(B15:Y15) -> 0.10035418
... A30: RATING GENERAL | B30: 6.3398943 | C30: 3.7407067 | D30: 2.7003154 | E30: 2.2734506 | F30: 2.8585548 | G30: 6.7313571 | H30: 14.889009 | I30: 30.002825 | J30: 40.900514 | K30: 53.77401 | L30: 57.120519 | M30: 54.713877 | N30: 46.242031 | O30: 45.094452 | P30: 43.416798 | Q30: 45.18233 | R30: 43.441383 | S30: 41.390557 | T30: 31.557975 | U30: 24.460422 | V30: 17.063583 | W30: 13.104618 | X30: 6.116094 | Y30: 4.1431515 | Z30: =+AVERAGE(H30:M30) -> 41.900126 | AA30: =+AVERAGE(N30:S30) -> 44.127925 | AB30: =+AVERAGE(T30:Y30) -> 16.074307 | AC30: =+AVERAGE(H30:Y30) -> 34.034119 | AD30: =+AVERAGE(B30:Y30) -> 26.552434
A32: CUADRO 18: RESUMEN DE RATING POR HORA - SEGMENTO C2C3D1 | FM | LUNES A VIERNES
A33: RADIOS | B33: HORAS | Z33: PROMEDIO
B34: 00:00 - 00:59 | C34: 01:00 - 01:59 | D34: 02:00 - 02:59 | E34: 03:00 - 03:59 | F34: 04:00 - 04:59 | G34: 05:00 - 05:59 | H34: 06:00 - 06:59 | I34: 07:00 - 07:59 | J34: 08:00 - 08:59 | K34: 09:00 - 09:59 | L34: 10:00 - 10:59 | M34: 11:00 - 11:59 | N34: 12:00 - 12:59 | O34: 13:00 - 13:59 | P34: 14:00 - 14:59 | Q34: 15:00 - 15:59 | R34: 16:00 - 16:59 | S34: 17:00 - 17:59 | T34: 18:00 - 18:59 | U34: 19:00 - 19:59 | V34: 20:00 - 20:59 | W34: 21:00 - 21:59 | X34: 22:00 - 22:59 | Y34: 23:00 - 23:59 | Z34: 06:00 - 11:59 | AA34: 12:00 - 17:59 | AB34: 18:00 - 23:59 | AC34: 06:00 - 23:59 | AD34: 00:00 - 24:00
A35: 88.3 - LACOSTA | B35: 0.14498895 | C35: 0.14498895 | D35: 0.14498895 | E35: 0.14498895 | F35: 0.22074536 | G35: 0.14498895 | H35: 0.019155008 | I35: 0.10981681 | J35: 0.3816408 | K35: 0.36671131 | L35: 0.24974552 | M35: 0.22639108 | N35: 0.3051599 | O35: 0.19659561 | P35: 0.20325554 | Q35: 0.18915574 | R35: 0.25131857 | S35: 0.25993045 | T35: 0.25993045 | U35: 0.087291448 | V35: 0.31785158 | W35: 0.10508067 | X35: 0.053757072 | Y35: 0.029519867 | Z35: =+AVERAGE(H35:M35) -> 0.22557676 | AA35: =+AVERAGE(N35:S35) -> 0.23423597 | AB35: =+AVERAGE(T35:Y35) -> 0.14223851 | AC35: =+AVERAGE(H35:Y35) -> 0.20068375 | AD35: =+AVERAGE(B35:Y35) -> 0.18991656
A36: 90.3 - FM HIT (OLDIES) | B36: 0.1059988 | C36: 0.1059988 | D36: 0.1059988 | E36: 0.1059988 | F36: 0.31232156 | G36: 0.43523048 | H36: 0.21915621 | I36: 0.35550652 | J36: 0.47827488 | K36: 0.86839501 | L36: 1.1592151 | M36: 1.0784926 | N36: 1.0853308 | O36: 1.0294053 | P36: 1.1264251 | Q36: 0.73881517 | R36: 0.67886333 | S36: 0.52206043 | T36: 0.48713155 | U36: 0.34276316 | V36: 0.4430817 | W36: 0.33451867 | X36: 0.22387607 | Y36: 0.17335135 | Z36: =+AVERAGE(H36:M36) -> 0.69317339 | AA36: =+AVERAGE(N36:S36) -> 0.86348336 | AB36: =+AVERAGE(T36:Y36) -> 0.33412042 | AC36: =+AVERAGE(H36:Y36) -> 0.63025906 | AD36: =+AVERAGE(B36:Y36) -> 0.52150876
A37: 91.1 - RADIO FUTURA | B37: 0 | C37: 0 | D37: 0 | E37: 0 | F37: 0 | G37: 0.058116473 | H37: 0.33256116 | I37: 0.76813671 | J37: 0.88658007 | K37: 0.77722456 | L37: 1.4508627 | M37: 1.6243468 | N37: 1.3270014 | O37: 1.1534904 | P37: 1.2961758 | Q37: 1.1152638 | R37: 1.0010101 | S37: 0.70552386 | T37: 0.77879311 | U37: 0.8294426 | V37: 0.81822329 | W37: 0.15710216 | X37: 0.031231181 | Y37: 0.031231181 | Z37: =+AVERAGE(H37:M37) -> 0.97328533 | AA37: =+AVERAGE(N37:S37) -> 1.0997442 | AB37: =+AVERAGE(T37:Y37) -> 0.44100392 | AC37: =+AVERAGE(H37:Y37) -> 0.83801116 | AD37: =+AVERAGE(B37:Y37) -> 0.63092989
A38: 91.9 - FM LIKE | B38: 0 | C38: 0 | D38: 0 | E38: 0 | F38: 0 | G38: 0 | H38: 0.05740792 | I38: 0.12170419 | J38: 1.1683303 | K38: 1.9735262 | L38: 2.9012538 | M38: 3.0360873 | N38: 3.0234553 | O38: 2.9722253 | P38: 2.5072085 | Q38: 2.2390052 | R38: 2.3280678 | S38: 2.4879172 | T38: 1.9944326 | U38: 0.74178023 | V38: 0.5070978 | W38: 0.49446123 | X38: 0.29458782 | Y38: 0 | Z38: =+AVERAGE(H38:M38) -> 1.5430516 | AA38: =+AVERAGE(N38:S38) -> 2.5929799 | AB38: =+AVERAGE(T38:Y38) -> 0.67205995 | AC38: =+AVERAGE(H38:Y38) -> 1.6026971 | AD38: =+AVERAGE(B38:Y38) -> 1.2020229
A39: 92.5 - URBANA FM | B39: 0.045252546 | C39: 0 | D39: 0 | E39: 0 | F39: 0 | G39: 0 | H39: 0.05117787 | I39: 0.22697295 | J39: 0.89773471 | K39: 0.90822952 | L39: 1.19303 | M39: 1.1668981 | N39: 1.2487782 | O39: 1.0680661 | P39: 0.86127005 | Q39: 0.56176326 | R39: 0.93702815 | S39: 0.90303008 | T39: 0.4824599 | U39: 0.1864811 | V39: 0.12071664 | W39: 0.087454143 | X39: 0.087454143 | Y39: 0 | Z39: =+AVERAGE(H39:M39) -> 0.74067386 | AA39: =+AVERAGE(N39:S39) -> 0.9299893 | AB39: =+AVERAGE(T39:Y39) -> 0.16076099 | AC39: =+AVERAGE(H39:Y39) -> 0.61047471 | AD39: =+AVERAGE(B39:Y39) -> 0.45974156
A40: 93.1 - INOLVIDABLE | B40: 0.050440666 | C40: 0.050440666 | D40: 0 | E40: 0 | F40: 0.19118512 | G40: 0 | H40: 0.096962496 | I40: 1.489312 | J40: 2.1910093 | K40: 3.3919831 | L40: 4.0838765 | M40: 4.2496644 | N40: 4.1824562 | O40: 4.4016128 | P40: 4.8764696 | Q40: 4.7748167 | R40: 4.6425061 | S40: 4.2254119 | T40: 3.0336958 | U40: 2.2893102 | V40: 1.8706321 | W40: 1.4576036 | X40: 0.2846374 | Y40: 0.10131404 | Z40: =+AVERAGE(H40:M40) -> 2.5838013 | AA40: =+AVERAGE(N40:S40) -> 4.5172122 | AB40: =+AVERAGE(T40:Y40) -> 1.5061989 | AC40: =+AVERAGE(H40:Y40) -> 2.8690708 | AD40: =+AVERAGE(B40:Y40) -> 2.1639725
A41: 93.9 - OCEANO | B41: 0 | C41: 0.025908186 | D41: 0 | E41: 0 | F41: 0.17972027 | G41: 0.17972027 | H41: 0.18271983 | I41: 0.3065797 | J41: 1.1965043 | K41: 1.2932726 | L41: 1.4471301 | M41: 1.58485 | N41: 1.134968 | O41: 1.7723249 | P41: 1.8773001 | Q41: 1.9988602 | R41: 1.6854128 | S41: 1.3093192 | T41: 0.72241428 | U41: 0.54206403 | V41: 0 | W41: 0 | X41: 0 | Y41: 0 | Z41: =+AVERAGE(H41:M41) -> 1.0018428 | AA41: =+AVERAGE(N41:S41) -> 1.6296975 | AB41: =+AVERAGE(T41:Y41) -> 0.21074638 | AC41: =+AVERAGE(H41:Y41) -> 0.94742889 | AD41: =+AVERAGE(B41:Y41) -> 0.72662787
A42: 94.7 - DEL SUR | B42: 0.13836769 | C42: 0 | D42: 0 | E42: 0 | F42: 0 | G42: 0 | H42: 0 | I42: 0 | J42: 0.019508087 | K42: 0.2426997 | L42: 0.067271681 | M42: 0.067271681 | N42: 0.22684855 | O42: 0.056538802 | P42: 0.18894403 | Q42: 0.38464742 | R42: 0.15042552 | S42: 0.12987245 | T42: 0.040259068 | U42: 0.094502895 | V42: 0.26163398 | W42: 0.16325461 | X42: 0.13073201 | Y42: 0.13073201 | Z42: =+AVERAGE(H42:M42) -> 0.066125191 | AA42: =+AVERAGE(N42:S42) -> 0.18954613 | AB42: =+AVERAGE(T42:Y42) -> 0.13685243 | AC42: =+AVERAGE(H42:Y42) -> 0.13084125 | AD42: =+AVERAGE(B42:Y42) -> 0.10389626
A43: 95.5 - DEL PLATA | B43: 0.45363438 | C43: 0 | D43: 0 | E43: 0 | F43: 0 | G43: 0.2737617 | H43: 0.39171188 | I43: 0.74674739 | J43: 1.6873885 | K43: 2.6065248 | L43: 3.24373 | M43: 3.2672504 | N43: 3.1804536 | O43: 3.0127994 | P43: 2.8573734 | Q43: 2.959814 | R43: 2.3069132 | S43: 2.0351252 | T43: 1.8349808 | U43: 2.2893745 | V43: 1.4340944 | W43: 1.223928 | X43: 0.5239805 | Y43: 0.14851691 | Z43: =+AVERAGE(H43:M43) -> 1.9905588 | AA43: =+AVERAGE(N43:S43) -> 2.7254131 | AB43: =+AVERAGE(T43:Y43) -> 1.2424792 | AC43: =+AVERAGE(H43:Y43) -> 1.9861504 | AD43: =+AVERAGE(B43:Y43) -> 1.519921
A44: 96.3 - ALFA | B44: 0 | C44: 0 | D44: 0 | E44: 0 | F44: 0 | G44: 0 | H44: 0 | I44: 0 | J44: 0.071071647 | K44: 0.23399032 | L44: 0.25250872 | M44: 0.32662988 | N44: 0.3784605 | O44: 0.26174689 | P44: 0.21234679 | Q44: 0.21234679 | R44: 0.21234679 | S44: 0.27631478 | T44: 0.20219361 | U44: 0 | V44: 0.070349018 | W44: 0 | X44: 0 | Y44: 0 | Z44: =+AVERAGE(H44:M44) -> 0.14736676 | AA44: =+AVERAGE(N44:S44) -> 0.25892709 | AB44: =+AVERAGE(T44:Y44) -> 0.045423771 | AC44: =+AVERAGE(H44:Y44) -> 0.15057254 | AD44: =+AVERAGE(B44:Y44) -> 0.11292941
A45: 97.1 - BABEL | B45: 0.1732404 | C45: 0.1732404 | D45: 0.14542546 | E45: 0.11925627 | F45: 0.11925627 | G45: 0.202942 | H45: 0.25335308 | I45: 0.63262772 | J45: 0.76594293 | K45: 1.0165717 | L45: 1.0360562 | M45: 0.84205271 | N45: 1.0534367 | O45: 1.0886699 | P45: 0.92957388 | Q45: 0.50369128 | R45: 0.43770469 | S45: 0.49255334 | T45: 0.32925092 | U45: 0.46799777 | V45: 0.4268394 | W45: 0.17938918 | X45: 0.12063178 | Y45: 0.22255408 | Z45: =+AVERAGE(H45:M45) -> 0.75776739 | AA45: =+AVERAGE(N45:S45) -> 0.75093829 | AB45: =+AVERAGE(T45:Y45) -> 0.29111052 | AC45: =+AVERAGE(H45:Y45) -> 0.59993873 | AD45: =+AVERAGE(B45:Y45) -> 0.48884408
A46: 97.9 - M24 | B46: 0.086754509 | C46: 0.041501963 | D46: 0.041501963 | E46: 0 | F46: 0.020750982 | G46: 0.095747521 | H46: 0.49705481 | I46: 0.73898409 | J46: 0.54328449 | K46: 0.71307973 | L46: 0.67866699 | M46: 0.68801125 | N46: 0.6956793 | O46: 0.68863188 | P46: 0.48868373 | Q46: 0.17994912 | R46: 0.31268206 | S46: 0.19153145 | T46: 0.2927385 | U46: 0.19570995 | V46: 0.020750982 | W46: 0.073751913 | X46: 0.073751913 | Y46: 0.17495897 | Z46: =+AVERAGE(H46:M46) -> 0.64318023 | AA46: =+AVERAGE(N46:S46) -> 0.42619292 | AB46: =+AVERAGE(T46:Y46) -> 0.13861037 | AC46: =+AVERAGE(H46:Y46) -> 0.40266117 | AD46: =+AVERAGE(B46:Y46) -> 0.31392325
... A60: FM SIN IDENTIFICAR | B60: 0.081442729 | C60: 0 | D60: 0 | E60: 0 | F60: 0 | G60: 0 | H60: 0.081442729 | I60: 0 | J60: 0.058647155 | K60: 0.16633441 | L60: 0.16633441 | M60: 0.2525012 | N60: 0.44920276 | O60: 0.17189973 | P60: 0.17189973 | Q60: 0.39589301 | R60: 0.14375082 | S60: 0.14375082 | T60: 0.016066223 | U60: 0.081442729 | V60: 0 | W60: 0.0086053245 | X60: 0 | Y60: 0 | Z60: =+AVERAGE(H60:M60) -> 0.12087665 | AA60: =+AVERAGE(N60:S60) -> 0.24606615 | AB60: =+AVERAGE(T60:Y60) -> 0.017685713 | AC60: =+AVERAGE(H60:Y60) -> 0.1282095 | AD60: =+AVERAGE(B60:Y60) -> 0.099550574
A61: SUB TOTAL FM | B61: =+SUM(B35:B60) -> 3.6755646 | C61: =+SUM(C35:C60) -> 2.0064148 | D61: =+SUM(D35:D60) -> 1.399771 | E61: =+SUM(E35:E60) -> 1.4295885 | F61: =+SUM(F35:F60) -> 2.1057903 | G61: =+SUM(G35:G60) -> 3.8837271 | H61: =+SUM(H35:H60) -> 6.4280111 | I61: =+SUM(I35:I60) -> 14.54808 | ... Y61: =+SUM(Y35:Y60) -> 2.8018291 | Z61: =+AVERAGE(H61:M61) -> 27.418831 | AA61: =+AVERAGE(N61:S61) -> 35.283078 | AB61: =+AVERAGE(T61:Y61) -> 12.21988 | AC61: =+AVERAGE(H61:Y61) -> 24.97393 | AD61: =+AVERAGE(B61:Y61) -> 19.334649
A62: RATING GENERAL | B62: 6.3398943 | C62: 3.7407067 | D62: 2.7003154 | E62: 2.2734506 | F62: 2.8585548 | G62: 6.7313571 | H62: 14.889009 | I62: 30.002825 | J62: 40.900514 | K62: 53.77401 | L62: 57.120519 | M62: 54.713877 | N62: 46.242031 | O62: 45.094452 | P62: 43.416798 | Q62: 45.18233 | R62: 43.441383 | S62: 41.390557 | T62: 31.557975 | U62: 24.460422 | V62: 17.063583 | W62: 13.104618 | X62: 6.116094 | Y62: 4.1431515 | Z62: =+AVERAGE(H62:M62) -> 41.900126 | AA62: =+AVERAGE(N62:S62) -> 44.127925 | AB62: =+AVERAGE(T62:Y62) -> 16.074307 | AC62: =+AVERAGE(H62:Y62) -> 34.034119 | AD62: =+AVERAGE(B62:Y62) -> 26.552434

Sheet RatxSDxC2C3D1
A1: CUADRO 19: RESUMEN DE RATING POR HORA - SEGMENTO C2C3D1 | AM | SABADO A DOMINGO
A2: RADIOS | B2: HORAS | Z2: PROMEDIO
B3: 00:00 - 00:59 | C3: 01:00 - 01:59 | D3: 02:00 - 02:59 | E3: 03:00 - 03:59 | F3: 04:00 - 04:59 | G3: 05:00 - 05:59 | H3: 06:00 - 06:59 | I3: 07:00 - 07:59 | J3: 08:00 - 08:59 | K3: 09:00 - 09:59 | L3: 10:00 - 10:59 | M3: 11:00 - 11:59 | N3: 12:00 - 12:59 | O3: 13:00 - 13:59 | P3: 14:00 - 14:59 | Q3: 15:00 - 15:59 | R3: 16:00 - 16:59 | S3: 17:00 - 17:59 | T3: 18:00 - 18:59 | U3: 19:00 - 19:59 | V3: 20:00 - 20:59 | W3: 21:00 - 21:59 | X3: 22:00 - 22:59 | Y3: 23:00 - 23:59 | Z3: 06:00 - 11:59 | AA3: 12:00 - 17:59 | AB3: 18:00 - 23:59 | AC3: 06:00 - 23:59 | AD3: 00:00 - 24:00
A4: 610 - CX4 RURAL | B4: 0.13091389 | C4: 0.22191456 | D4: 0.22191456 | E4: 0 | F4: 0 | G4: 0.17004809 | H4: 0.30637662 | I4: 0.61872953 | J4: 0.83687429 | K4: 0.57411215 | L4: 0.51029493 | M4: 0.31235291 | N4: 0.31235291 | O4: 0.31235291 | P4: 0.42527088 | Q4: 0.42527088 | R4: 0.31235291 | S4: 0.31235291 | T4: 0.39737696 | U4: 0.31235291 | V4: 0.50000449 | W4: 0.93928478 | X4: 0.40367546 | Y4: 0.40367546 | Z4: 0.52645674 | AA4: 0.34999224 | AB4: 0.49272834 | AC4: 0.45639244 | AD4: 0.37332729
A5: 650 - CX6 CLÁSICA | B5: 0 | C5: 0.065843844 | D5: 0.065843844 | E5: 0 | F5: 0 | G5: 0 | H5: 0 | I5: 0 | J5: 0 | K5: 0 | L5: 0 | M5: 0 | N5: 0 | O5: 0 | P5: 0 | Q5: 0 | R5: 0 | S5: 0 | T5: 0 | U5: 0 | V5: 0 | W5: 0 | X5: 0 | Y5: 0 | Z5: 0 | AA5: 0 | AB5: 0 | AC5: 0 | AD5: 0.005486987
A6: 690 - CX8 SARANDI | B6: 0.071820133 | C6: 0.071820133 | D6: 0.071820133 | E6: 0 | F6: 0 | G6: 0.55366423 | H6: 1.9129027 | I6: 3.9637309 | J6: 3.3478316 | K6: 3.7726651 | L6: 1.8239672 | M6: 1.4131547 | N6: 0.64470391 | O6: 0.58111148 | P6: 0.72276364 | Q6: 0.96129326 | R6: 0.92967679 | S6: 1.2083479 | T6: 0.54240591 | U6: 0.50834326 | V6: 0.32658353 | W6: 0.53013203 | X6: 0.44796772 | Y6: 0.36285657 | Z6: 2.7057087 | AA6: 0.84131617 | AB6: 0.45304817 | AC6: 1.3333577 | AD6: 1.0320651
A7: 730 - CX10 CONTINENTE | B7: 0 | C7: 0 | D7: 0 | E7: 0 | F7: 0 | G7: 0 | H7: 0.046395008 | I7: 0.14685815 | J7: 0.41716556 | K7: 0.10046314 | L7: 0 | M7: 0 | N7: 0 | O7: 0 | P7: 0 | Q7: 0 | R7: 0.31670241 | S7: 0.31670241 | T7: 0.046395008 | U7: 0.046395008 | V7: 0.046395008 | W7: 0.046395008 | X7: 0 | Y7: 0 | Z7: 0.11848031 | AA7: 0.10556747 | AB7: 0.030930006 | AC7: 0.084992596 | AD7: 0.063744447
A8: 770 - CX12 ORIENTAL | B8: 0 | C8: 0 | D8: 0 | E8: 0.024796839 | F8: 0.024796839 | G8: 0.085111148 | H8: 0.080507903 | I8: 0.15933111 | J8: 0.078823211 | K8: 0 | L8: 0.13427221 | M8: 0.13427221 | N8: 0.049917304 | O8: 0.051877454 | P8: 0.12590008 | Q8: 0.34915649 | R8: 0.34915649 | S8: 0.27513386 | T8: 0 | U8: 0 | V8: 0 | W8: 0.040165557 | X8: 0.040165557 | Y8: 0 | Z8: 0.097867776 | AA8: 0.20019028 | AB8: 0.013388519 | AC8: 0.10381553 | AD8: 0.083474345
A9: 810 - CX14 EL ESPECTADOR | B9: 0.22930341 | C9: 0.10597379 | D9: 0 | E9: 0.086247421 | F9: 0 | G9: 0 | H9: 0 | I9: 0.16598095 | J9: 0.34082338 | K9: 0.32543161 | L9: 0.54033295 | M9: 0.52977671 | N9: 0.21845691 | O9: 0.50101764 | P9: 0.22816855 | Q9: 0.22816855 | R9: 0.61274559 | S9: 0.50027404 | T9: 0 | U9: 0.11736772 | V9: 0.18690507 | W9: 0.20361514 | X9: 0 | Y9: 0.39809884 | Z9: 0.3170576 | AA9: 0.38147188 | AB9: 0.1509978 | AC9: 0.28317576 | AD9: 0.22994534
A10: 850 - CX16 CARVE | B10: 0.2620421 | C10: 0.26020025 | D10: 0.28499709 | E10: 0.18765158 | F10: 0 | G10: 0.18325824 | H10: 0.62065058 | I10: 1.0389989 | J10: 0.9572094 | K10: 0.35106564 | L10: 0.21679343 | M10: 0.19911498 | N10: 0.17110616 | O10: 0.071820133 | P10: 0.25507205 | Q10: 0.25507205 | R10: 0.25507205 | S10: 0.071820133 | T10: 0 | U10: 0.14643203 | V10: 0.14643203 | W10: 0.072591514 | X10: 0.072591514 | Y10: 0.072591514 | Z10: 0.56397216 | AA10: 0.17999376 | AB10: 0.085106434 | AC10: 0.27635745 | AD10: 0.25635764
A11: 890 - CX18 SPORT 890 | B11: 0 | C11: 0 | D11: 0 | E11: 0 | F11: 0 | G11: 0 | H11: 0 | I11: 1.0410352 | J11: 1.4526807 | K11: 1.162587 | L11: 1.2246755 | M11: 1.3008516 | N11: 0.64544867 | O11: 0.74037737 | P11: 0.98346165 | Q11: 0.83381448 | R11: 0.81328552 | S11: 0.75329151 | T11: 0.69092446 | U11: 0.8852901 | V11: 0.61284567 | W11: 0.6226584 | X11: 0.18400815 | Y11: 0.1438426 | Z11: 1.030305 | AA11: 0.79494653 | AB11: 0.52326156 | AC11: 0.7828377 | AD11: 0.58712827
A12: 930 - CX20 MONTECARLO | B12: 0.086589185 | C12: 0.086589185 | D12: 0.086589185 | E12: 0.15352504 | F12: 0.15352504 | G12: 0.73277962 | H12: 2.1117474 | I12: 1.9363832 | J12: 3.4591256 | K12: 4.8400078 | L12: 5.2093836 | M12: 4.7307438 | N12: 2.8454943 | O12: 2.8696416 | P12: 2.581527 | Q12: 1.9456033 | R12: 1.6464299 | S12: 1.3392619 | T12: 0.86450333 | U12: 0.45551231 | V12: 0.39719842 | W12: 0.39788835 | X12: 0.10046314 | Y12: 0.12525998 | Z12: 3.7145652 | AA12: 2.2046597 | AB12: 0.39013759 | AC12: 2.1031208 | AD12: 1.6314905
A13: 970 - CX22 UNIVERSAL | B13: 0.23899451 | C13: 0.11736772 | D13: 0.13366456 | E13: 0.072591514 | F13: 0.24432463 | G13: 0.038068552 | H13: 0 | I13: 0.31235291 | J13: 0.55708062 | K13: 0.50702063 | L13: 0.50702063 | M13: 0.48222379 | N13: 0.95749667 | O13: 0.95749667 | P13: 1.2475752 | Q13: 1.0170976 | R13: 1.2242379 | S13: 1.0565413 | T13: 1.0317444 | U13: 0.7960297 | V13: 0.7960297 | W13: 0.69012537 | X13: 0 | Y13: 0 | Z13: 0.3942831 | AA13: 1.0767409 | AB13: 0.55232153 | AC13: 0.67444851 | AD13: 0.54104519
A14: 1010 - CX24 LA 1010 AM | B14: 0 | C14: 0 | D14: 0 | E14: 0 | F14: 0 | G14: 0 | H14: 0 | I14: 0 | J14: 0.17796015 | K14: 0.45630757 | L14: 0.45630757 | M14: 0.19921048 | N14: 0.42573785 | O14: 0.42573785 | P14: 0.31170125 | Q14: 0.18109434 | R14: 0.18109434 | S14: 0.18109434 | T14: 0.41788594 | U14: 0.2367916 | V14: 0 | W14: 0 | X14: 0 | Y14: 0 | Z14: 0.2149643 | AA14: 0.28441 | AB14: 0.10911292 | AC14: 0.20282907 | AD14: 0.1521218
A15: 1050 - CX26 RADIO URUGUAY | B15: 0 | C15: 0 | D15: 0 | E15: 0 | F15: 0 | G15: 0 | H15: 0 | I15: 0.31894509 | J15: 0.31894509 | K15: 0.37261148 | L15: 0.37261148 | M15: 0.3701827 | N15: 0.1220401 | O15: 0.15441572 | P15: 0.091000666 | Q15: 0 | R15: 0 | S15: 0.065843844 | T15: 0 | U15: 0 | V15: 0 | W15: 0 | X15: 0 | Y15: 0 | Z15: 0.29221597 | AA15: 0.072216722 | AB15: 0 | AC15: 0.12147757 | AD15: 0.091108174
... A30: RATING GENERAL | B30: 2.9878186 | C30: 2.3148584 | D30: 1.7202799 | E30: 1.7692871 | F30: 1.9024681 | G30: 4.1184666 | H30: 10.267897 | I30: 22.564637 | J30: 32.494148 | K30: 41.735176 | L30: 45.178294 | M30: 46.295291 | N30: 38.47325 | O30: 37.801156 | P30: 36.666031 | Q30: 37.690476 | R30: 37.166132 | S30: 34.066723 | T30: 28.006521 | U30: 20.541193 | V30: 14.357812 | W30: 12.858669 | X30: 6.170997 | Y30: 4.1395735 | Z30: 33.089241 | AA30: 36.977295 | AB30: 14.345794 | AC30: 28.137443 | AD30: 21.720298
A32: CUADRO 20: RESUMEN DE RATING POR HORA - SEGMENTO C2C3D1 | FM | SABADO A DOMINGO
A33: RADIOS | B33: HORAS | Z33: PROMEDIO
B34: 00:00 - 00:59 | C34: 01:00 - 01:59 | D34: 02:00 - 02:59 | E34: 03:00 - 03:59 | F34: 04:00 - 04:59 | G34: 05:00 - 05:59 | H34: 06:00 - 06:59 | I34: 07:00 - 07:59 | J34: 08:00 - 08:59 | K34: 09:00 - 09:59 | L34: 10:00 - 10:59 | M34: 11:00 - 11:59 | N34: 12:00 - 12:59 | O34: 13:00 - 13:59 | P34: 14:00 - 14:59 | Q34: 15:00 - 15:59 | R34: 16:00 - 16:59 | S34: 17:00 - 17:59 | T34: 18:00 - 18:59 | U34: 19:00 - 19:59 | V34: 20:00 - 20:59 | W34: 21:00 - 21:59 | X34: 22:00 - 22:59 | Y34: 23:00 - 23:59 | Z34: 06:00 - 11:59 | AA34: 12:00 - 17:59 | AB34: 18:00 - 23:59 | AC34: 06:00 - 23:59 | AD34: 00:00 - 24:00
A35: 88.3 - LACOSTA | B35: 0 | C35: 0 | D35: 0 | E35: 0 | F35: 0.047347754 | G35: 0 | H35: 0 | I35: 0.12343902 | J35: 0.86994917 | K35: 0.45504368 | L35: 0.49292804 | M35: 0.37754393 | N35: 0.11848344 | O35: 0.11848344 | P35: 0.25906048 | Q35: 0.14935116 | R35: 0.36247238 | S35: 0.48095582 | T35: 0.92665499 | U35: 0.11848344 | V35: 0.30199243 | W35: 0.42670699 | X35: 0.42670699 | Y35: 0 | Z35: 0.38648397 | AA35: 0.24813446 | AB35: 0.36675747 | AC35: 0.33379197 | AD35: 0.2523168
A36: 90.3 - FM HIT (OLDIES) | B36: 0.15593927 | C36: 0 | D36: 0 | E36: 0 | F36: 0.058552496 | G36: 0.058552496 | H36: 0.058552496 | I36: 0.37009243 | J36: 0.32054002 | K36: 0.8720975 | L36: 0.70242745 | M36: 0.93587421 | N36: 0.58520458 | O36: 0.75399958 | P36: 1.2903037 | Q36: 0.81729384 | R36: 0.8676723 | S36: 0.29066664 | T36: 0.24545275 | U36: 0.36526256 | V36: 0.16851265 | W36: 0.40072446 | X36: 0.21640017 | Y36: 0.047887521 | Z36: 0.54326402 | AA36: 0.76752345 | AB36: 0.24070668 | AC36: 0.51716472 | AD36: 0.39925038
A37: 91.1 - RADIO FUTURA | B37: 0 | C37: 0 | D37: 0 | E37: 0 | F37: 0 | G37: 0.24537662 | H37: 0.36606514 | I37: 0.56751672 | J37: 0.43453577 | K37: 0.73417787 | L37: 1.0358977 | M37: 1.3783115 | N37: 1.0206055 | O37: 1.207474 | P37: 1.1256639 | Q37: 1.0714205 | R37: 0.92274218 | S37: 0.62546647 | T37: 0.4735901 | U37: 0.84928694 | V37: 0.94646273 | W37: 0.52595732 | X37: 0.064770466 | Y37: 0.064770466 | Z37: 0.75275078 | AA37: 0.99556209 | AB37: 0.487473 | AC37: 0.74526196 | AD37: 0.56917049
A38: 91.9 - FM LIKE | B38: 0.057327205 | C38: 0.057327205 | D38: 0.057327205 | E38: 0.057327205 | F38: 0 | G38: 0 | H38: 0 | I38: 0 | J38: 1.1884367 | K38: 1.6523874 | L38: 2.4496497 | M38: 2.5110458 | N38: 2.4457626 | O38: 2.3720577 | P38: 1.5794433 | Q38: 1.4969751 | R38: 1.4969751 | S38: 2.3760978 | T38: 2.1444401 | U38: 0.66698652 | V38: 0.19185657 | W38: 0.19185657 | X38: 0.11848344 | Y38: 0 | Z38: 1.3002532 | AA38: 1.9612186 | AB38: 0.55227054 | AC38: 1.2712475 | AD38: 0.96299013
A39: 92.5 - URBANA FM | B39: 0 | C39: 0 | D39: 0 | E39: 0 | F39: 0 | G39: 0 | H39: 0 | I39: 0.087245341 | J39: 0.68722945 | K39: 0.67336556 | L39: 0.7816223 | M39: 1.1846236 | N39: 1.2970708 | O39: 1.0221801 | P39: 0.71589634 | Q39: 0.75830724 | R39: 1.1488231 | S39: 0.98118661 | T39: 0.33349326 | U39: 0.073373128 | V39: 0 | W39: 0 | X39: 0.16763652 | Y39: 0 | Z39: 0.56901438 | AA39: 0.98724404 | AB39: 0.095750485 | AC39: 0.55066963 | AD39: 0.41300223
A40: 93.1 - INOLVIDABLE | B40: 0.047347754 | C40: 0.047347754 | D40: 0 | E40: 0 | F40: 0.20290707 | G40: 0.13170882 | H40: 0.16465549 | I40: 1.4882083 | J40: 2.2156062 | K40: 3.3764385 | L40: 3.9202972 | M40: 4.8408918 | N40: 4.0780018 | O40: 4.0177423 | P40: 3.9378981 | Q40: 4.6206209 | R40: 4.1660642 | S40: 3.958694 | T40: 3.9257769 | U40: 2.512077 | V40: 1.3098493 | W40: 0.82008619 | X40: 0.59498103 | Y40: 0.17678228 | Z40: 2.6676829 | AA40: 4.1298369 | AB40: 1.5565921 | AC40: 2.784704 | AD40: 2.106416
A41: 93.9 - OCEANO | B41: 0 | C41: 0 | D41: 0 | E41: 0 | F41: 0.080507903 | G41: 0.080507903 | H41: 0.15620067 | I41: 0.24717862 | J41: 0.9084802 | K41: 0.9084802 | L41: 1.3408506 | M41: 1.5555339 | N41: 1.443227 | O41: 1.4137096 | P41: 1.1849499 | Q41: 0.97010391 | R41: 1.1919889 | S41: 1.0463428 | T41: 0.74054992 | U41: 0.64530324 | V41: 0.20935923 | W41: 0 | X41: 0 | Y41: 0 | Z41: 0.85278735 | AA41: 1.208387 | AB41: 0.26586873 | AC41: 0.77568103 | AD41: 0.58846977
A42: 94.7 - DEL SUR | B42: 0 | C42: 0 | D42: 0 | E42: 0 | F42: 0 | G42: 0 | H42: 0 | I42: 0 | J42: 0 | K42: 0 | L42: 0 | M42: 0 | N42: 0.17168727 | O42: 0 | P42: 0.17168727 | Q42: 0.092043012 | R42: 0.040165557 | S42: 0.20106697 | T42: 0.051877454 | U42: 0.051877454 | V42: 0.051877454 | W42: 0.089612812 | X42: 0.089612812 | Y42: 0.089612812 | Z42: 0 | AA42: 0.11277501 | AB42: 0.070745133 | AC42: 0.061173382 | AD42: 0.045880037
A43: 95.5 - DEL PLATA | B43: 0.096011481 | C43: 0 | D43: 0 | E43: 0.22969892 | F43: 0.22969892 | G43: 0.073373128 | H43: 0.28540774 | I43: 0.26227196 | J43: 0.87072304 | K43: 1.406978 | L43: 2.2537208 | M43: 2.8536853 | N43: 3.0219294 | O43: 2.7430114 | P43: 2.1640141 | Q43: 1.9360005 | R43: 1.839989 | S43: 1.4864556 | T43: 1.5129763 | U43: 0.94534825 | V43: 0.50111938 | W43: 0.47058727 | X43: 0.19407712 | Y43: 0.16758203 | Z43: 1.3221311 | AA43: 2.1985667 | AB43: 0.63194839 | AC43: 1.3842154 | AD43: 1.0643608
A44: 96.3 - ALFA | B44: 0 | C44: 0 | D44: 0 | E44: 0 | F44: 0 | G44: 0 | H44: 0 | I44: 0 | J44: 0.072548669 | K44: 0.072548669 | L44: 0.25221747 | M44: 0.37575275 | N44: 0.45378261 | O44: 0.27411381 | P44: 0.27411381 | Q44: 0.19608394 | R44: 0.22088078 | S44: 0.34061198 | T44: 0.1197312 | U44: 0 | V44: 0 | W44: 0 | X44: 0 | Y44: 0 | Z44: 0.12884459 | AA44: 0.29326449 | AB44: 0.0199552 | AC44: 0.14735476 | AD44: 0.11051607
A45: 97.1 - BABEL | B45: 0 | C45: 0 | D45: 0 | E45: 0 | F45: 0 | G45: 0 | H45: 0 | I45: 0.31223644 | J45: 0.31223644 | K45: 0.75742928 | L45: 0.83060075 | M45: 0.70408037 | N45: 0.78717155 | O45: 0.78717155 | P45: 0.59400699 | Q45: 0.47067737 | R45: 0.47067737 | S45: 0.34742063 | T45: 0.43703344 | U45: 0.40402754 | V45: 0.56683977 | W45: 0.31387463 | X45: 0.31387463 | Y45: 0.23171032 | Z45: 0.48609721 | AA45: 0.57618758 | AB45: 0.37789339 | AC45: 0.48005939 | AD45: 0.36004454
A46: 97.9 - M24 | B46: 0.051877454 | C46: 0.051877454 | D46: 0.051877454 | E46: 0 | F46: 0 | G46: 0.068634859 | H46: 0.30231947 | I46: 0.47021955 | J46: 0.41828469 | K46: 0.57830857 | L46: 0.66020191 | M46: 0.60832446 | N46: 0.41647962 | O46: 0.41647962 | P46: 0.36909185 | Q46: 0.25406223 | R46: 0.28278852 | S46: 0.23091106 | T46: 0.30635757 | U46: 0.23225832 | V46: 0 | W46: 0 | X46: 0 | Y46: 0.13179517 | Z46: 0.50627644 | AA46: 0.32830215 | AB46: 0.11173518 | AC46: 0.31543792 | AD46: 0.24592291
... A62: RATING GENERAL | B62: 2.9878186 | C62: 2.3148584 | D62: 1.7202799 | E62: 1.7692871 | F62: 1.9024681 | G62: 4.1184666 | H62: 10.267897 | I62: 22.564637 | J62: 32.494148 | K62: 41.735176 | L62: 45.178294 | M62: 46.295291 | N62: 38.47325 | O62: 37.801156 | P62: 36.666031 | Q62: 37.690476 | R62: 37.166132 | S62: 34.066723 | T62: 28.006521 | U62: 20.541193 | V62: 14.357812 | W62: 12.858669 | X62: 6.170997 | Y62: 4.1395735 | Z62: 33.089241 | AA62: 36.977295 | AB62: 14.345794 | AC62: 28.137443 | AD62: 21.720298

Sheet RatxLDxD2E
A1: CUADRO 21: RESUMEN DE RATING POR HORA - SEGMENTO D2E | AM | LUNES A DOMINGO
A2: RADIOS | B2: HORAS | Z2: PROMEDIO
B3: 00:00 - 00:59 | C3: 01:00 - 01:59 | D3: 02:00 - 02:59 | E3: 03:00 - 03:59 | F3: 04:00 - 04:59 | G3: 05:00 - 05:59 | H3: 06:00 - 06:59 | I3: 07:00 - 07:59 | J3: 08:00 - 08:59 | K3: 09:00 - 09:59 | L3: 10:00 - 10:59 | M3: 11:00 - 11:59 | N3: 12:00 - 12:59 | O3: 13:00 - 13:59 | P3: 14:00 - 14:59 | Q3: 15:00 - 15:59 | R3: 16:00 - 16:59 | S3: 17:00 - 17:59 | T3: 18:00 - 18:59 | U3: 19:00 - 19:59 | V3: 20:00 - 20:59 | W3: 21:00 - 21:59 | X3: 22:00 - 22:59 | Y3: 23:00 - 23:59 | Z3: 06:00 - 11:59 | AA3: 12:00 - 17:59 | AB3: 18:00 - 23:59 | AC3: 06:00 - 23:59 | AD3: 00:00 - 24:00
A4: 610 - CX4 RURAL | B4: 0.062523986 | C4: 0.23822937 | D4: 0 | E4: 0 | F4: 0 | G4: 0 | H4: 0.24696843 | I4: 0 | J4: 0.10521049 | K4: 0.042686508 | L4: 0.042686508 | M4: 0.042686508 | N4: 0 | O4: 0.93697584 | P4: 0 | Q4: 0 | R4: 0 | S4: 0 | T4: 0 | U4: 0 | V4: 0.093840564 | W4: 0.093840564 | X4: 0.093840564 | Y4: 0.093840564 | Z4: 0.080039741 | AA4: 0.15616264 | AB4: 0.062560376 | AC4: 0.099587586 | AD4: 0.087222079
A5: 650 - CX6 CLÁSICA | B5: 0 | C5: 0 | D5: 0.033374691 | E5: 0 | F5: 0 | G5: 0 | H5: 0 | I5: 0 | J5: 0 | K5: 0 | L5: 0 | M5: 0 | N5: 0 | O5: 0 | P5: 0 | Q5: 0 | R5: 0.033374691 | S5: 0 | T5: 0 | U5: 0 | V5: 0 | W5: 0 | X5: 0 | Y5: 0 | Z5: 0 | AA5: 0.0055624486 | AB5: 0 | AC5: 0.0018541495 | AD5: 0.0027812243
A6: 690 - CX8 SARANDI | B6: 0.22425423 | C6: 0.13623642 | D6: 0.024362081 | E6: 0 | F6: 0 | G6: 0 | H6: 0.63601825 | I6: 2.0423437 | J6: 1.9170186 | K6: 0.75004912 | L6: 0.46807266 | M6: 0.35173051 | N6: 0.28444903 | O6: 0.28444903 | P6: 1.3045778 | Q6: 0.20366861 | R6: 0 | S6: 0 | T6: 0 | U6: 0 | V6: 0 | W6: 0 | X6: 0 | Y6: 0 | Z6: 1.0275388 | AA6: 0.34619074 | AB6: 0 | AC6: 0.45790985 | AD6: 0.35946792
A7: 730 - CX10 CONTINENTE | B7: 0.033374691 | C7: 0 | D7: 0.033374691 | E7: 0 | F7: 0 | G7: 0 | H7: 0 | I7: 0.033374691 | J7: 0.033374691 | K7: 0 | L7: 0 | M7: 0 | N7: 0 | O7: 0.066749383 | P7: 0 | Q7: 0 | R7: 0 | S7: 0.033374691 | T7: 0.033374691 | U7: 0.93697584 | V7: 0 | W7: 0.033374691 | X7: 0 | Y7: 0.033374691 | Z7: 0.011124897 | AA7: 0.016687346 | AB7: 0.17284999 | AC7: 0.066887409 | AD7: 0.052946781
A8: 770 - CX12 ORIENTAL | B8: 0 | C8: 0 | D8: 0 | E8: 0 | F8: 0 | G8: 0 | H8: 0 | I8: 0.16498942 | J8: 0.16498942 | K8: 0 | L8: 1.1737442 | M8: 0 | N8: 0.15361543 | O8: 0 | P8: 0 | Q8: 0 | R8: 0 | S8: 0 | T8: 0 | U8: 0.096140123 | V8: 0 | W8: 0.23880176 | X8: 0 | Y8: 0 | Z8: 0.2506205 | AA8: 0.025602572 | AB8: 0.055823648 | AC8: 0.11068224 | AD8: 0.083011681
A9: 810 - CX14 EL ESPECTADOR | B9: 0.1213925 | C9: 0 | D9: 0.033374691 | E9: 0 | F9: 0 | G9: 0 | H9: 0 | I9: 0.34698228 | J9: 0.38035697 | K9: 0 | L9: 0 | M9: 0.23880176 | N9: 1.2350645 | O9: 0 | P9: 0 | Q9: 0 | R9: 0.033374691 | S9: 0.48748836 | T9: 0.48748836 | U9: 0 | V9: 0.033374691 | W9: 0 | X9: 0 | Y9: 0 | Z9: 0.1610235 | AA9: 0.29265459 | AB9: 0.086810509 | AC9: 0.18016286 | AD9: 0.14157078
A10: 850 - CX16 CARVE | B10: 1.2715221 | C10: 1.1291583 | D10: 1.2987465 | E10: 1.1110757 | F10: 0.94148757 | G10: 0.94148757 | H10: 0 | I10: 1.4457011 | J10: 0.6703127 | K10: 0.76645282 | L10: 0.56065917 | M10: 0.51797266 | N10: 0.22492998 | O10: 0.38351023 | P10: 0.99791446 | Q10: 1.040601 | R10: 1.040601 | S10: 0.42619674 | T10: 0.26761649 | U10: 0.43375908 | V10: 0.50106614 | W10: 1.8472155 | X10: 2.3813522 | Y10: 1.2562482 | Z10: 0.66018308 | AA10: 0.68562556 | AB10: 1.1145429 | AC10: 0.8201172 | AD10: 0.8939828
A11: 890 - CX18 SPORT 890 | B11: 0 | C11: 0.033374691 | D11: 0 | E11: 0.033374691 | F11: 0 | G11: 0 | H11: 0.098812787 | I11: 0.81399074 | J11: 0.8841739 | K11: 2.2394791 | L11: 2.0209748 | M11: 1.9876001 | N11: 0.78696164 | O11: 2.0675818 | P11: 1.9155584 | Q11: 0.40052152 | R11: 0.22276155 | S11: 0.18938686 | T11: 0 | U11: 0.14852178 | V11: 0.21958325 | W11: 0.15283386 | X11: 0.15283386 | Y11: 0.033374691 | Z11: 1.3408386 | AA11: 0.93046196 | AB11: 0.11785791 | AC11: 0.79638615 | AD11: 0.60007083
A12: 930 - CX20 MONTECARLO | B12: 1.5765253 | C12: 0.65808915 | D12: 0.13064039 | E12: 0 | F12: 0.033374691 | G12: 0.62622663 | H12: 1.2215159 | I12: 2.2951981 | J12: 6.5429631 | K12: 6.5149667 | L12: 6.2147457 | M12: 6.1078483 | N12: 6.3060111 | O12: 7.6344657 | P12: 2.7976206 | Q12: 2.2593247 | R12: 2.2227106 | S12: 2.7559008 | T12: 5.0079326 | U12: 4.4509483 | V12: 4.6264406 | W12: 3.8684722 | X12: 2.0129927 | Y12: 1.2544645 | Z12: 4.8162063 | AA12: 3.9960056 | AB12: 3.5368751 | AC12: 4.1163623 | AD12: 3.2133074
A13: 970 - CX22 UNIVERSAL | B13: 0.1213925 | C13: 0 | D13: 0 | E13: 0.089873016 | F13: 0 | G13: 0 | H13: 0 | I13: 0 | J13: 1.077724 | K13: 1.1536675 | L13: 1.0516135 | M13: 0.11012593 | N13: 0.11012593 | O13: 0.13468633 | P13: 0 | Q13: 0.13468633 | R13: 0.26299198 | S13: 0.11012593 | T13: 0.11012593 | U13: 0.11012593 | V13: 0 | W13: 0 | X13: 0 | Y13: 0 | Z13: 0.56552183 | AA13: 0.12543608 | AB13: 0.036708642 | AC13: 0.24255552 | AD13: 0.19071937
A14: 1010 - CX24 LA 1010 AM | B14: 0.24450935 | C14: 0.21113466 | D14: 0 | E14: 0 | F14: 0.033374691 | G14: 0 | H14: 0 | I14: 0.36440379 | J14: 0.97021067 | K14: 0.57243219 | L14: 0.60169171 | M14: 0.60169171 | N14: 0.11913254 | O14: 0.68320291 | P14: 0.64982822 | Q14: 1.496931 | R14: 0.59332989 | S14: 0 | T14: 0.22856878 | U14: 0.1974933 | V14: 0.58638792 | W14: 0.58638792 | X14: 0.58638792 | Y14: 0.31764162 | Z14: 0.51840501 | AA14: 0.5904041 | AB14: 0.41714458 | AC14: 0.50865123 | AD14: 0.4018642
A15: 1050 - CX26 RADIO URUGUAY | B15: 0.033374691 | C15: 0 | D15: 0.033374691 | E15: 0.033374691 | F15: 0 | G15: 0.033374691 | H15: 0 | I15: 0.13418765 | J15: 0.066749383 | K15: 1.118159 | L15: 0.26559259 | M15: 0 | N15: 0.98496843 | O15: 0.066749383 | P15: 0 | Q15: 0.033374691 | R15: 0.94713166 | S15: 0 | T15: 0.066749383 | U15: 0 | V15: 0 | W15: 1.1202528 | X15: 0.13418765 | Y15: 0.16756235 | Z15: 0.26411477 | AA15: 0.33870403 | AB15: 0.24812537 | AC15: 0.28364806 | AD15: 0.21829849
... A30: RATING GENERAL | B30: 10.89211 | C30: 6.5932348 | D30: 4.3014489 | E30: 3.8974322 | F30: 4.4080081 | G30: 5.8379445 | H30: 9.4792698 | I30: 20.23796 | J30: 33.489823 | K30: 40.73547 | L30: 44.744478 | M30: 43.709179 | N30: 43.695391 | O30: 44.155781 | P30: 41.11715 | Q30: 39.31866 | R30: 36.92378 | S30: 33.57346 | T30: 32.067318 | U30: 22.103157 | V30: 19.726837 | W30: 16.360308 | X30: 11.988523 | Y30: 9.0393352 | Z30: 32.06603 | AA30: 39.79737 | AB30: 18.54758 | AC30: 30.136993 | AD30: 24.099836
A32: CUADRO 22: RESUMEN DE RATING POR HORA - SEGMENTO D2E | FM | LUNES A DOMINGO
A33: RADIOS | B33: HORAS | Z33: PROMEDIO
B34: 00:00 - 00:59 | C34: 01:00 - 01:59 | D34: 02:00 - 02:59 | E34: 03:00 - 03:59 | F34: 04:00 - 04:59 | G34: 05:00 - 05:59 | H34: 06:00 - 06:59 | I34: 07:00 - 07:59 | J34: 08:00 - 08:59 | K34: 09:00 - 09:59 | L34: 10:00 - 10:59 | M34: 11:00 - 11:59 | N34: 12:00 - 12:59 | O34: 13:00 - 13:59 | P34: 14:00 - 14:59 | Q34: 15:00 - 15:59 | R34: 16:00 - 16:59 | S34: 17:00 - 17:59 | T34: 18:00 - 18:59 | U34: 19:00 - 19:59 | V34: 20:00 - 20:59 | W34: 21:00 - 21:59 | X34: 22:00 - 22:59 | Y34: 23:00 - 23:59 | Z34: 06:00 - 11:59 | AA34: 12:00 - 17:59 | AB34: 18:00 - 23:59 | AC34: 06:00 - 23:59 | AD34: 00:00 - 24:00
A35: 88.3 - LACOSTA | B35: 0 | C35: 0 | D35: 0 | E35: 0 | F35: 0 | G35: 0 | H35: 0 | I35: 0 | J35: 0.088017813 | K35: 0.063386684 | L35: 0 | M35: 0 | N35: 0 | O35: 0 | P35: 0.93697584 | Q35: 0 | R35: 0.063386684 | S35: 0.063386684 | T35: 0 | U35: 0 | V35: 0 | W35: 0 | X35: 0.088017813 | Y35: 0 | Z35: =+AVERAGE(H35:M35) -> 0.025234083 | AA35: =+AVERAGE(N35:S35) -> 0.17729153 | AB35: =+AVERAGE(T35:Y35) -> 0.014669636 | AC35: =+AVERAGE(H35:Y35) -> 0.072398418 | AD35: =+AVERAGE(B35:Y35) -> 0.054298813
A36: 90.3 - FM HIT (OLDIES) | B36: 0 | C36: 0 | D36: 0 | E36: 0 | F36: 0 | G36: 0.23476481 | H36: 0.54424242 | I36: 0.75941093 | J36: 1.1754528 | K36: 1.3621836 | L36: 1.4899317 | M36: 1.1102991 | N36: 0.75719947 | O36: 0.63385538 | P36: 0.63385538 | Q36: 0.54762169 | R36: 0.28243898 | S36: 0.31614321 | T36: 0.16449938 | U36: 0.11379004 | V36: 0.08441358 | W36: 0.08441358 | X36: 0.033704233 | Y36: 0 | Z36: =+AVERAGE(H36:M36) -> 1.0735868 | AA36: =+AVERAGE(N36:S36) -> 0.52851902 | AB36: =+AVERAGE(T36:Y36) -> 0.080136802 | AC36: =+AVERAGE(H36:Y36) -> 0.56074753 | AD36: =+AVERAGE(B36:Y36) -> 0.43034252
A37: 91.1 - RADIO FUTURA | B37: 0 | C37: 0.08356455 | D37: 0.08356455 | E37: 0.08356455 | F37: 0.08356455 | G37: 0.08356455 | H37: 0 | I37: 0 | J37: 0.052242063 | K37: 1.0247697 | L37: 2.1660511 | M37: 2.1139623 | N37: 1.9774665 | O37: 2.1266265 | P37: 2.0641026 | Q37: 2.1402215 | R37: 1.7978523 | S37: 1.7823633 | T37: 1.8696111 | U37: 1.8203324 | V37: 1.8203324 | W37: 1.6875911 | X37: 0.7565925 | Y37: 0.7565925 | Z37: =+AVERAGE(H37:M37) -> 0.89283751 | AA37: =+AVERAGE(N37:S37) -> 1.9814388 | AB37: =+AVERAGE(T37:Y37) -> 1.451842 | AC37: =+AVERAGE(H37:Y37) -> 1.4420394 | AD37: =+AVERAGE(B37:Y37) -> 1.0989389
A38: 91.9 - FM LIKE | B38: 0.033374691 | C38: 0.033374691 | D38: 0.033374691 | E38: 0 | F38: 0 | G38: 0 | H38: 0 | I38: 0 | J38: 0.033374691 | K38: 0 | L38: 0.14949894 | M38: 0.19896085 | N38: 0.14949894 | O38: 0 | P38: 0 | Q38: 0.033374691 | R38: 0.18173757 | S38: 0.21511226 | T38: 0.18173757 | U38: 0.2349694 | V38: 0.2349694 | W38: 0.2349694 | X38: 0 | Y38: 0.033374691 | Z38: =+AVERAGE(H38:M38) -> 0.06363908 | AA38: =+AVERAGE(N38:S38) -> 0.096620576 | AB38: =+AVERAGE(T38:Y38) -> 0.15333674 | AC38: =+AVERAGE(H38:Y38) -> 0.10453213 | AD38: =+AVERAGE(B38:Y38) -> 0.082570936
A39: 92.5 - URBANA FM | B39: 0 | C39: 0 | D39: 0 | E39: 0 | F39: 0 | G39: 0 | H39: 0 | I39: 0 | J39: 0 | K39: 0.25433774 | L39: 0.25433774 | M39: 0.25433774 | N39: 0.090473192 | O39: 0.27206014 | P39: 0 | Q39: 0.16437778 | R39: 0.16437778 | S39: 0.19775247 | T39: 0.16437778 | U39: 1.1845065 | V39: 0.19775247 | W39: 0 | X39: 0 | Y39: 0.033374691 | Z39: =+AVERAGE(H39:M39) -> 0.12716887 | AA39: =+AVERAGE(N39:S39) -> 0.14817356 | AB39: =+AVERAGE(T39:Y39) -> 0.26333524 | AC39: =+AVERAGE(H39:Y39) -> 0.17955922 | AD39: =+AVERAGE(B39:Y39) -> 0.13466942
A40: 93.1 - INOLVIDABLE | B40: 1.0756096 | C40: 0.90648571 | D40: 0.30065697 | E40: 0.38081614 | F40: 1.0649388 | G40: 0.22866817 | H40: 1.1088234 | I40: 0.14940494 | J40: 1.076778 | K40: 1.1954026 | L40: 2.2264788 | M40: 2.3010716 | N40: 1.7764409 | O40: 2.3842427 | P40: 3.3879732 | Q40: 2.3153369 | R40: 2.5389761 | S40: 1.1817032 | T40: 1.3589877 | U40: 0.92232628 | V40: 1.224265 | W40: 0.8875881 | X40: 0.81356843 | Y40: 0.91057769 | Z40: =+AVERAGE(H40:M40) -> 1.3429932 | AA40: =+AVERAGE(N40:S40) -> 2.2641122 | AB40: =+AVERAGE(T40:Y40) -> 1.0195522 | AC40: =+AVERAGE(H40:Y40) -> 1.5422192 | AD40: =+AVERAGE(B40:Y40) -> 1.3215467
A41: 93.9 - OCEANO | B41: 0.10003704 | C41: 0 | D41: 0 | E41: 0.033374691 | F41: 0 | G41: 0 | H41: 0.06463739 | I41: 0.06463739 | J41: 0.06463739 | K41: 0.13665688 | L41: 0.37758448 | M41: 0.44424683 | N41: 0.2721903 | O41: 0.2721903 | P41: 0.10427743 | Q41: 0.53825556 | R41: 0.033374691 | S41: 0 | T41: 0 | U41: 0 | V41: 0.033374691 | W41: 0.23880176 | X41: 0 | Y41: 0.22856878 | Z41: =+AVERAGE(H41:M41) -> 0.19206673 | AA41: =+AVERAGE(N41:S41) -> 0.20338138 | AB41: =+AVERAGE(T41:Y41) -> 0.08345754 | AC41: =+AVERAGE(H41:Y41) -> 0.15963521 | AD41: =+AVERAGE(B41:Y41) -> 0.12528523
A42: 94.7 - DEL SUR | B42: 0 | C42: 0 | D42: 0 | E42: 0 | F42: 0 | G42: 0.67218016 | H42: 0.67218016 | I42: 0.67218016 | J42: 0.67218016 | K42: 0 | L42: 0.089873016 | M42: 0.19919709 | N42: 0 | O42: 0.045193651 | P42: 0.022596825 | Q42: 0 | R42: 0 | S42: 0 | T42: 0 | U42: 0 | V42: 0 | W42: 0 | X42: 0 | Y42: 0.59761332 | Z42: =+AVERAGE(H42:M42) -> 0.38426843 | AA42: =+AVERAGE(N42:S42) -> 0.011298413 | AB42: =+AVERAGE(T42:Y42) -> 0.099602219 | AC42: =+AVERAGE(H42:Y42) -> 0.16505635 | AD42: =+AVERAGE(B42:Y42) -> 0.15179977
A43: 95.5 - DEL PLATA | B43: 0.19434559 | C43: 0.19434559 | D43: 0.19434559 | E43: 0.19434559 | F43: 0.19434559 | G43: 0.19434559 | H43: 0.32962354 | I43: 0.63010811 | J43: 0.81724497 | K43: 0.78017266 | L43: 1.650795 | M43: 0.70930741 | N43: 1.4509147 | O43: 1.4650603 | P43: 2.1295638 | Q43: 1.3701529 | R43: 0.40225185 | S43: 0.44887319 | T43: 1.0408981 | U43: 0.32416693 | V43: 1.3442957 | W43: 0.04662134 | X43: 0.23880176 | Y43: 0 | Z43: =+AVERAGE(H43:M43) -> 0.81954195 | AA43: =+AVERAGE(N43:S43) -> 1.2111361 | AB43: =+AVERAGE(T43:Y43) -> 0.49913064 | AC43: =+AVERAGE(H43:Y43) -> 0.84326958 | AD43: =+AVERAGE(B43:Y43) -> 0.68103858
A44: 96.3 - ALFA | B44: 0.033374691 | C44: 0 | D44: 0 | E44: 0 | F44: 0 | G44: 0 | H44: 0 | I44: 0.033374691 | J44: 0.16669683 | K44: 0.16669683 | L44: 0.16669683 | M44: 0.16669683 | N44: 0.35063783 | O44: 0.13114815 | P44: 0.033374691 | Q44: 0 | R44: 0 | S44: 0 | T44: 0.033374691 | U44: 0 | V44: 0 | W44: 0 | X44: 0.033374691 | Y44: 0 | Z44: =+AVERAGE(H44:M44) -> 0.11669367 | AA44: =+AVERAGE(N44:S44) -> 0.085860112 | AB44: =+AVERAGE(T44:Y44) -> 0.011124897 | AC44: =+AVERAGE(H44:Y44) -> 0.071226225 | AD44: =+AVERAGE(B44:Y44) -> 0.054810281
A45: 97.1 - BABEL | B45: 0 | C45: 0 | D45: 0 | E45: 0 | F45: 0 | G45: 0 | H45: 0.26776596 | I45: 0.26776596 | J45: 0.300553 | K45: 0.300553 | L45: 0.300553 | M45: 0.032787037 | N45: 0.032787037 | O45: 0.032787037 | P45: 0 | Q45: 0 | R45: 0 | S45: 0 | T45: 0 | U45: 0 | V45: 0 | W45: 0 | X45: 0 | Y45: 0 | Z45: =+AVERAGE(H45:M45) -> 0.24499633 | AA45: =+AVERAGE(N45:S45) -> 0.010929012 | AB45: =+AVERAGE(T45:Y45) -> 0 | AC45: =+AVERAGE(H45:Y45) -> 0.085308446 | AD45: =+AVERAGE(B45:Y45) -> 0.063981335
A46: 97.9 - M24 | B46: 0.033374691 | C46: 0 | D46: 0 | E46: 0.033374691 | F46: 0 | G46: 0 | H46: 0 | I46: 0.18501852 | J46: 0.21899727 | K46: 0.73920088 | L46: 0.76172046 | M46: 0.61007663 | N46: 0 | O46: 0.15352302 | P46: 0.12014832 | Q46: 0.27510917 | R46: 0.27510917 | S46: 0.15352302 | T46: 0.12014832 | U46: 0 | V46: 0.033374691 | W46: 0 | X46: 0.033374691 | Y46: 0.033374691 | Z46: =+AVERAGE(H46:M46) -> 0.41916896 | AA46: =+AVERAGE(N46:S46) -> 0.16290212 | AB46: =+AVERAGE(T46:Y46) -> 0.036712066 | AC46: =+AVERAGE(H46:Y46) -> 0.20626105 | AD46: =+AVERAGE(B46:Y46) -> 0.15747701
... A62: RATING GENERAL | B62: 10.89211 | C62: 6.5932348 | D62: 4.3014489 | E62: 3.8974322 | F62: 4.4080081 | G62: 5.8379445 | H62: 9.4792698 | I62: 20.23796 | J62: 33.489823 | K62: 40.73547 | L62: 44.744478 | M62: 43.709179 | N62: 43.695391 | O62: 44.155781 | P62: 41.11715 | Q62: 39.31866 | R62: 36.92378 | S62: 33.57346 | T62: 32.067318 | U62: 22.103157 | V62: 19.726837 | W62: 16.360308 | X62: 11.988523 | Y62: 9.0393352 | Z62: =+AVERAGE(H62:M62) -> 32.06603 | AA62: =+AVERAGE(N62:S62) -> 39.79737 | AB62: =+AVERAGE(T62:Y62) -> 18.54758 | AC62: =+AVERAGE(H62:Y62) -> 30.136993 | AD62: =+AVERAGE(B62:Y62) -> 24.099836

Sheet RatxLVxD2E
A1: CUADRO 23: RESUMEN DE RATING POR HORA - SEGMENTO D2E | AM | LUNES A VIERNES
A2: RADIOS | B2: HORAS | Z2: PROMEDIO
B3: 00:00 - 00:59 | C3: 01:00 - 01:59 | D3: 02:00 - 02:59 | E3: 03:00 - 03:59 | F3: 04:00 - 04:59 | G3: 05:00 - 05:59 | H3: 06:00 - 06:59 | I3: 07:00 - 07:59 | J3: 08:00 - 08:59 | K3: 09:00 - 09:59 | L3: 10:00 - 10:59 | M3: 11:00 - 11:59 | N3: 12:00 - 12:59 | O3: 13:00 - 13:59 | P3: 14:00 - 14:59 | Q3: 15:00 - 15:59 | R3: 16:00 - 16:59 | S3: 17:00 - 17:59 | T3: 18:00 - 18:59 | U3: 19:00 - 19:59 | V3: 20:00 - 20:59 | W3: 21:00 - 21:59 | X3: 22:00 - 22:59 | Y3: 23:00 - 23:59 | Z3: 06:00 - 11:59 | AA3: 12:00 - 17:59 | AB3: 18:00 - 23:59 | AC3: 06:00 - 23:59 | AD3: 00:00 - 24:00
A4: 610 - CX4 RURAL | B4: 0.08753358 | C4: 0 | D4: 0 | E4: 0 | F4: 0 | G4: 0 | H4: 0.3457558 | I4: 0 | J4: 0.14729469 | K4: 0.059761111 | L4: 0.059761111 | M4: 0.059761111 | N4: 0 | O4: 0 | P4: 0 | Q4: 0 | R4: 0 | S4: 0 | T4: 0 | U4: 0 | V4: 0.13137679 | W4: 0.13137679 | X4: 0.13137679 | Y4: 0.13137679 | Z4: 0.11205564 | AA4: 0 | AB4: 0.087584527 | AC4: 0.066546722 | AD4: 0.053557274
A5: 650 - CX6 CLÁSICA | B5: 0 | C5: 0 | D5: 0.046724568 | E5: 0 | F5: 0 | G5: 0 | H5: 0 | I5: 0 | J5: 0 | K5: 0 | L5: 0 | M5: 0 | N5: 0 | O5: 0 | P5: 0 | Q5: 0 | R5: 0.046724568 | S5: 0 | T5: 0 | U5: 0 | V5: 0 | W5: 0 | X5: 0 | Y5: 0 | Z5: 0 | AA5: 0.007787428 | AB5: 0 | AC5: 0.0025958093 | AD5: 0.003893714
A6: 690 - CX8 SARANDI | B6: 0 | C6: 0 | D6: 0.034106914 | E6: 0 | F6: 0 | G6: 0 | H6: 0.89042556 | I6: 2.3134586 | J6: 2.1380036 | K6: 1.0500688 | L6: 0.65530173 | M6: 0.49242272 | N6: 0.39822864 | O6: 0.39822864 | P6: 1.8264089 | Q6: 0.28513605 | R6: 0 | S6: 0 | T6: 0 | U6: 0 | V6: 0 | W6: 0 | X6: 0 | Y6: 0 | Z6: 1.2566135 | AA6: 0.48466704 | AB6: 0 | AC6: 0.58042684 | AD6: 0.43674126
A7: 730 - CX10 CONTINENTE | B7: 0.046724568 | C7: 0 | D7: 0.046724568 | E7: 0 | F7: 0 | G7: 0 | H7: 0 | I7: 0.046724568 | J7: 0.046724568 | K7: 0 | L7: 0 | M7: 0 | N7: 0 | O7: 0.093449136 | P7: 0 | Q7: 0 | R7: 0 | S7: 0.046724568 | T7: 0.046724568 | U7: 0 | V7: 0 | W7: 0.046724568 | X7: 0 | Y7: 0.046724568 | Z7: 0.015574856 | AA7: 0.023362284 | AB7: 0.023362284 | AC7: 0.020766475 | AD7: 0.01946857
A8: 770 - CX12 ORIENTAL | B8: 0 | C8: 0 | D8: 0 | E8: 0 | F8: 0 | G8: 0 | H8: 0 | I8: 0.23098519 | J8: 0.23098519 | K8: 0 | L8: 1.6432419 | M8: 0 | N8: 0.2150616 | O8: 0 | P8: 0 | Q8: 0 | R8: 0 | S8: 0 | T8: 0 | U8: 0.13459617 | V8: 0 | W8: 0.33432247 | X8: 0 | Y8: 0 | Z8: 0.3508687 | AA8: 0.035843601 | AB8: 0.078153107 | AC8: 0.15495514 | AD8: 0.11621635
A9: 810 - CX14 EL ESPECTADOR | B9: 0.046724568 | C9: 0 | D9: 0.046724568 | E9: 0 | F9: 0 | G9: 0 | H9: 0 | I9: 0.33272148 | J9: 0.37944605 | K9: 0 | L9: 0 | M9: 0.33432247 | N9: 1.1832678 | O9: 0 | P9: 0 | Q9: 0 | R9: 0.046724568 | S9: 0.6824837 | T9: 0.6824837 | U9: 0 | V9: 0.046724568 | W9: 0 | X9: 0 | Y9: 0 | Z9: 0.174415 | AA9: 0.31874601 | AB9: 0.12153471 | AC9: 0.20489857 | AD9: 0.15756764
A10: 850 - CX16 CARVE | B10: 1.3887286 | C10: 1.0843158 | D10: 1.3217393 | E10: 1.0590002 | F10: 0.82157679 | G10: 0.82157679 | H10: 0 | I10: 1.5450162 | J10: 0.48440654 | K10: 0.61900272 | L10: 0.36256914 | M10: 0.30280802 | N10: 0 | O10: 0.26873691 | P10: 0.83487296 | Q10: 0.89463407 | R10: 0.89463407 | S10: 0.32849802 | T10: 0.059761111 | U10: 0.33908531 | V10: 0.43331519 | W10: 1.6770349 | X10: 2.4248263 | Y10: 1.4438456 | Z10: 0.55230043 | AA10: 0.53689601 | AB10: 1.0629781 | AC10: 0.7173915 | AD10: 0.80874936
A11: 890 - CX18 SPORT 890 | B11: 0 | C11: 0 | D11: 0 | E11: 0.046724568 | F11: 0 | G11: 0 | H11: 0.1383379 | I11: 1.0928625 | J11: 0.98234914 | K11: 2.333954 | L11: 2.0280479 | M11: 1.9813233 | N11: 1.0631972 | O11: 2.2931895 | P11: 2.0974101 | Q11: 0.56073012 | R11: 0.31186617 | S11: 0.2651416 | T11: 0 | U11: 0 | V11: 0.30741654 | W11: 0.21396741 | X11: 0.21396741 | Y11: 0.046724568 | Z11: 1.4261458 | AA11: 1.0985891 | AB11: 0.13034599 | AC11: 0.88502696 | AD11: 0.66571708
A12: 930 - CX20 MONTECARLO | B12: 1.5600051 | C12: 0.92132481 | D12: 0.18289654 | E12: 0 | F12: 0.046724568 | G12: 0.73584926 | H12: 1.3339159 | I12: 2.2700367 | J12: 6.3026251 | K12: 6.6248352 | L12: 6.1511943 | M12: 6.1192585 | N12: 6.1658875 | O12: 7.9029121 | P12: 2.4661516 | Q12: 2.085323 | R12: 2.3372541 | S12: 2.8757899 | T12: 5.1031156 | U12: 4.0484906 | V12: 3.6642489 | W12: 3.3734619 | X12: 1.6406444 | Y12: 1.0903137 | Z12: 4.8003109 | AA12: 3.9722197 | AB12: 3.1533792 | AC12: 3.9753033 | AD12: 3.1250941
A13: 970 - CX22 UNIVERSAL | B13: 0.046724568 | C13: 0 | D13: 0 | E13: 0 | F13: 0 | G13: 0 | H13: 0 | I13: 0 | J13: 0.82157679 | K13: 0.82157679 | L13: 0.82157679 | M13: 0 | N13: 0 | O13: 0.18856086 | P13: 0 | Q13: 0.18856086 | R13: 0.21401247 | S13: 0 | T13: 0 | U13: 0 | V13: 0 | W13: 0 | X13: 0 | Y13: 0 | Z13: 0.4107884 | AA13: 0.098522366 | AB13: 0 | AC13: 0.16977025 | AD13: 0.12927455
A14: 1010 - CX24 LA 1010 AM | B14: 0.34231309 | C14: 0.29558852 | D14: 0 | E14: 0 | F14: 0.046724568 | G14: 0 | H14: 0 | I14: 0.3199963 | J14: 0.93070247 | K14: 0.5639816 | L14: 0.60494494 | M14: 0.60494494 | N14: 0.040963333 | O14: 0.83066185 | P14: 0.78393728 | Q14: 0.78393728 | R14: 0.83066185 | S14: 0 | T14: 0.3199963 | U14: 0.27649062 | V14: 0.82094309 | W14: 0.82094309 | X14: 0.82094309 | Y14: 0.27649062 | Z14: 0.50409504 | AA14: 0.54502693 | AB14: 0.5559678 | AC14: 0.53502992 | AD14: 0.42979853
A15: 1050 - CX26 RADIO URUGUAY | B15: 0.046724568 | C15: 0 | D15: 0 | E15: 0.046724568 | F15: 0 | G15: 0.046724568 | H15: 0 | I15: 0.18786272 | J15: 0.046724568 | K15: 1.4281802 | L15: 0.23458728 | M15: 0 | N15: 1.3789558 | O15: 0.093449136 | P15: 0 | Q15: 0 | R15: 1.3259843 | S15: 0 | T15: 0.093449136 | U15: 0 | V15: 0 | W15: 1.5216294 | X15: 0.18786272 | Y15: 0.23458728 | Z15: 0.3162258 | AA15: 0.46639821 | AB15: 0.33958809 | AC15: 0.3740707 | AD15: 0.2863936
... A30: RATING GENERAL | B30: 12.147755 | C30: 7.170893 | D30: 4.7073638 | E30: 4.1106331 | F30: 4.3513243 | G30: 5.9687973 | H30: 10.224544 | I30: 21.877746 | J30: 35.116513 | K30: 43.273926 | L30: 46.302899 | M30: 45.790994 | N30: 43.273942 | O30: 42.249763 | P30: 42.307716 | Q30: 39.630353 | R30: 38.456874 | S30: 33.986392 | T30: 32.026904 | U30: 21.969707 | V30: 19.958257 | W30: 17.170508 | X30: 13.361009 | Y30: 10.231051 | Z30: 34.307307 | AA30: 40.915127 | AB30: 19.119573 | AC30: 31.447336 | AD30: 25.187867
A32: CUADRO 24: RESUMEN DE RATING POR HORA - SEGMENTO D2E | FM | LUNES A VIERNES
A33: RADIOS | B33: HORAS | Z33: PROMEDIO
B34: 00:00 - 00:59 | C34: 01:00 - 01:59 | D34: 02:00 - 02:59 | E34: 03:00 - 03:59 | F34: 04:00 - 04:59 | G34: 05:00 - 05:59 | H34: 06:00 - 06:59 | I34: 07:00 - 07:59 | J34: 08:00 - 08:59 | K34: 09:00 - 09:59 | L34: 10:00 - 10:59 | M34: 11:00 - 11:59 | N34: 12:00 - 12:59 | O34: 13:00 - 13:59 | P34: 14:00 - 14:59 | Q34: 15:00 - 15:59 | R34: 16:00 - 16:59 | S34: 17:00 - 17:59 | T34: 18:00 - 18:59 | U34: 19:00 - 19:59 | V34: 20:00 - 20:59 | W34: 21:00 - 21:59 | X34: 22:00 - 22:59 | Y34: 23:00 - 23:59 | Z34: 06:00 - 11:59 | AA34: 12:00 - 17:59 | AB34: 18:00 - 23:59 | AC34: 06:00 - 23:59 | AD34: 00:00 - 24:00
A35: 88.3 - LACOSTA | B35: 0 | C35: 0 | D35: 0 | E35: 0 | F35: 0 | G35: 0 | H35: 0 | I35: 0 | J35: 0 | K35: 0.070993086 | L35: 0 | M35: 0 | N35: 0 | O35: 0 | P35: 0 | Q35: 0 | R35: 0.070993086 | S35: 0.070993086 | T35: 0 | U35: 0 | V35: 0 | W35: 0 | X35: 0.12322494 | Y35: 0 | Z35: =+AVERAGE(H35:M35) -> 0.011832181 | AA35: =+AVERAGE(N35:S35) -> 0.023664362 | AB35: =+AVERAGE(T35:Y35) -> 0.02053749 | AC35: =+AVERAGE(H35:Y35) -> 0.018678011 | AD35: =+AVERAGE(B35:Y35) -> 0.014008508
A36: 90.3 - FM HIT (OLDIES) | B36: 0 | C36: 0 | D36: 0 | E36: 0 | F36: 0 | G36: 0 | H36: 0.43326864 | I36: 0.8730063 | J36: 1.3572479 | K36: 1.5603102 | L36: 1.6074962 | M36: 1.1270416 | N36: 0.50369654 | O36: 0.35387901 | P36: 0.35387901 | Q36: 0.10043074 | R36: 0.053244815 | S36: 0.10043074 | T36: 0.10043074 | U36: 0.047185926 | V36: 0.082682469 | W36: 0.082682469 | X36: 0.047185926 | Y36: 0 | Z36: =+AVERAGE(H36:M36) -> 1.1597285 | AA36: =+AVERAGE(N36:S36) -> 0.24426014 | AB36: =+AVERAGE(T36:Y36) -> 0.060027922 | AC36: =+AVERAGE(H36:Y36) -> 0.48800551 | AD36: =+AVERAGE(B36:Y36) -> 0.36600414
A37: 91.1 - RADIO FUTURA | B37: 0 | C37: 0.11699037 | D37: 0.11699037 | E37: 0.11699037 | F37: 0.11699037 | G37: 0.11699037 | H37: 0 | I37: 0 | J37: 0.073138889 | K37: 1.0713786 | L37: 2.1011405 | M37: 1.8371221 | N37: 1.8371221 | O37: 1.9272765 | P37: 1.9272765 | Q37: 2.0121585 | R37: 2.0121585 | S37: 1.9272765 | T37: 1.8371221 | U37: 2.0199132 | V37: 2.0199132 | W37: 1.8745609 | X37: 0.7834642 | Y37: 0.7834642 | Z37: =+AVERAGE(H37:M37) -> 0.84713002 | AA37: =+AVERAGE(N37:S37) -> 1.9405448 | AB37: =+AVERAGE(T37:Y37) -> 1.553073 | AC37: =+AVERAGE(H37:Y37) -> 1.4469159 | AD37: =+AVERAGE(B37:Y37) -> 1.1095599
A38: 91.9 - FM LIKE | B38: 0.046724568 | C38: 0.046724568 | D38: 0.046724568 | E38: 0 | F38: 0 | G38: 0 | H38: 0 | I38: 0 | J38: 0.046724568 | K38: 0 | L38: 0.069246667 | M38: 0.13849333 | N38: 0.069246667 | O38: 0 | P38: 0 | Q38: 0.046724568 | R38: 0.25443259 | S38: 0.30115716 | T38: 0.25443259 | U38: 0.046724568 | V38: 0.046724568 | W38: 0.046724568 | X38: 0 | Y38: 0.046724568 | Z38: =+AVERAGE(H38:M38) -> 0.042410761 | AA38: =+AVERAGE(N38:S38) -> 0.11192683 | AB38: =+AVERAGE(T38:Y38) -> 0.073555144 | AC38: =+AVERAGE(H38:Y38) -> 0.075964246 | AD38: =+AVERAGE(B38:Y38) -> 0.062813755
A39: 92.5 - URBANA FM | B39: 0 | C39: 0 | D39: 0 | E39: 0 | F39: 0 | G39: 0 | H39: 0 | I39: 0 | J39: 0 | K39: 0.35607284 | L39: 0.35607284 | M39: 0.35607284 | N39: 0.12666247 | O39: 0.3808842 | P39: 0 | Q39: 0.23012889 | R39: 0.23012889 | S39: 0.27685346 | T39: 0.23012889 | U39: 1.6583091 | V39: 0.27685346 | W39: 0 | X39: 0 | Y39: 0.046724568 | Z39: =+AVERAGE(H39:M39) -> 0.17803642 | AA39: =+AVERAGE(N39:S39) -> 0.20744298 | AB39: =+AVERAGE(T39:Y39) -> 0.36866934 | AC39: =+AVERAGE(H39:Y39) -> 0.25138291 | AD39: =+AVERAGE(B39:Y39) -> 0.18853719
A40: 93.1 - INOLVIDABLE | B40: 1.2456814 | C40: 0.9456237 | D40: 0.24808802 | E40: 0.25076333 | F40: 0.82157679 | G40: 0.2105879 | H40: 0.82157679 | I40: 0.084444321 | J40: 0.87961469 | K40: 1.3140406 | L40: 2.4496505 | M40: 2.2607779 | N40: 1.6678889 | O40: 2.6043786 | P40: 3.5087579 | Q40: 1.8629293 | R40: 2.0401495 | S40: 0.91684506 | T40: 1.0932156 | U40: 0.93621938 | V40: 1.2403777 | W40: 0.98250284 | X40: 0.88674667 | Y40: 1.0146367 | Z40: =+AVERAGE(H40:M40) -> 1.3016841 | AA40: =+AVERAGE(N40:S40) -> 2.1001582 | AB40: =+AVERAGE(T40:Y40) -> 1.0256165 | AC40: =+AVERAGE(H40:Y40) -> 1.4758196 | AD40: =+AVERAGE(B40:Y40) -> 1.2619614
A41: 93.9 - OCEANO | B41: 0.14005185 | C41: 0 | D41: 0 | E41: 0 | F41: 0 | G41: 0 | H41: 0 | I41: 0 | J41: 0 | K41: 0 | L41: 0.1459884 | M41: 0.28604025 | N41: 0.1459884 | O41: 0.1459884 | P41: 0.1459884 | Q41: 0.66864494 | R41: 0 | S41: 0 | T41: 0 | U41: 0 | V41: 0 | W41: 0.33432247 | X41: 0 | Y41: 0.3199963 | Z41: =+AVERAGE(H41:M41) -> 0.072004774 | AA41: =+AVERAGE(N41:S41) -> 0.18443502 | AB41: =+AVERAGE(T41:Y41) -> 0.10905313 | AC41: =+AVERAGE(H41:Y41) -> 0.12183097 | AD41: =+AVERAGE(B41:Y41) -> 0.097208724
A42: 94.7 - DEL SUR | B42: 0 | C42: 0 | D42: 0 | E42: 0 | F42: 0 | G42: 0.6183663 | H42: 0.6183663 | I42: 0.6183663 | J42: 0.6183663 | K42: 0 | L42: 0.12582222 | M42: 0.12582222 | N42: 0 | O42: 0.031635556 | P42: 0 | Q42: 0 | R42: 0 | S42: 0 | T42: 0 | U42: 0 | V42: 0 | W42: 0 | X42: 0 | Y42: 0.55442605 | Z42: =+AVERAGE(H42:M42) -> 0.35112389 | AA42: =+AVERAGE(N42:S42) -> 0.0052725926 | AB42: =+AVERAGE(T42:Y42) -> 0.092404342 | AC42: =+AVERAGE(H42:Y42) -> 0.14960027 | AD42: =+AVERAGE(B42:Y42) -> 0.13796547
A43: 95.5 - DEL PLATA | B43: 0.27208383 | C43: 0.27208383 | D43: 0.27208383 | E43: 0.27208383 | F43: 0.27208383 | G43: 0.27208383 | H43: 0.16818667 | I43: 0.62913346 | J43: 0.89112506 | K43: 0.88304877 | L43: 1.7046256 | M43: 0.88304877 | N43: 1.7570183 | O43: 1.8609154 | P43: 2.7912204 | Q43: 1.9182141 | R43: 0.56315259 | S43: 0.62842247 | T43: 1.4572574 | U43: 0.4538337 | V43: 1.882014 | W43: 0.065269877 | X43: 0.33432247 | Y43: 0 | Z43: =+AVERAGE(H43:M43) -> 0.85986138 | AA43: =+AVERAGE(N43:S43) -> 1.5864905 | AB43: =+AVERAGE(T43:Y43) -> 0.6987829 | AC43: =+AVERAGE(H43:Y43) -> 1.0483783 | AD43: =+AVERAGE(B43:Y43) -> 0.85430466
A44: 96.3 - ALFA | B44: 0 | C44: 0 | D44: 0 | E44: 0 | F44: 0 | G44: 0 | H44: 0 | I44: 0 | J44: 0.17088432 | K44: 0.17088432 | L44: 0.17088432 | M44: 0.17088432 | N44: 0.44499111 | O44: 0.13770556 | P44: 0 | Q44: 0 | R44: 0 | S44: 0 | T44: 0 | U44: 0 | V44: 0 | W44: 0 | X44: 0 | Y44: 0 | Z44: =+AVERAGE(H44:M44) -> 0.11392288 | AA44: =+AVERAGE(N44:S44) -> 0.097116111 | AB44: =+AVERAGE(T44:Y44) -> 0 | AC44: =+AVERAGE(H44:Y44) -> 0.070346331 | AD44: =+AVERAGE(B44:Y44) -> 0.052759748
A45: 97.1 - BABEL | B45: 0 | C45: 0 | D45: 0 | E45: 0 | F45: 0 | G45: 0 | H45: 0.37487235 | I45: 0.37487235 | J45: 0.4207742 | K45: 0.4207742 | L45: 0.4207742 | M45: 0.045901852 | N45: 0.045901852 | O45: 0.045901852 | P45: 0 | Q45: 0 | R45: 0 | S45: 0 | T45: 0 | U45: 0 | V45: 0 | W45: 0 | X45: 0 | Y45: 0 | Z45: =+AVERAGE(H45:M45) -> 0.34299486 | AA45: =+AVERAGE(N45:S45) -> 0.015300617 | AB45: =+AVERAGE(T45:Y45) -> 0 | AC45: =+AVERAGE(H45:Y45) -> 0.11943182 | AD45: =+AVERAGE(B45:Y45) -> 0.089573868
A46: 97.9 - M24 | B46: 0.046724568 | C46: 0 | D46: 0 | E46: 0.046724568 | F46: 0 | G46: 0 | H46: 0 | I46: 0.046724568 | J46: 0.094294815 | K46: 0.65437222 | L46: 0.56007741 | M46: 0.56007741 | N46: 0 | O46: 0.046724568 | P46: 0 | Q46: 0 | R46: 0 | S46: 0.046724568 | T46: 0 | U46: 0 | V46: 0.046724568 | W46: 0 | X46: 0.046724568 | Y46: 0.046724568 | Z46: =+AVERAGE(H46:M46) -> 0.31925774 | AA46: =+AVERAGE(N46:S46) -> 0.015574856 | AB46: =+AVERAGE(T46:Y46) -> 0.023362284 | AC46: =+AVERAGE(H46:Y46) -> 0.11939829 | AD46: =+AVERAGE(B46:Y46) -> 0.093442433
... A60: FM SIN IDENTIFICAR | B60: 0 | C60: 0 | D60: 0 | E60: 0 | F60: 0 | G60: 0 | H60: 0 | I60: 0.10293432 | J60: 0.10293432 | K60: 0.10293432 | L60: 0.14052136 | M60: 0.25006889 | N60: 0.38755222 | O60: 0.24703086 | P60: 0.24703086 | Q60: 0.24703086 | R60: 0.58135333 | S60: 0.24703086 | T60: 0.51576778 | U60: 0.24703086 | V60: 0 | W60: 0 | X60: 0 | Y60: 0 | Z60: =+AVERAGE(H60:M60) -> 0.11656553 | AA60: =+AVERAGE(N60:S60) -> 0.3261715 | AB60: =+AVERAGE(T60:Y60) -> 0.12713311 | AC60: =+AVERAGE(H60:Y60) -> 0.18995671 | AD60: =+AVERAGE(B60:Y60) -> 0.14246754
A61: SUB TOTAL FM | B61: =+SUM(B35:B60) -> 8.09979 | C61: =+SUM(C35:C60) -> 4.2784868 | D61: =+SUM(D35:D60) -> 2.3438212 | E61: =+SUM(E35:E60) -> 2.226833 | F61: =+SUM(F35:F60) -> 3.4362984 | G61: =+SUM(G35:G60) -> 4.158778 | H61: =+SUM(H35:H60) -> 6.7542847 | I61: =+SUM(I35:I60) -> 10.562194 | ... Y61: =+SUM(Y35:Y60) -> 6.4797512 | Z61: =+AVERAGE(H61:M61) -> 21.034462 | AA61: =+AVERAGE(N61:S61) -> 30.14713 | AB61: =+AVERAGE(T61:Y61) -> 12.558737 | AC61: =+AVERAGE(H61:Y61) -> 21.246776 | AD61: =+AVERAGE(B61:Y61) -> 16.957749
A62: RATING GENERAL | B62: =+B61+B29 -> 12.147755 | C62: =+C61+C29 -> 7.170893 | D62: =+D61+D29 -> 4.7073638 | E62: =+E61+E29 -> 4.1106331 | F62: =+F61+F29 -> 4.3513243 | G62: =+G61+G29 -> 5.9687973 | H62: =+H61+H29 -> 10.224544 | I62: =+I61+I29 -> 21.877746 | ... Y62: =+Y61+Y29 -> 10.231051 | Z62: =+AVERAGE(H62:M62) -> 33.822575 | AA62: =+AVERAGE(N62:S62) -> 40.04275 | AB62: =+AVERAGE(T62:Y62) -> 19.119573 | AC62: =+AVERAGE(H62:Y62) -> 30.994966 | AD62: =+AVERAGE(B62:Y62) -> 24.84859

Sheet RatxSDxD2E
A1: CUADRO 25: RESUMEN DE RATING POR HORA - SEGMENTO D2E | AM | SABADO A DOMINGO
A2: RADIOS | B2: HORAS | Z2: PROMEDIO
B3: 00:00 - 00:59 | C3: 01:00 - 01:59 | D3: 02:00 - 02:59 | E3: 03:00 - 03:59 | F3: 04:00 - 04:59 | G3: 05:00 - 05:59 | H3: 06:00 - 06:59 | I3: 07:00 - 07:59 | J3: 08:00 - 08:59 | K3: 09:00 - 09:59 | L3: 10:00 - 10:59 | M3: 11:00 - 11:59 | N3: 12:00 - 12:59 | O3: 13:00 - 13:59 | P3: 14:00 - 14:59 | Q3: 15:00 - 15:59 | R3: 16:00 - 16:59 | S3: 17:00 - 17:59 | T3: 18:00 - 18:59 | U3: 19:00 - 19:59 | V3: 20:00 - 20:59 | W3: 21:00 - 21:59 | X3: 22:00 - 22:59 | Y3: 23:00 - 23:59 | Z3: 06:00 - 11:59 | AA3: 12:00 - 17:59 | AB3: 18:00 - 23:59 | AC3: 06:00 - 23:59 | AD3: 00:00 - 24:00
A4: 610 - CX4 RURAL | B4: 0 | C4: 0.83380278 | D4: 0 | E4: 0 | F4: 0 | G4: 0 | H4: 0 | I4: 0 | J4: 0 | K4: 0 | L4: 0 | M4: 0 | N4: 0 | O4: 3.2794154 | P4: 0 | Q4: 0 | R4: 0 | S4: 0 | T4: 0 | U4: 0 | V4: 0 | W4: 0 | X4: 0 | Y4: 0 | Z4: =+AVERAGE(H4:M4) -> 0 | AA4: =+AVERAGE(N4:S4) -> 0.54656924 | AB4: =+AVERAGE(T4:Y4) -> 0 | AC4: =+AVERAGE(H4:Y4) -> 0.18218975 | AD4: =+AVERAGE(B4:Y4) -> 0.17138409
A5: 650 - CX6 CLÁSICA | B5: 0 | C5: 0 | D5: 0 | E5: 0 | F5: 0 | G5: 0 | H5: 0 | I5: 0 | J5: 0 | K5: 0 | L5: 0 | M5: 0 | N5: 0 | O5: 0 | P5: 0 | Q5: 0 | R5: 0 | S5: 0 | T5: 0 | U5: 0 | V5: 0 | W5: 0 | X5: 0 | Y5: 0 | Z5: =+AVERAGE(H5:M5) -> 0 | AA5: =+AVERAGE(N5:S5) -> 0 | AB5: =+AVERAGE(T5:Y5) -> 0 | AC5: =+AVERAGE(H5:Y5) -> 0 | AD5: =+AVERAGE(B5:Y5) -> 0
A6: 690 - CX8 SARANDI | B6: 0.78488981 | C6: 0.47682747 | D6: 0 | E6: 0 | F6: 0 | G6: 0 | H6: 0 | I6: 1.3645562 | J6: 1.3645562 | K6: 0 | L6: 0 | M6: 0 | N6: 0 | O6: 0 | P6: 0 | Q6: 0 | R6: 0 | S6: 0 | T6: 0 | U6: 0 | V6: 0 | W6: 0 | X6: 0 | Y6: 0 | Z6: =+AVERAGE(H6:M6) -> 0.45485206 | AA6: =+AVERAGE(N6:S6) -> 0 | AB6: =+AVERAGE(T6:Y6) -> 0 | AC6: =+AVERAGE(H6:Y6) -> 0.15161735 | AD6: =+AVERAGE(B6:Y6) -> 0.16628457
A7: 730 - CX10 CONTINENTE | B7: 0 | C7: 0 | D7: 0 | E7: 0 | F7: 0 | G7: 0 | H7: 0 | I7: 0 | J7: 0 | K7: 0 | L7: 0 | M7: 0 | N7: 0 | O7: 0 | P7: 0 | Q7: 0 | R7: 0 | S7: 0 | T7: 0 | U7: 3.2794154 | V7: 0 | W7: 0 | X7: 0 | Y7: 0 | Z7: =+AVERAGE(H7:M7) -> 0 | AA7: =+AVERAGE(N7:S7) -> 0 | AB7: =+AVERAGE(T7:Y7) -> 0.54656924 | AC7: =+AVERAGE(H7:Y7) -> 0.18218975 | AD7: =+AVERAGE(B7:Y7) -> 0.13664231
A8: 770 - CX12 ORIENTAL | B8: 0 | C8: 0 | D8: 0 | E8: 0 | F8: 0 | G8: 0 | H8: 0 | I8: 0 | J8: 0 | K8: 0 | L8: 0 | M8: 0 | N8: 0 | O8: 0 | P8: 0 | Q8: 0 | R8: 0 | S8: 0 | T8: 0 | U8: 0 | V8: 0 | W8: 0 | X8: 0 | Y8: 0 | Z8: =+AVERAGE(H8:M8) -> 0 | AA8: =+AVERAGE(N8:S8) -> 0 | AB8: =+AVERAGE(T8:Y8) -> 0 | AC8: =+AVERAGE(H8:Y8) -> 0 | AD8: =+AVERAGE(B8:Y8) -> 0
A9: 810 - CX14 EL ESPECTADOR | B9: 0.30806235 | C9: 0 | D9: 0 | E9: 0 | F9: 0 | G9: 0 | H9: 0 | I9: 0.38263426 | J9: 0.38263426 | K9: 0 | L9: 0 | M9: 0 | N9: 1.3645562 | O9: 0 | P9: 0 | Q9: 0 | R9: 0 | S9: 0 | T9: 0 | U9: 0 | V9: 0 | W9: 0 | X9: 0 | Y9: 0 | Z9: =+AVERAGE(H9:M9) -> 0.12754475 | AA9: =+AVERAGE(N9:S9) -> 0.22742603 | AB9: =+AVERAGE(T9:Y9) -> 0 | AC9: =+AVERAGE(H9:Y9) -> 0.11832359 | AD9: =+AVERAGE(B9:Y9) -> 0.10157863
A10: 850 - CX16 CARVE | B10: 0.97850586 | C10: 1.2412645 | D10: 1.2412645 | E10: 1.2412645 | F10: 1.2412645 | G10: 1.2412645 | H10: 0 | I10: 1.1974136 | J10: 1.1350781 | K10: 1.1350781 | L10: 1.0558843 | M10: 1.0558843 | N10: 0.78725494 | O10: 0.67044352 | P10: 1.4055182 | Q10: 1.4055182 | R10: 1.4055182 | S10: 0.67044352 | T10: 0.78725494 | U10: 0.67044352 | V10: 0.67044352 | W10: 2.272667 | X10: 2.272667 | Y10: 0.78725494 | Z10: =+AVERAGE(H10:M10) -> 0.92988971 | AA10: =+AVERAGE(N10:S10) -> 1.0574494 | AB10: =+AVERAGE(T10:Y10) -> 1.2434551 | AC10: =+AVERAGE(H10:Y10) -> 1.0769314 | AD10: =+AVERAGE(B10:Y10) -> 1.1070664
A11: 890 - CX18 SPORT 890 | B11: 0 | C11: 0.11681142 | D11: 0 | E11: 0 | F11: 0 | G11: 0 | H11: 0 | I11: 0.11681142 | J11: 0.6387358 | K11: 2.003292 | L11: 2.003292 | M11: 2.003292 | N11: 0.09637284 | O11: 1.5035627 | P11: 1.460929 | Q11: 0 | R11: 0 | S11: 0 | T11: 0 | U11: 0.51982623 | V11: 0 | W11: 0 | X11: 0 | Y11: 0 | Z11: =+AVERAGE(H11:M11) -> 1.1275705 | AA11: =+AVERAGE(N11:S11) -> 0.51014408 | AB11: =+AVERAGE(T11:Y11) -> 0.086637706 | AC11: =+AVERAGE(H11:Y11) -> 0.5747841 | AD11: =+AVERAGE(B11:Y11) -> 0.43595522
A12: 930 - CX20 MONTECARLO | B12: 1.6178259 | C12: 0 | D12: 0 | E12: 0 | F12: 0 | G12: 0.35217006 | H12: 0.94051574 | I12: 2.3581015 | J12: 7.1438083 | K12: 6.2402954 | L12: 6.3736241 | M12: 6.0793228 | N12: 6.6563201 | O12: 6.9633497 | P12: 3.6262932 | Q12: 2.694329 | R12: 1.9363519 | S12: 2.4561781 | T12: 4.7699753 | U12: 5.4570926 | V12: 7.0319198 | W12: 5.1059981 | X12: 2.9438633 | Y12: 1.6648414 | Z12: =+AVERAGE(H12:M12) -> 4.8559447 | AA12: =+AVERAGE(N12:S12) -> 4.0554703 | AB12: =+AVERAGE(T12:Y12) -> 4.4956151 | AC12: =+AVERAGE(H12:Y12) -> 4.46901 | AD12: =+AVERAGE(B12:Y12) -> 3.4338407
A13: 970 - CX22 UNIVERSAL | B13: 0.30806235 | C13: 0 | D13: 0 | E13: 0.31455556 | F13: 0 | G13: 0 | H13: 0 | I13: 0 | J13: 1.718092 | K13: 1.9838944 | L13: 1.6267052 | M13: 0.38544074 | N13: 0.38544074 | O13: 0 | P13: 0 | Q13: 0 | R13: 0.38544074 | S13: 0.38544074 | T13: 0.38544074 | U13: 0.38544074 | V13: 0 | W13: 0 | X13: 0 | Y13: 0 | Z13: =+AVERAGE(H13:M13) -> 0.9523554 | AA13: =+AVERAGE(N13:S13) -> 0.19272037 | AB13: =+AVERAGE(T13:Y13) -> 0.12848025 | AC13: =+AVERAGE(H13:Y13) -> 0.42451867 | AD13: =+AVERAGE(B13:Y13) -> 0.34433142
A14: 1010 - CX24 LA 1010 AM | B14: 0 | C14: 0 | D14: 0 | E14: 0 | F14: 0 | G14: 0 | H14: 0 | I14: 0.47542253 | J14: 1.0689812 | K14: 0.59355864 | L14: 0.59355864 | M14: 0.59355864 | N14: 0.31455556 | O14: 0.31455556 | P14: 0.31455556 | Q14: 3.2794154 | R14: 0 | S14: 0 | T14: 0 | U14: 0 | V14: 0 | W14: 0 | X14: 0 | Y14: 0.42051914 | Z14: =+AVERAGE(H14:M14) -> 0.55417994 | AA14: =+AVERAGE(N14:S14) -> 0.70384702 | AB14: =+AVERAGE(T14:Y14) -> 0.070086523 | AC14: =+AVERAGE(H14:Y14) -> 0.44270449 | AD14: =+AVERAGE(B14:Y14) -> 0.33202837
A15: 1050 - CX26 RADIO URUGUAY | B15: 0 | C15: 0 | D15: 0.11681142 | E15: 0 | F15: 0 | G15: 0 | H15: 0 | I15: 0 | J15: 0.11681142 | K15: 0.34310586 | L15: 0.34310586 | M15: 0 | N15: 0 | O15: 0 | P15: 0 | Q15: 0.11681142 | R15: 0 | S15: 0 | T15: 0 | U15: 0 | V15: 0 | W15: 0.11681142 | X15: 0 | Y15: 0 | Z15: =+AVERAGE(H15:M15) -> 0.13383719 | AA15: =+AVERAGE(N15:S15) -> 0.01946857 | AB15: =+AVERAGE(T15:Y15) -> 0.01946857 | AC15: =+AVERAGE(H15:Y15) -> 0.057591444 | AD15: =+AVERAGE(B15:Y15) -> 0.048060725
... A28: AM SIN IDENTIFICAR | B28: 0 | C28: 0 | D28: 0 | E28: 0 | F28: 0 | G28: 0 | H28: 0 | I28: 0 | J28: 0 | K28: 0 | L28: 0 | M28: 0 | N28: 0 | O28: 0 | P28: 0 | Q28: 0 | R28: 0 | S28: 0 | T28: 0 | U28: 0.062566049 | V28: 0.062566049 | W28: 0 | X28: 0 | Y28: 0 | Z28: =+AVERAGE(H28:M28) -> 0 | AA28: =+AVERAGE(N28:S28) -> 0 | AB28: =+AVERAGE(T28:Y28) -> 0.02085535 | AC28: =+AVERAGE(H28:Y28) -> 0.0069517833 | AD28: =+AVERAGE(B28:Y28) -> 0.0052138374
A29: SUB TOTAL AM | B29: =+SUM(B4:B28) -> 3.9973463 | C29: =+SUM(C4:C28) -> 2.902329 | D29: =+SUM(D4:D28) -> 1.3580759 | E29: =+SUM(E4:E28) -> 1.5558201 | F29: =+SUM(F4:F28) -> 1.2412645 | G29: =+SUM(G4:G28) -> 1.5934346 | H29: =+SUM(H4:H28) -> 0.94051574 | I29: =+SUM(I4:I28) -> 7.2585537 | ... Y29: =+SUM(Y4:Y28) -> 2.9894269 | Z29: =+AVERAGE(H29:M29) -> 10.111381 | AA29: =+AVERAGE(N29:S29) -> 8.5578995 | AB29: =+AVERAGE(T29:Y29) -> 7.0523687 | AC29: =+AVERAGE(H29:Y29) -> 8.5738832 | AD29: =+AVERAGE(B29:Y29) -> 6.9574237
A30: RATING GENERAL | B30: 7.7529951 | C30: 5.1490895 | D30: 3.2866617 | E30: 3.3644299 | F30: 4.5497176 | G30: 5.5108127 | H30: 7.6160846 | I30: 16.138494 | J30: 29.423097 | K30: 31.987276 | L30: 38.015175 | M30: 35.596892 | N30: 37.303998 | O30: 42.401546 | P30: 38.140733 | Q30: 38.539427 | R30: 33.091044 | S30: 32.541131 | T30: 32.168353 | U30: 22.436782 | V30: 19.148286 | W30: 14.334811 | X30: 8.5573068 | Y30: 6.0600451 | Z30: =+AVERAGE(H30:M30) -> 26.462837 | AA30: =+AVERAGE(N30:S30) -> 37.00298 | AB30: =+AVERAGE(T30:Y30) -> 17.117597 | AC30: =+AVERAGE(H30:Y30) -> 26.861138 | AD30: =+AVERAGE(B30:Y30) -> 21.379758
A32: CUADRO 26: RESUMEN DE RATING POR HORA - SEGMENTO D2E | FM | SABADO A DOMINGO
A33: RADIOS | B33: HORAS | Z33: PROMEDIO
B34: 00:00 - 00:59 | C34: 01:00 - 01:59 | D34: 02:00 - 02:59 | E34: 03:00 - 03:59 | F34: 04:00 - 04:59 | G34: 05:00 - 05:59 | H34: 06:00 - 06:59 | I34: 07:00 - 07:59 | J34: 08:00 - 08:59 | K34: 09:00 - 09:59 | L34: 10:00 - 10:59 | M34: 11:00 - 11:59 | N34: 12:00 - 12:59 | O34: 13:00 - 13:59 | P34: 14:00 - 14:59 | Q34: 15:00 - 15:59 | R34: 16:00 - 16:59 | S34: 17:00 - 17:59 | T34: 18:00 - 18:59 | U34: 19:00 - 19:59 | V34: 20:00 - 20:59 | W34: 21:00 - 21:59 | X34: 22:00 - 22:59 | Y34: 23:00 - 23:59 | Z34: 06:00 - 11:59 | AA34: 12:00 - 17:59 | AB34: 18:00 - 23:59 | AC34: 06:00 - 23:59 | AD34: 00:00 - 24:00
A35: 88.3 - LACOSTA | B35: 0 | C35: 0 | D35: 0 | E35: 0 | F35: 0 | G35: 0 | H35: 0 | I35: 0 | J35: 0.30806235 | K35: 0.044370679 | L35: 0 | M35: 0 | N35: 0 | O35: 0 | P35: 3.2794154 | Q35: 0 | R35: 0.044370679 | S35: 0.044370679 | T35: 0 | U35: 0 | V35: 0 | W35: 0 | X35: 0 | Y35: 0 | Z35: =+AVERAGE(H35:M35) -> 0.058738837 | AA35: =+AVERAGE(N35:S35) -> 0.56135947 | AB35: =+AVERAGE(T35:Y35) -> 0 | AC35: =+AVERAGE(H35:Y35) -> 0.20669943 | AD35: =+AVERAGE(B35:Y35) -> 0.15502458
A36: 90.3 - FM HIT (OLDIES) | B36: 0 | C36: 0 | D36: 0 | E36: 0 | F36: 0 | G36: 0.82167685 | H36: 0.82167685 | I36: 0.47542253 | J36: 0.72096512 | K36: 0.86686698 | L36: 1.1960207 | M36: 1.0684429 | N36: 1.3909568 | O36: 1.3337963 | P36: 1.3337963 | Q36: 1.6655991 | R36: 0.85542438 | S36: 0.85542438 | T36: 0.32467099 | U36: 0.28030031 | V36: 0.088741358 | W36: 0.088741358 | X36: 0 | Y36: 0 | Z36: =+AVERAGE(H36:M36) -> 0.85823251 | AA36: =+AVERAGE(N36:S36) -> 1.2391662 | AB36: =+AVERAGE(T36:Y36) -> 0.130409 | AC36: =+AVERAGE(H36:Y36) -> 0.74260257 | AD36: =+AVERAGE(B36:Y36) -> 0.59118846
A37: 91.1 - RADIO FUTURA | B37: 0 | C37: 0 | D37: 0 | E37: 0 | F37: 0 | G37: 0 | H37: 0 | I37: 0 | J37: 0 | K37: 0.90824722 | L37: 2.3283275 | M37: 2.3283275 | N37: 2.3283275 | O37: 2.6250015 | P37: 2.4061676 | Q37: 2.460379 | R37: 1.4742917 | S37: 1.4200802 | T37: 1.9508336 | U37: 1.3213802 | V37: 1.3213802 | W37: 1.2201667 | X37: 0.68941327 | Y37: 0.68941327 | Z37: =+AVERAGE(H37:M37) -> 0.92748369 | AA37: =+AVERAGE(N37:S37) -> 2.1190413 | AB37: =+AVERAGE(T37:Y37) -> 1.1987646 | AC37: =+AVERAGE(H37:Y37) -> 1.4150965 | AD37: =+AVERAGE(B37:Y37) -> 1.0613224
A38: 91.9 - FM LIKE | B38: 0 | C38: 0 | D38: 0 | E38: 0 | F38: 0 | G38: 0 | H38: 0 | I38: 0 | J38: 0 | K38: 0 | L38: 0.35012963 | M38: 0.35012963 | N38: 0.35012963 | O38: 0 | P38: 0 | Q38: 0 | R38: 0 | S38: 0 | T38: 0 | U38: 0.70558148 | V38: 0.70558148 | W38: 0.70558148 | X38: 0 | Y38: 0 | Z38: =+AVERAGE(H38:M38) -> 0.11670988 | AA38: =+AVERAGE(N38:S38) -> 0.058354938 | AB38: =+AVERAGE(T38:Y38) -> 0.35279074 | AC38: =+AVERAGE(H38:Y38) -> 0.17595185 | AD38: =+AVERAGE(B38:Y38) -> 0.13196389
A39: 92.5 - URBANA FM | B39: 0 | C39: 0 | D39: 0 | E39: 0 | F39: 0 | G39: 0 | H39: 0 | I39: 0 | J39: 0 | K39: 0 | L39: 0 | M39: 0 | N39: 0 | O39: 0 | P39: 0 | Q39: 0 | R39: 0 | S39: 0 | T39: 0 | U39: 0 | V39: 0 | W39: 0 | X39: 0 | Y39: 0 | Z39: =+AVERAGE(H39:M39) -> 0 | AA39: =+AVERAGE(N39:S39) -> 0 | AB39: =+AVERAGE(T39:Y39) -> 0 | AC39: =+AVERAGE(H39:Y39) -> 0 | AD39: =+AVERAGE(B39:Y39) -> 0
A40: 93.1 - INOLVIDABLE | B40: 0.65043025 | C40: 0.80864074 | D40: 0.43207932 | E40: 0.70594815 | F40: 1.6733438 | G40: 0.27386883 | H40: 1.8269398 | I40: 0.31180648 | J40: 1.5696861 | K40: 0.89880772 | L40: 1.6685497 | M40: 2.4018059 | N40: 2.047821 | O40: 1.8339028 | P40: 3.0860114 | Q40: 3.4463562 | R40: 3.7860426 | S40: 1.8438485 | T40: 2.0234179 | U40: 0.88759352 | V40: 1.1839833 | W40: 0.65030123 | X40: 0.63062284 | Y40: 0.65043025 | Z40: =+AVERAGE(H40:M40) -> 1.4462659 | AA40: =+AVERAGE(N40:S40) -> 2.6739971 | AB40: =+AVERAGE(T40:Y40) -> 1.0043915 | AC40: =+AVERAGE(H40:Y40) -> 1.7082182 | AD40: =+AVERAGE(B40:Y40) -> 1.4705099
A41: 93.9 - OCEANO | B41: 0 | C41: 0 | D41: 0 | E41: 0.11681142 | F41: 0 | G41: 0 | H41: 0.22623086 | I41: 0.22623086 | J41: 0.22623086 | K41: 0.47829907 | L41: 0.95657469 | M41: 0.83976327 | N41: 0.58769506 | O41: 0.58769506 | P41: 0 | Q41: 0.2122821 | R41: 0.11681142 | S41: 0 | T41: 0 | U41: 0 | V41: 0.11681142 | W41: 0 | X41: 0 | Y41: 0 | Z41: =+AVERAGE(H41:M41) -> 0.4922216 | AA41: =+AVERAGE(N41:S41) -> 0.25074727 | AB41: =+AVERAGE(T41:Y41) -> 0.01946857 | AC41: =+AVERAGE(H41:Y41) -> 0.25414582 | AD41: =+AVERAGE(B41:Y41) -> 0.1954765
A42: 94.7 - DEL SUR | B42: 0 | C42: 0 | D42: 0 | E42: 0 | F42: 0 | G42: 0.80671481 | H42: 0.80671481 | I42: 0.80671481 | J42: 0.80671481 | K42: 0 | L42: 0 | M42: 0.38263426 | N42: 0 | O42: 0.079088889 | P42: 0.079088889 | Q42: 0 | R42: 0 | S42: 0 | T42: 0 | U42: 0 | V42: 0 | W42: 0 | X42: 0 | Y42: 0.70558148 | Z42: =+AVERAGE(H42:M42) -> 0.46712978 | AA42: =+AVERAGE(N42:S42) -> 0.026362963 | AB42: =+AVERAGE(T42:Y42) -> 0.11759691 | AC42: =+AVERAGE(H42:Y42) -> 0.20369655 | AD42: =+AVERAGE(B42:Y42) -> 0.18638553
A43: 95.5 - DEL PLATA | B43: 0 | C43: 0 | D43: 0 | E43: 0 | F43: 0 | G43: 0 | H43: 0.73321574 | I43: 0.63254475 | J43: 0.63254475 | K43: 0.52298241 | L43: 1.5162185 | M43: 0.27495401 | N43: 0.68565586 | O43: 0.47542253 | P43: 0.47542253 | Q43: 0 | R43: 0 | S43: 0 | T43: 0 | U43: 0 | V43: 0 | W43: 0 | X43: 0 | Y43: 0 | Z43: =+AVERAGE(H43:M43) -> 0.71874336 | AA43: =+AVERAGE(N43:S43) -> 0.27275015 | AB43: =+AVERAGE(T43:Y43) -> 0 | AC43: =+AVERAGE(H43:Y43) -> 0.33049784 | AD43: =+AVERAGE(B43:Y43) -> 0.24787338
A44: 96.3 - ALFA | B44: 0.11681142 | C44: 0 | D44: 0 | E44: 0 | F44: 0 | G44: 0 | H44: 0 | I44: 0.11681142 | J44: 0.15622809 | K44: 0.15622809 | L44: 0.15622809 | M44: 0.15622809 | N44: 0.11475463 | O44: 0.11475463 | P44: 0.11681142 | Q44: 0 | R44: 0 | S44: 0 | T44: 0.11681142 | U44: 0 | V44: 0 | W44: 0 | X44: 0.11681142 | Y44: 0 | Z44: =+AVERAGE(H44:M44) -> 0.12362063 | AA44: =+AVERAGE(N44:S44) -> 0.057720113 | AB44: =+AVERAGE(T44:Y44) -> 0.03893714 | AC44: =+AVERAGE(H44:Y44) -> 0.07342596 | AD44: =+AVERAGE(B44:Y44) -> 0.059936613
A45: 97.1 - BABEL | B45: 0 | C45: 0 | D45: 0 | E45: 0 | F45: 0 | G45: 0 | H45: 0 | I45: 0 | J45: 0 | K45: 0 | L45: 0 | M45: 0 | N45: 0 | O45: 0 | P45: 0 | Q45: 0 | R45: 0 | S45: 0 | T45: 0 | U45: 0 | V45: 0 | W45: 0 | X45: 0 | Y45: 0 | Z45: =+AVERAGE(H45:M45) -> 0 | AA45: =+AVERAGE(N45:S45) -> 0 | AB45: =+AVERAGE(T45:Y45) -> 0 | AC45: =+AVERAGE(H45:Y45) -> 0 | AD45: =+AVERAGE(B45:Y45) -> 0
A46: 97.9 - M24 | B46: 0 | C46: 0 | D46: 0 | E46: 0 | F46: 0 | G46: 0 | H46: 0 | I46: 0.5307534 | J46: 0.5307534 | K46: 0.95127253 | L46: 1.2658281 | M46: 0.73507469 | N46: 0 | O46: 0.42051914 | P46: 0.42051914 | Q46: 0.9628821 | R46: 0.9628821 | S46: 0.42051914 | T46: 0.42051914 | U46: 0 | V46: 0 | W46: 0 | X46: 0 | Y46: 0 | Z46: =+AVERAGE(H46:M46) -> 0.66894702 | AA46: =+AVERAGE(N46:S46) -> 0.53122027 | AB46: =+AVERAGE(T46:Y46) -> 0.070086523 | AC46: =+AVERAGE(H46:Y46) -> 0.42341794 | AD46: =+AVERAGE(B46:Y46) -> 0.31756345
... A62: RATING GENERAL | B62: 7.7529951 | C62: 5.1490895 | D62: 3.2866617 | E62: 3.3644299 | F62: 4.5497176 | G62: 5.5108127 | H62: 7.6160846 | I62: 16.138494 | J62: 29.423097 | K62: 31.987276 | L62: 38.015175 | M62: 35.596892 | N62: 37.303998 | O62: 42.401546 | P62: 38.140733 | Q62: 38.539427 | R62: 33.091044 | S62: 32.541131 | T62: 32.168353 | U62: 22.436782 | V62: 19.148286 | W62: 14.334811 | X62: 8.5573068 | Y62: 6.0600451 | Z62: =+AVERAGE(H62:M62) -> 26.462837 | AA62: =+AVERAGE(N62:S62) -> 37.00298 | AB62: =+AVERAGE(T62:Y62) -> 17.117597 | AC62: =+AVERAGE(H62:Y62) -> 26.861138 | AD62: =+AVERAGE(B62:Y62) -> 21.379758

Sheet RatxNSE
A1: CUADROS 27 - 28: RESUMEN DE RATING PROMEDIO - HORA POR NIVEL SOCIOECONÓMICO | AM - FM
A3: CUADRO 27: RADIOS AM - LUNES A DOMINGO
A4: RADIOS | B4: ABC1 | C4: C2C3D1 | D4: D2E | E4: TOTAL
A5: 610 - CX4 RURAL | B5: 0.053376411 | C5: 0.4188929 | D5: 0.087222079 | E5: 0.27853482
A6: 650 - CX6 CLÁSICA | B6: 0.042769432 | C6: 0.0095300085 | D6: 0.0027812243 | E6: 0.016314449
A7: 690 - CX8 SARANDI | B7: 1.7605508 | C7: 0.93413375 | D7: 0.35946792 | E7: 1.0368987
A8: 730 - CX10 CONTINENTE | B8: 0.037229553 | C8: 0.071350796 | D8: 0.052946781 | E8: 0.060282611
A9: 770 - CX12 ORIENTAL | B9: 0.21232866 | C9: 0.15940115 | D9: 0.083011681 | E9: 0.15956988
A10: 810 - CX14 EL ESPECTADOR | B10: 0.94887828 | C10: 0.29705662 | D10: 0.14157078 | E10: 0.42634964
A11: 850 - CX16 CARVE | B11: 0.42968744 | C11: 0.31873537 | D11: 0.8939828 | E11: 0.4382211
A12: 890 - CX18 SPORT 890 | B12: 0.55594944 | C12: 0.86833309 | D12: 0.60007083 | E12: 0.75083968
A13: 930 - CX20 MONTECARLO | B13: 0.5138948 | C13: 1.9377268 | D13: 3.2133074 | E13: 1.8069227
A14: 970 - CX22 UNIVERSAL | B14: 0.069429207 | C14: 0.49226539 | D14: 0.19071937 | E14: 0.34320276
A15: 1010 - CX24 LA 1010 AM | B15: 0.23763228 | C15: 0.13271729 | D15: 0.4018642 | E15: 0.20118394
A16: 1050 - CX26 RADIO URUGUAY | B16: 0.1509899 | C16: 0.097712465 | D16: 0.21829849 | E16: 0.12987415
... A31: RATING GENERAL | B31: 21.48761 | C31: 25.171824 | D31: 24.099836 | E31: 24.125003
A33: CUADRO 28: RADIOS FM - LUNES A DOMINGO
A34: RADIOS | B34: ABC1 | C34: C2C3D1 | D34: D2E | E34: TOTAL
A35: 88.3 - LACOSTA | B35: 0.27427849 | C35: 0.2077452 | D35: 0.054298813 | E35: 0.19865528
A36: 90.3 - FM HIT (OLDIES) | B36: 0.50793359 | C36: 0.48657779 | D36: 0.43034252 | E36: 0.482529
A37: 91.1 - RADIO FUTURA | B37: 0.62512822 | C37: 0.61328435 | D37: 1.1 | E37: 0.71
A38: 91.9 - FM LIKE | B38: 0.7339516 | C38: 1.1337278 | D38: 0.082570936 | E38: 0.86869342
A39: 92.5 - URBANA FM | B39: 0.44695871 | C39: 0.44638746 | D39: 0.13466942 | E39: 0.39602452
A40: 93.1 - INOLVIDABLE | B40: 0.41608796 | C40: 2.1475278 | D40: 1.3215467 | E40: 1.6033676
A41: 93.9 - OCEANO | B41: 0.393574 | C41: 0.68715412 | D41: 0.12528523 | E41: 0.52655287
A42: 94.7 - DEL SUR | B42: 0.10066333 | C42: 0.087320195 | D42: 0.15179977 | E42: 0.10092821
A43: 95.5 - DEL PLATA | B43: 1.1631878 | C43: 1.3897609 | D43: 0.68103858 | E43: 1.2212501
A44: 96.3 - ALFA | B44: 0.044684617 | C44: 0.11223988 | D44: 0.054810281 | E44: 0.086925688
A45: 97.1 - BABEL | B45: 0.39862959 | C45: 0.45204421 | D45: 0.063981335 | E45: 0.37651876
A46: 97.9 - M24 | B46: 1.1972397 | C46: 0.29449458 | D46: 0.15747701 | E46: 0.48624834
... A62: RATING GENERAL | B62: 21.48761 | C62: 25.171824 | D62: 24.099836 | E62: 24.125003

Sheet RatxEdad
A1: CUADROS 29 - 30: RESUMEN DE RATING POR EDAD | AM - FM
A3: CUADRO 29: RADIOS AM - LUNES A DOMINGO
A4: RADIOS | B4: 12 - 17 | C4: 18 - 29 | D4: 30 - 39 | E4: 40 - 49 | F4: 50 - 59 | G4: >= 60 | H4: TOTAL
A5: 610 - CX4 RURAL | B5: 0.063245869 | C5: 0.073349949 | D5: 0.077187356 | E5: 0.10061181 | F5: 0.98754629 | G5: 0.38957888 | H5: 0.27853482
A6: 650 - CX6 CLÁSICA | B6: 0 | C6: 0.0020479924 | D6: 0 | E6: 0.02079594 | F6: 0.022280191 | G6: 0.041849011 | H6: 0.016314449
A7: 690 - CX8 SARANDI | B7: 0.06885869 | C7: 0.36035446 | D7: 0.79297341 | E7: 1.1981145 | F7: 0.99394087 | G7: 2.1611327 | H7: 1.0368987
A8: 730 - CX10 CONTINENTE | B8: 0.063245869 | C8: 0.010239962 | D8: 0.0076418137 | E8: 0.1699817 | F8: 0.099572287 | G8: 0.047690212 | H8: 0.060282611
A9: 770 - CX12 ORIENTAL | B9: 0.08497781 | C9: 0.004914118 | D9: 0.15474966 | E9: 0.025745909 | F9: 0.06931929 | G9: 0.4787694 | H9: 0.15956988
A10: 810 - CX14 EL ESPECTADOR | B10: 0.016119119 | C10: 0.34927538 | D10: 0.19217502 | E10: 0.45364257 | F10: 0.62675749 | G10: 0.69319549 | H10: 0.42634964
A11: 850 - CX16 CARVE | B11: 0 | C11: 0.053923028 | D11: 0.018804517 | E11: 0.33425053 | F11: 0.47426781 | G11: 1.3331573 | H11: 0.4382211
A12: 890 - CX18 SPORT 890 | B12: 0 | C12: 0.21756585 | D12: 0.78267332 | E12: 0.51488094 | F12: 1.5999896 | G12: 1.1682176 | H12: 0.75083968
A13: 930 - CX20 MONTECARLO | B13: 0.29324732 | C13: 0.051997973 | D13: 0.073528761 | E13: 0.83324241 | F13: 1.7683826 | G13: 6.0047764 | H13: 1.8069227
A14: 970 - CX22 UNIVERSAL | B14: 0.091598554 | C14: 0.014587979 | D14: 0.17619238 | E14: 0.13085239 | F14: 1.0128693 | G14: 0.60630991 | H14: 0.34320276
A15: 1010 - CX24 LA 1010 AM | B15: 0.063245869 | C15: 0.13395677 | D15: 0.23077769 | E15: 0.15309776 | F15: 0.093695672 | G15: 0.3916287 | H15: 0.20118394
A16: 1050 - CX26 RADIO URUGUAY | B16: 0.26813414 | C16: 0.016383939 | D16: 0.033947878 | E16: 0 | F16: 0.10810565 | G16: 0.34152323 | H16: 0.12987415
... A31: RATING GENERAL | B31: 4.3718664 | C31: 16.214914 | D31: 24.061209 | E31: 28.903417 | F31: 34.313049 | G31: 29.959959 | H31: 24.125003
A33: CUADRO 30: RADIOS FM - LUNES A DOMINGO
A34: RADIOS | B34: 12 - 17 | C34: 18 - 29 | D34: 30 - 39 | E34: 40 - 49 | F34: 50 - 59 | G34: >= 60 | H34: TOTAL
A35: 88.3 - LACOSTA | B35: 0.09377872 | C35: 0.44785204 | D35: 0.26237199 | E35: 0.28118323 | F35: 0.020890332 | G35: 0.004541677 | H35: 0.19865528
A36: 90.3 - FM HIT (OLDIES) | B36: 0 | C36: 0.13063256 | D36: 0.06476388 | E36: 0.77755241 | F36: 1.5313513 | G36: 0.48590408 | H36: 0.482529
A37: 91.1 - RADIO FUTURA | B37: 0.063245869 | C37: 0.7654144 | D37: 1.4157809 | E37: 1.6189041 | F37: 0.27587404 | G37: 0.056531605 | H37: 0.71
A38: 91.9 - FM LIKE | B38: 0.36704792 | C38: 1.2280344 | D38: 0.59636801 | E38: 1.9680339 | F38: 0.25872871 | G38: 0.5609191 | H38: 0.86869342
A39: 92.5 - URBANA FM | B39: 0.06885869 | C39: 0.1667896 | D39: 0.99448371 | E39: 0.38918307 | F39: 0.81773981 | G39: 0.045746423 | H39: 0.39602452
A40: 93.1 - INOLVIDABLE | B40: 0.32238238 | C40: 1.9169863 | D40: 1.4573545 | E40: 1.7390075 | F40: 1.8861836 | G40: 1.637936 | H40: 1.6033676
A41: 93.9 - OCEANO | B41: 0.048357357 | C41: 0.14975023 | D41: 0.70621916 | E41: 0.93811041 | F41: 0.92709087 | G41: 0.42698064 | H41: 0.52655287
A42: 94.7 - DEL SUR | B42: 0 | C42: 0.040994375 | D42: 0.14590117 | E42: 0.070234357 | F42: 0.30003474 | G42: 0.063331436 | H42: 0.10092821
A43: 95.5 - DEL PLATA | B43: 0.33005663 | C43: 0.60012613 | D43: 1.4704503 | E43: 2.405017 | F43: 2.1081681 | G43: 0.65366972 | H43: 1.2212501
A44: 96.3 - ALFA | B44: 0 | C44: 0.01655931 | D44: 0.020374653 | E44: 0.036956385 | F44: 0.08166324 | G44: 0.27322886 | H44: 0.086925688
A45: 97.1 - BABEL | B45: 0 | C45: 0.07621786 | D45: 0.60697658 | E45: 0.11282538 | F45: 0.67120215 | G45: 0.6333596 | H45: 0.37651876
A46: 97.9 - M24 | B46: 0 | C46: 0.013405574 | D46: 0.64257983 | E46: 0.11626029 | F46: 1.2661478 | G46: 0.77982958 | H46: 0.48624834
... A62: RATING GENERAL | B62: 4.3718664 | C62: 16.214914 | D62: 24.061209 | E62: 28.903417 | F62: 34.313049 | G62: 29.959959 | H62: 24.125003

Sheet RatxSexo
A1: CUADROS 31 - 32: RESUMEN DE RATING PROMEDIO-HORA POR SEXO | AM - FM
A3: CUADRO 31: RADIOS AM - LUNES A DOMINGO | F3: CUADRO 32: RADIOS FM - LUNES A DOMINGO
A4: RADIOS | B4: FEM. | C4: MASC. | D4: TOTAL | F4: RADIOS | G4: FEM. | H4: MASC. | I4: TOTAL
A5: 610 - CX4 RURAL | B5: 0.1459089 | C5: 0.43422612 | D5: 0.27853482 | F5: 88.3 - LACOSTA | G5: 0.069686219 | H5: 0.35005373 | I5: 0.19865528
A6: 650 - CX6 CLÁSICA | B6: 0.010171011 | C6: 0.023526311 | D6: 0.016314449 | F6: 90.3 - FM HIT (OLDIES) | G6: 0.4262223 | H6: 0.54862818 | I6: 0.482529
A7: 690 - CX8 SARANDI | B7: 1.0104625 | C7: 1.0679326 | D7: 1.0368987 | F7: 91.1 - RADIO FUTURA | G7: 0.6212366 | H7: 0.81389346 | I7: 0.71
A8: 730 - CX10 CONTINENTE | B8: 0.096644013 | C8: 0.017597487 | D8: 0.060282611 | F8: 91.9 - FM LIKE | G8: 0.76170058 | H8: 0.99429372 | I8: 0.86869342
A9: 770 - CX12 ORIENTAL | B9: 0.14069466 | C9: 0.18172775 | D9: 0.15956988 | F9: 92.5 - URBANA FM | G9: 0.29415699 | H9: 0.51560815 | I9: 0.39602452
A10: 810 - CX14 EL ESPECTADOR | B10: 0.40182699 | C10: 0.45513711 | D10: 0.42634964 | F10: 93.1 - INOLVIDABLE | G10: 1.8543662 | H10: 1.3087171 | I10: 1.6033676
A11: 850 - CX16 CARVE | B11: 0.46886817 | C11: 0.40224409 | D11: 0.4382211 | F11: 93.9 - OCEANO | G11: 0.34072222 | H11: 0.7447019 | I11: 0.52655287
A12: 890 - CX18 SPORT 890 | B12: 0.20077707 | C12: 1.3965653 | D12: 0.75083968 | F12: 94.7 - DEL SUR | G12: 0.10198145 | H12: 0.0996918 | I12: 0.10092821
A13: 930 - CX20 MONTECARLO | B13: 2.2245392 | C13: 1.3166772 | D13: 1.8069227 | F13: 95.5 - DEL PLATA | G13: 1.048634 | H13: 1.4238863 | I13: 1.2212501
A14: 970 - CX22 UNIVERSAL | B14: 0.2143443 | C14: 0.49447138 | D14: 0.34320276 | F14: 96.3 - ALFA | G14: 0.12484795 | H14: 0.042408248 | I14: 0.086925688
A15: 1010 - CX24 LA 1010 AM | B15: 0.062742189 | C15: 0.36370252 | D15: 0.20118394 | F15: 97.1 - BABEL | G15: 0.37437362 | H15: 0.37903698 | I15: 0.37651876
A16: 1050 - CX26 RADIO URUGUAY | B16: 0.1355805 | C16: 0.1231754 | D16: 0.12987415 | F16: 97.9 - M24 | G16: 0.26980111 | H16: 0.74033856 | I16: 0.48624834
... A31: RATING GENERAL | B31: 21.97883 | C31: 26.644424 | D31: 24.125003 | F31: SUB TOTAL FM | G31: 15.991635 | H31: 18.926373 | I31: 17.341614
F32: RATING GENERAL | G32: 21.97883 | H32: 26.644424 | I32: 24.125003

Sheet RatxLugar
A1: CUADRO 33: RESUMEN DE RATING POR LUGAR DE ESCUCHA
A2: LUNES A DOMINGO - 00:00 A 24:00 - AM/FM
A4: HORA | B4: HOGAR | C4: TRABAJO | D4: AUTO | E4: OTRO | F4: TOTAL
A5: 00:00 - 00:59 | B5: 4.3994693 | C5: 0.86686461 | D5: 0.35656446 | E5: 0.030644386 | F5: 5.6535428
A6: 01:00 - 01:59 | B6: 2.7500169 | C6: 0.60890841 | D6: 0 | E6: 0.0095876 | F6: 3.3685129
A7: 02:00 - 02:59 | B7: 1.9279917 | C7: 0.484064 | D7: 0.009746 | E7: 0 | F7: 2.4218017
A8: 03:00 - 03:59 | B8: 1.3706005 | C8: 0.56674997 | D8: 0.039442586 | E8: 0.0095876 | F8: 1.9863806
A9: 04:00 - 04:59 | B9: 1.6042672 | C9: 0.66384771 | D9: 0.14744756 | E9: 0 | F9: 2.4155625
A10: 05:00 - 05:59 | B10: 3.5776271 | C10: 1.1792361 | D10: 0.5455441 | E10: 0.043794886 | F10: 5.3462021
A11: 06:00 - 06:59 | B11: 8.5946146 | C11: 2.2130395 | D11: 1.3864452 | E11: 0.16414617 | F11: 12.358245
A12: 07:00 - 07:59 | B12: 17.451392 | C12: 5.0678906 | D12: 4.4243192 | E12: 0.55246689 | F12: 27.496069
A13: 08:00 - 08:59 | B13: 22.803327 | C13: 11.761181 | D13: 3.5368396 | E13: 0.80779641 | F13: 38.909144
A14: 09:00 - 09:59 | B14: 28.04112 | C14: 17.480282 | D14: 2.6355702 | E14: 1.3060101 | F14: 49.462982
A15: 10:00 - 10:59 | B15: 28.374775 | C15: 20.20051 | D15: 2.0508395 | E15: 0.89435839 | F15: 51.520483
A16: 11:00 - 11:59 | B16: 26.760713 | C16: 19.071326 | D16: 2.0213431 | E16: 0.92261186 | F16: 48.775993
... A33: 00:00 - 24:00 | B33: 13.180654 | C33: 8.6434282 | D33: 1.7441218 | E33: 0.55679904 | F33: 24.125003

Sheet Cobertura
A1: CUADRO 34: COBERTURA SEMANAL POR NIVEL SOCIOECONÓMICO, EDAD Y SEXO | AM | LUNES A DOMINGO
A2: RADIO | B2: TOTAL | C2: NSE | F2: EDAD | L2: SEXO
C3: ABC1 | D3: C2C3D1 | E3: D2E | F3: 12 - 17 | G3: 18 - 29 | H3: 30 - 39 | I3: 40 - 49 | J3: 50 - 59 | K3: >= 60 | L3: FEM. | M3: MASC.
A29: AM
A30: TOTAL
A32: CUADRO 35: COBERTURA SEMANAL POR NIVEL SOCIOECONÓMICO, EDAD Y SEXO | FM | LUNES A DOMINGO
A33: RADIO | B33: TOTAL | C33: NSE | F33: EDAD | L33: SEXO
C34: ABC1 | D34: C2C3D1 | E34: D2E | F34: 12 - 17 | G34: 18 - 29 | H34: 30 - 39 | I34: 40 - 49 | J34: 50 - 59 | K34: >= 60 | L34: FEM. | M34: MASC.
A61: FM
A62: TOTAL

Sheet ShaxHoraxLD
A1: CUADRO 36: RESUMEN DE SHARE POR HORA | AM | LUNES A DOMINGO
A2: RADIOS | B2: HORAS | Z2: PROMEDIO
B3: 00:00 - 00:59 | C3: 01:00 - 01:59 | D3: 02:00 - 02:59 | E3: 03:00 - 03:59 | F3: 04:00 - 04:59 | G3: 05:00 - 05:59 | H3: 06:00 - 06:59 | I3: 07:00 - 07:59 | J3: 08:00 - 08:59 | K3: 09:00 - 09:59 | L3: 10:00 - 10:59 | M3: 11:00 - 11:59 | N3: 12:00 - 12:59 | O3: 13:00 - 13:59 | P3: 14:00 - 14:59 | Q3: 15:00 - 15:59 | R3: 16:00 - 16:59 | S3: 17:00 - 17:59 | T3: 18:00 - 18:59 | U3: 19:00 - 19:59 | V3: 20:00 - 20:59 | W3: 21:00 - 21:59 | X3: 22:00 - 22:59 | Y3: 23:00 - 23:59 | Z3: 06:00 - 11:59 | AA3: 12:00 - 17:59 | AB3: 18:00 - 23:59 | AC3: 06:00 - 23:59 | AD3: 00:00 - 24:00
A4: 610 - CX4 RURAL | B4: 3.6866021 | C4: 7.7763254 | D4: 8.9829976 | E4: 0 | F4: 1.0486531 | G4: 1.3689462 | H4: 1.7070212 | I4: 1.6271571 | J4: 1.4649355 | K4: 1.0527013 | L4: 0.76486977 | M4: 0.65983924 | N4: 0.54467002 | O4: 1.163353 | P4: 0.81157791 | Q4: 0.78532555 | R4: 0.54542682 | S4: 0.60119602 | T4: 0.765232 | U4: 1.0895111 | V4: 1.6927597 | W4: 3.5158014 | X4: 4.3529911 | Y4: 3.920717 | Z4: 1.212754 | AA4: 0.74192489 | AB4: 2.5561687 | AC4: 1.5036159 | AD4: 2.0803588
